============================================================
TSUM on IEEE 57-bus DC-OPF (branches + buses)
============================================================

  Components:  137 total
    Generator buses: 7 (4-state)
    Ordinary buses:  50 (2-state)
    Branches:        80 (2-state)
  Max states:  4
  Threshold:   54.1% blackout (Scenario 1)
  Device:      cuda

Initialising DC-OPF system function...
DC-OPF sfun ready: 57 buses, 7 generators, 80 branches
  All operational: blackout=0.0000%, sys_st=1
  All failed:      blackout=100.0000%, sys_st=0

  Output:      /scratch/n74/hxr547/tsum/demos/case57/tsum_results_bus
  Samples:     1,000,000 per round (batch 100,000)
  Convergence: unk_prob < 1e-05

Starting rule extraction...

---
Round: 1, Unk. prob.: 1.000e+00
Surv probs: 0.000e+00, Fail probs: 0.000e+00
No. of non-dominant rules: 0, Survival rules: 0, Failure rules: 0
Survival sample found from sampling.
No. of existing rules removed:  0
New rule added. System state: 1, System value: 52.944415. Total samples: 100000.
New rule (No. of conditions: 8): {'vbus1': ('>=', 1), 'vbus6': ('>=', 2), 'vbus12': ('>=', 2), 'vbus16': ('>=', 1), 'vbus17': ('>=', 1), 'br17': ('>=', 1), 'br26': ('>=', 1), 'br27': ('>=', 1), 'sys': ('>=', 1)}
Updated sys_vals: [52.944]
---
Round: 2, Unk. prob.: 1.000e+00
Surv probs: 0.000e+00, Fail probs: 0.000e+00
No. of non-dominant rules: 1, Survival rules: 1, Failure rules: 0
Survival sample found from sampling.
No. of existing rules removed:  0
New rule added. System state: 1, System value: 53.469779. Total samples: 100000.
New rule (No. of conditions: 10): {'vbus1': ('>=', 1), 'vbus3': ('>=', 1), 'vbus6': ('>=', 2), 'vbus8': ('>=', 1), 'vbus9': ('>=', 1), 'vbus12': ('>=', 1), 'vbus15': ('>=', 1), 'vbus17': ('>=', 1), 'br17': ('>=', 1), 'br18': ('>=', 1), 'sys': ('>=', 1)}
Updated sys_vals: [52.944, 53.47]
---
Round: 3, Unk. prob.: 3.963e-01
Surv probs: 6.037e-01, Fail probs: 0.000e+00
No. of non-dominant rules: 2, Survival rules: 2, Failure rules: 0
Survival sample found from sampling.
No. of existing rules removed:  0
New rule added. System state: 1, System value: 53.629677. Total samples: 100000.
New rule (No. of conditions: 8): {'vbus1': ('>=', 1), 'vbus3': ('>=', 1), 'vbus6': ('>=', 2), 'vbus8': ('>=', 1), 'vbus9': ('>=', 2), 'vbus12': ('>=', 1), 'vbus15': ('>=', 1), 'br18': ('>=', 1), 'sys': ('>=', 1)}
Updated sys_vals: [52.944, 53.47, 53.63]
---
Round: 4, Unk. prob.: 2.377e-01
Surv probs: 7.623e-01, Fail probs: 0.000e+00
No. of non-dominant rules: 3, Survival rules: 3, Failure rules: 0
Survival sample found from sampling.
No. of existing rules removed:  0
New rule added. System state: 1, System value: 53.789575. Total samples: 100000.
New rule (No. of conditions: 9): {'vbus1': ('>=', 1), 'vbus3': ('>=', 1), 'vbus9': ('>=', 1), 'vbus12': ('>=', 2), 'vbus15': ('>=', 1), 'vbus16': ('>=', 1), 'br15': ('>=', 1), 'br16': ('>=', 1), 'br26': ('>=', 1), 'sys': ('>=', 1)}
Updated sys_vals: [52.944, 53.47, 53.63, 53.79]
---
Round: 5, Unk. prob.: 2.289e-01
Surv probs: 7.711e-01, Fail probs: 0.000e+00
No. of non-dominant rules: 4, Survival rules: 4, Failure rules: 0
Survival sample found from sampling.
No. of existing rules removed:  0
New rule added. System state: 1, System value: 54.079786. Total samples: 100000.
New rule (No. of conditions: 11): {'vbus1': ('>=', 1), 'vbus2': ('>=', 1), 'vbus6': ('>=', 2), 'vbus8': ('>=', 1), 'vbus9': ('>=', 2), 'vbus12': ('>=', 1), 'vbus13': ('>=', 1), 'vbus15': ('>=', 1), 'br12': ('>=', 1), 'br14': ('>=', 1), 'br15': ('>=', 1), 'sys': ('>=', 1)}
Updated sys_vals: [52.944, 53.47, 53.63, 53.79, 54.08]
---
Round: 6, Unk. prob.: 7.613e-02
Surv probs: 9.239e-01, Fail probs: 0.000e+00
No. of non-dominant rules: 5, Survival rules: 5, Failure rules: 0
Survival sample found from sampling.
No. of existing rules removed:  0
New rule added. System state: 1, System value: 53.598357. Total samples: 100000.
New rule (No. of conditions: 8): {'vbus1': ('>=', 1), 'vbus8': ('>=', 1), 'vbus9': ('>=', 1), 'vbus12': ('>=', 1), 'vbus16': ('>=', 1), 'br8': ('>=', 1), 'br16': ('>=', 1), 'br26': ('>=', 1), 'sys': ('>=', 1)}
Updated sys_vals: [52.944, 53.47, 53.598, 53.63, 53.79, 54.08]
---
Round: 7, Unk. prob.: 7.681e-02
Surv probs: 9.232e-01, Fail probs: 0.000e+00
No. of non-dominant rules: 6, Survival rules: 6, Failure rules: 0
Survival sample found from sampling.
No. of existing rules removed:  0
New rule added. System state: 1, System value: 53.759991. Total samples: 100000.
New rule (No. of conditions: 11): {'vbus3': ('>=', 2), 'vbus6': ('>=', 1), 'vbus9': ('>=', 1), 'vbus12': ('>=', 3), 'vbus13': ('>=', 1), 'vbus15': ('>=', 1), 'vbus17': ('>=', 1), 'br12': ('>=', 1), 'br14': ('>=', 1), 'br18': ('>=', 1), 'br27': ('>=', 1), 'sys': ('>=', 1)}
Updated sys_vals: [52.944, 53.47, 53.598, 53.63, 53.76, 53.79, 54.08]
---
Round: 8, Unk. prob.: 3.137e-02
Surv probs: 9.686e-01, Fail probs: 0.000e+00
No. of non-dominant rules: 7, Survival rules: 7, Failure rules: 0
Survival sample found from sampling.
No. of existing rules removed:  0
New rule added. System state: 1, System value: 53.989447. Total samples: 100000.
New rule (No. of conditions: 25): {'vbus1': ('>=', 1), 'vbus2': ('>=', 1), 'vbus3': ('>=', 1), 'vbus6': ('>=', 2), 'vbus8': ('>=', 1), 'vbus9': ('>=', 2), 'vbus11': ('>=', 1), 'vbus13': ('>=', 1), 'vbus14': ('>=', 1), 'vbus15': ('>=', 1), 'vbus17': ('>=', 1), 'vbus41': ('>=', 1), 'vbus43': ('>=', 1), 'vbus46': ('>=', 1), 'vbus47': ('>=', 1), 'br8': ('>=', 1), 'br13': ('>=', 1), 'br15': ('>=', 1), 'br17': ('>=', 1), 'br24': ('>=', 1), 'br28': ('>=', 1), 'br54': ('>=', 1), 'br59': ('>=', 1), 'br60': ('>=', 1), 'br71': ('>=', 1), 'sys': ('>=', 1)}
Updated sys_vals: [52.944, 53.47, 53.598, 53.63, 53.76, 53.79, 53.989, 54.08]
---
Round: 9, Unk. prob.: 2.676e-02
Surv probs: 9.732e-01, Fail probs: 0.000e+00
No. of non-dominant rules: 8, Survival rules: 8, Failure rules: 0
Survival sample found from sampling.
No. of existing rules removed:  0
New rule added. System state: 1, System value: 52.110649. Total samples: 100000.
New rule (No. of conditions: 6): {'vbus3': ('>=', 1), 'vbus8': ('>=', 1), 'vbus9': ('>=', 2), 'vbus10': ('>=', 1), 'vbus12': ('>=', 2), 'br9': ('>=', 1), 'sys': ('>=', 1)}
Updated sys_vals: [52.111, 52.944, 53.47, 53.598, 53.63, 53.76, 53.79, 53.989, 54.08]
---
Round: 10, Unk. prob.: 2.125e-02
Surv probs: 9.788e-01, Fail probs: 0.000e+00
No. of non-dominant rules: 9, Survival rules: 9, Failure rules: 0
Survival sample found from sampling.
No. of existing rules removed:  0
New rule added. System state: 1, System value: 50.911417. Total samples: 100000.
New rule (No. of conditions: 8): {'vbus1': ('>=', 1), 'vbus3': ('>=', 1), 'vbus6': ('>=', 1), 'vbus8': ('>=', 1), 'vbus12': ('>=', 2), 'vbus27': ('>=', 1), 'vbus28': ('>=', 1), 'br39': ('>=', 1), 'sys': ('>=', 1)}
Updated sys_vals: [50.911, 52.111, 52.944, 53.47, 53.598, 53.63, 53.76, 53.79, 53.989, 54.08]
---
Round: 11, Unk. prob.: 1.547e-02
Surv probs: 9.845e-01, Fail probs: 0.000e+00
No. of non-dominant rules: 10, Survival rules: 10, Failure rules: 0
Survival sample found from sampling.
No. of existing rules removed:  0
New rule added. System state: 1, System value: 53.78935. Total samples: 100000.
New rule (No. of conditions: 34): {'vbus1': ('>=', 1), 'vbus3': ('>=', 1), 'vbus4': ('>=', 1), 'vbus6': ('>=', 3), 'vbus7': ('>=', 1), 'vbus9': ('>=', 1), 'vbus11': ('>=', 1), 'vbus12': ('>=', 1), 'vbus13': ('>=', 1), 'vbus15': ('>=', 1), 'vbus17': ('>=', 1), 'vbus18': ('>=', 1), 'vbus29': ('>=', 1), 'vbus41': ('>=', 1), 'vbus49': ('>=', 1), 'vbus50': ('>=', 1), 'vbus56': ('>=', 1), 'vbus57': ('>=', 1), 'br3': ('>=', 1), 'br6': ('>=', 1), 'br12': ('>=', 1), 'br14': ('>=', 1), 'br15': ('>=', 1), 'br17': ('>=', 1), 'br18': ('>=', 1), 'br20': ('>=', 1), 'br24': ('>=', 1), 'br25': ('>=', 1), 'br41': ('>=', 1), 'br54': ('>=', 1), 'br63': ('>=', 1), 'br66': ('>=', 1), 'br74': ('>=', 1), 'br77': ('>=', 1), 'sys': ('>=', 1)}
Updated sys_vals: [50.911, 52.111, 52.944, 53.47, 53.598, 53.63, 53.76, 53.789, 53.79, 53.989, 54.08]
---
Round: 12, Unk. prob.: 1.335e-02
Surv probs: 9.867e-01, Fail probs: 0.000e+00
No. of non-dominant rules: 11, Survival rules: 11, Failure rules: 0
Survival sample found from sampling.
No. of existing rules removed:  0
New rule added. System state: 1, System value: 54.02753. Total samples: 100000.
New rule (No. of conditions: 35): {'vbus1': ('>=', 1), 'vbus2': ('>=', 1), 'vbus3': ('>=', 2), 'vbus4': ('>=', 1), 'vbus5': ('>=', 1), 'vbus6': ('>=', 2), 'vbus7': ('>=', 1), 'vbus8': ('>=', 2), 'vbus9': ('>=', 1), 'vbus10': ('>=', 1), 'vbus11': ('>=', 1), 'vbus18': ('>=', 1), 'vbus29': ('>=', 1), 'vbus41': ('>=', 1), 'vbus43': ('>=', 1), 'vbus50': ('>=', 1), 'vbus51': ('>=', 1), 'vbus52': ('>=', 1), 'vbus53': ('>=', 1), 'vbus54': ('>=', 1), 'br3': ('>=', 1), 'br4': ('>=', 1), 'br8': ('>=', 1), 'br9': ('>=', 1), 'br10': ('>=', 1), 'br19': ('>=', 1), 'br22': ('>=', 1), 'br41': ('>=', 1), 'br54': ('>=', 1), 'br64': ('>=', 1), 'br65': ('>=', 1), 'br67': ('>=', 1), 'br68': ('>=', 1), 'br69': ('>=', 1), 'br71': ('>=', 1), 'sys': ('>=', 1)}
Updated sys_vals: [50.911, 52.111, 52.944, 53.47, 53.598, 53.63, 53.76, 53.789, 53.79, 53.989, 54.028, 54.08]
---
Round: 13, Unk. prob.: 1.272e-02
Surv probs: 9.873e-01, Fail probs: 0.000e+00
No. of non-dominant rules: 12, Survival rules: 12, Failure rules: 0
Survival sample found from sampling.
No. of existing rules removed:  0
New rule added. System state: 1, System value: 53.108119. Total samples: 100000.
New rule (No. of conditions: 10): {'vbus3': ('>=', 1), 'vbus6': ('>=', 2), 'vbus8': ('>=', 2), 'vbus9': ('>=', 1), 'vbus10': ('>=', 1), 'vbus12': ('>=', 1), 'vbus13': ('>=', 1), 'br8': ('>=', 1), 'br9': ('>=', 1), 'br23': ('>=', 1), 'sys': ('>=', 1)}
Updated sys_vals: [50.911, 52.111, 52.944, 53.108, 53.47, 53.598, 53.63, 53.76, 53.789, 53.79, 53.989, 54.028, 54.08]
---
Round: 14, Unk. prob.: 1.158e-02
Surv probs: 9.884e-01, Fail probs: 0.000e+00
No. of non-dominant rules: 13, Survival rules: 13, Failure rules: 0
Survival sample found from sampling.
No. of existing rules removed:  0
New rule added. System state: 1, System value: 53.869524. Total samples: 100000.
New rule (No. of conditions: 37): {'vbus1': ('>=', 1), 'vbus2': ('>=', 2), 'vbus3': ('>=', 1), 'vbus4': ('>=', 1), 'vbus5': ('>=', 1), 'vbus7': ('>=', 1), 'vbus8': ('>=', 2), 'vbus9': ('>=', 1), 'vbus10': ('>=', 1), 'vbus14': ('>=', 1), 'vbus15': ('>=', 1), 'vbus16': ('>=', 1), 'vbus17': ('>=', 1), 'vbus27': ('>=', 1), 'vbus28': ('>=', 1), 'vbus29': ('>=', 1), 'vbus46': ('>=', 1), 'vbus47': ('>=', 1), 'vbus54': ('>=', 1), 'vbus55': ('>=', 1), 'br2': ('>=', 1), 'br3': ('>=', 1), 'br4': ('>=', 1), 'br8': ('>=', 1), 'br9': ('>=', 1), 'br16': ('>=', 1), 'br17': ('>=', 1), 'br18': ('>=', 1), 'br22': ('>=', 1), 'br28': ('>=', 1), 'br39': ('>=', 1), 'br40': ('>=', 1), 'br41': ('>=', 1), 'br59': ('>=', 1), 'br60': ('>=', 1), 'br70': ('>=', 1), 'br80': ('>=', 1), 'sys': ('>=', 1)}
Updated sys_vals: [50.911, 52.111, 52.944, 53.108, 53.47, 53.598, 53.63, 53.76, 53.789, 53.79, 53.87, 53.989, 54.028, 54.08]
---
Round: 15, Unk. prob.: 1.011e-02
Surv probs: 9.899e-01, Fail probs: 0.000e+00
No. of non-dominant rules: 14, Survival rules: 14, Failure rules: 0
Survival sample found from sampling.
No. of existing rules removed:  0
New rule added. System state: 1, System value: 54.061401. Total samples: 100000.
New rule (No. of conditions: 17): {'vbus1': ('>=', 1), 'vbus2': ('>=', 1), 'vbus3': ('>=', 2), 'vbus6': ('>=', 1), 'vbus7': ('>=', 1), 'vbus8': ('>=', 1), 'vbus12': ('>=', 1), 'vbus15': ('>=', 1), 'vbus16': ('>=', 1), 'vbus28': ('>=', 1), 'vbus29': ('>=', 1), 'br6': ('>=', 1), 'br16': ('>=', 1), 'br18': ('>=', 1), 'br22': ('>=', 1), 'br40': ('>=', 1), 'br41': ('>=', 1), 'sys': ('>=', 1)}
Updated sys_vals: [50.911, 52.111, 52.944, 53.108, 53.47, 53.598, 53.63, 53.76, 53.789, 53.79, 53.87, 53.989, 54.028, 54.061, 54.08]
---
Round: 16, Unk. prob.: 8.360e-03
Surv probs: 9.916e-01, Fail probs: 0.000e+00
No. of non-dominant rules: 15, Survival rules: 15, Failure rules: 0
Survival sample found from sampling.
No. of existing rules removed:  0
New rule added. System state: 1, System value: 53.743903. Total samples: 100000.
New rule (No. of conditions: 13): {'vbus1': ('>=', 1), 'vbus7': ('>=', 1), 'vbus8': ('>=', 1), 'vbus9': ('>=', 1), 'vbus12': ('>=', 1), 'vbus15': ('>=', 1), 'vbus17': ('>=', 1), 'vbus29': ('>=', 1), 'br15': ('>=', 1), 'br17': ('>=', 1), 'br22': ('>=', 1), 'br27': ('>=', 1), 'br41': ('>=', 1), 'sys': ('>=', 1)}
Updated sys_vals: [50.911, 52.111, 52.944, 53.108, 53.47, 53.598, 53.63, 53.744, 53.76, 53.789, 53.79, 53.87, 53.989, 54.028, 54.061, 54.08]
---
Round: 17, Unk. prob.: 6.930e-03
Surv probs: 9.931e-01, Fail probs: 0.000e+00
No. of non-dominant rules: 16, Survival rules: 16, Failure rules: 0
Survival sample found from sampling.
No. of existing rules removed:  0
New rule added. System state: 1, System value: 53.96776. Total samples: 100000.
New rule (No. of conditions: 13): {'vbus1': ('>=', 1), 'vbus2': ('>=', 1), 'vbus3': ('>=', 2), 'vbus4': ('>=', 1), 'vbus6': ('>=', 2), 'vbus9': ('>=', 2), 'vbus12': ('>=', 1), 'vbus17': ('>=', 1), 'vbus18': ('>=', 1), 'br3': ('>=', 1), 'br17': ('>=', 1), 'br19': ('>=', 1), 'br27': ('>=', 1), 'sys': ('>=', 1)}
Updated sys_vals: [50.911, 52.111, 52.944, 53.108, 53.47, 53.598, 53.63, 53.744, 53.76, 53.789, 53.79, 53.87, 53.968, 53.989, 54.028, 54.061, 54.08]
---
Round: 18, Unk. prob.: 6.080e-03
Surv probs: 9.939e-01, Fail probs: 0.000e+00
No. of non-dominant rules: 17, Survival rules: 17, Failure rules: 0
Survival sample found from sampling.
No. of existing rules removed:  0
New rule added. System state: 1, System value: 53.82395. Total samples: 100000.
New rule (No. of conditions: 28): {'vbus1': ('>=', 2), 'vbus3': ('>=', 1), 'vbus6': ('>=', 2), 'vbus8': ('>=', 1), 'vbus9': ('>=', 1), 'vbus13': ('>=', 1), 'vbus14': ('>=', 1), 'vbus15': ('>=', 1), 'vbus16': ('>=', 1), 'vbus17': ('>=', 1), 'vbus38': ('>=', 1), 'vbus44': ('>=', 1), 'vbus45': ('>=', 1), 'vbus46': ('>=', 1), 'vbus47': ('>=', 1), 'vbus49': ('>=', 1), 'br12': ('>=', 1), 'br14': ('>=', 1), 'br15': ('>=', 1), 'br16': ('>=', 1), 'br17': ('>=', 1), 'br28': ('>=', 1), 'br57': ('>=', 1), 'br58': ('>=', 1), 'br59': ('>=', 1), 'br60': ('>=', 1), 'br66': ('>=', 1), 'br72': ('>=', 1), 'sys': ('>=', 1)}
Updated sys_vals: [50.911, 52.111, 52.944, 53.108, 53.47, 53.598, 53.63, 53.744, 53.76, 53.789, 53.79, 53.824, 53.87, 53.968, 53.989, 54.028, 54.061, 54.08]
---
Round: 19, Unk. prob.: 5.430e-03
Surv probs: 9.946e-01, Fail probs: 0.000e+00
No. of non-dominant rules: 18, Survival rules: 18, Failure rules: 0
Survival sample found from sampling.
No. of existing rules removed:  0
New rule added. System state: 1, System value: 53.949472. Total samples: 100000.
New rule (No. of conditions: 16): {'vbus3': ('>=', 2), 'vbus4': ('>=', 1), 'vbus6': ('>=', 1), 'vbus8': ('>=', 1), 'vbus9': ('>=', 1), 'vbus12': ('>=', 1), 'vbus13': ('>=', 1), 'vbus14': ('>=', 1), 'vbus15': ('>=', 1), 'vbus18': ('>=', 1), 'br3': ('>=', 1), 'br8': ('>=', 1), 'br13': ('>=', 1), 'br18': ('>=', 1), 'br19': ('>=', 1), 'br28': ('>=', 1), 'sys': ('>=', 1)}
Updated sys_vals: [50.911, 52.111, 52.944, 53.108, 53.47, 53.598, 53.63, 53.744, 53.76, 53.789, 53.79, 53.824, 53.87, 53.949, 53.968, 53.989, 54.028, 54.061, 54.08]
---
Round: 20, Unk. prob.: 5.380e-03
Surv probs: 9.946e-01, Fail probs: 0.000e+00
No. of non-dominant rules: 19, Survival rules: 19, Failure rules: 0
Survival sample found from sampling.
No. of existing rules removed:  0
New rule added. System state: 1, System value: 54.063698. Total samples: 100000.
New rule (No. of conditions: 7): {'vbus1': ('>=', 1), 'vbus6': ('>=', 2), 'vbus8': ('>=', 1), 'vbus12': ('>=', 1), 'vbus17': ('>=', 1), 'br17': ('>=', 1), 'br27': ('>=', 1), 'sys': ('>=', 1)}
Updated sys_vals: [50.911, 52.111, 52.944, 53.108, 53.47, 53.598, 53.63, 53.744, 53.76, 53.789, 53.79, 53.824, 53.87, 53.949, 53.968, 53.989, 54.028, 54.061, 54.064, 54.08]
---
Round: 21, Unk. prob.: 4.300e-03
Surv probs: 9.957e-01, Fail probs: 0.000e+00
No. of non-dominant rules: 20, Survival rules: 20, Failure rules: 0
Survival sample found from sampling.
No. of existing rules removed:  0
New rule added. System state: 1, System value: 53.869524. Total samples: 100000.
New rule (No. of conditions: 11): {'vbus2': ('>=', 1), 'vbus3': ('>=', 1), 'vbus6': ('>=', 2), 'vbus8': ('>=', 1), 'vbus9': ('>=', 2), 'vbus10': ('>=', 1), 'vbus12': ('>=', 1), 'vbus51': ('>=', 1), 'br8': ('>=', 1), 'br9': ('>=', 1), 'br65': ('>=', 1), 'sys': ('>=', 1)}
---
Round: 22, Unk. prob.: 3.900e-03
Surv probs: 9.961e-01, Fail probs: 0.000e+00
No. of non-dominant rules: 21, Survival rules: 21, Failure rules: 0
Survival sample found from sampling.
No. of existing rules removed:  0
New rule added. System state: 1, System value: 53.893508. Total samples: 100000.
New rule (No. of conditions: 46): {'vbus2': ('>=', 2), 'vbus3': ('>=', 1), 'vbus4': ('>=', 1), 'vbus6': ('>=', 2), 'vbus7': ('>=', 1), 'vbus8': ('>=', 2), 'vbus9': ('>=', 1), 'vbus10': ('>=', 1), 'vbus11': ('>=', 1), 'vbus13': ('>=', 1), 'vbus14': ('>=', 1), 'vbus15': ('>=', 1), 'vbus18': ('>=', 1), 'vbus27': ('>=', 1), 'vbus28': ('>=', 1), 'vbus29': ('>=', 1), 'vbus44': ('>=', 1), 'vbus45': ('>=', 1), 'vbus46': ('>=', 1), 'vbus47': ('>=', 1), 'vbus52': ('>=', 1), 'vbus53': ('>=', 1), 'vbus54': ('>=', 1), 'vbus55': ('>=', 1), 'br2': ('>=', 1), 'br3': ('>=', 1), 'br5': ('>=', 1), 'br8': ('>=', 1), 'br9': ('>=', 1), 'br10': ('>=', 1), 'br18': ('>=', 1), 'br20': ('>=', 1), 'br22': ('>=', 1), 'br24': ('>=', 1), 'br28': ('>=', 1), 'br39': ('>=', 1), 'br40': ('>=', 1), 'br41': ('>=', 1), 'br58': ('>=', 1), 'br59': ('>=', 1), 'br60': ('>=', 1), 'br67': ('>=', 1), 'br68': ('>=', 1), 'br69': ('>=', 1), 'br72': ('>=', 1), 'br80': ('>=', 1), 'sys': ('>=', 1)}
Updated sys_vals: [50.911, 52.111, 52.944, 53.108, 53.47, 53.598, 53.63, 53.744, 53.76, 53.789, 53.79, 53.824, 53.87, 53.894, 53.949, 53.968, 53.989, 54.028, 54.061, 54.064, 54.08]
---
Round: 23, Unk. prob.: 3.570e-03
Surv probs: 9.964e-01, Fail probs: 0.000e+00
No. of non-dominant rules: 22, Survival rules: 22, Failure rules: 0
Survival sample found from sampling.
No. of existing rules removed:  0
New rule added. System state: 1, System value: 53.584005. Total samples: 100000.
New rule (No. of conditions: 8): {'vbus1': ('>=', 1), 'vbus3': ('>=', 1), 'vbus6': ('>=', 1), 'vbus8': ('>=', 1), 'vbus12': ('>=', 1), 'vbus17': ('>=', 1), 'br17': ('>=', 1), 'br27': ('>=', 1), 'sys': ('>=', 1)}
Updated sys_vals: [50.911, 52.111, 52.944, 53.108, 53.47, 53.584, 53.598, 53.63, 53.744, 53.76, 53.789, 53.79, 53.824, 53.87, 53.894, 53.949, 53.968, 53.989, 54.028, 54.061, 54.064, 54.08]
---
Round: 24, Unk. prob.: 3.990e-03
Surv probs: 9.960e-01, Fail probs: 0.000e+00
No. of non-dominant rules: 23, Survival rules: 23, Failure rules: 0
Survival sample found from sampling.
No. of existing rules removed:  0
New rule added. System state: 1, System value: 54.09338. Total samples: 100000.
New rule (No. of conditions: 25): {'vbus1': ('>=', 1), 'vbus2': ('>=', 1), 'vbus3': ('>=', 2), 'vbus4': ('>=', 1), 'vbus6': ('>=', 1), 'vbus8': ('>=', 1), 'vbus9': ('>=', 2), 'vbus13': ('>=', 1), 'vbus15': ('>=', 1), 'vbus17': ('>=', 1), 'vbus18': ('>=', 1), 'vbus38': ('>=', 1), 'vbus44': ('>=', 1), 'vbus45': ('>=', 1), 'br2': ('>=', 1), 'br3': ('>=', 1), 'br7': ('>=', 1), 'br8': ('>=', 1), 'br14': ('>=', 1), 'br17': ('>=', 1), 'br18': ('>=', 1), 'br20': ('>=', 1), 'br57': ('>=', 1), 'br58': ('>=', 1), 'br72': ('>=', 1), 'sys': ('>=', 1)}
Updated sys_vals: [50.911, 52.111, 52.944, 53.108, 53.47, 53.584, 53.598, 53.63, 53.744, 53.76, 53.789, 53.79, 53.824, 53.87, 53.894, 53.949, 53.968, 53.989, 54.028, 54.061, 54.064, 54.08, 54.093]
---
Round: 25, Unk. prob.: 3.700e-03
Surv probs: 9.963e-01, Fail probs: 0.000e+00
No. of non-dominant rules: 24, Survival rules: 24, Failure rules: 0
Survival sample found from sampling.
No. of existing rules removed:  0
New rule added. System state: 1, System value: 53.877216. Total samples: 100000.
New rule (No. of conditions: 13): {'vbus1': ('>=', 2), 'vbus2': ('>=', 1), 'vbus3': ('>=', 1), 'vbus6': ('>=', 2), 'vbus12': ('>=', 1), 'vbus15': ('>=', 1), 'vbus16': ('>=', 1), 'vbus17': ('>=', 1), 'br15': ('>=', 1), 'br16': ('>=', 1), 'br17': ('>=', 1), 'br26': ('>=', 1), 'br27': ('>=', 1), 'sys': ('>=', 1)}
Updated sys_vals: [50.911, 52.111, 52.944, 53.108, 53.47, 53.584, 53.598, 53.63, 53.744, 53.76, 53.789, 53.79, 53.824, 53.87, 53.877, 53.894, 53.949, 53.968, 53.989, 54.028, 54.061, 54.064, 54.08, 54.093]
---
Round: 26, Unk. prob.: 2.940e-03
Surv probs: 9.971e-01, Fail probs: 0.000e+00
No. of non-dominant rules: 25, Survival rules: 25, Failure rules: 0
Survival sample found from sampling.
No. of existing rules removed:  0
New rule added. System state: 1, System value: 53.976884. Total samples: 100000.
New rule (No. of conditions: 49): {'vbus1': ('>=', 1), 'vbus2': ('>=', 1), 'vbus3': ('>=', 1), 'vbus4': ('>=', 1), 'vbus6': ('>=', 1), 'vbus7': ('>=', 1), 'vbus8': ('>=', 1), 'vbus9': ('>=', 1), 'vbus13': ('>=', 1), 'vbus15': ('>=', 1), 'vbus17': ('>=', 1), 'vbus18': ('>=', 1), 'vbus19': ('>=', 1), 'vbus22': ('>=', 1), 'vbus23': ('>=', 1), 'vbus27': ('>=', 1), 'vbus28': ('>=', 1), 'vbus29': ('>=', 1), 'vbus37': ('>=', 1), 'vbus38': ('>=', 1), 'vbus39': ('>=', 1), 'vbus44': ('>=', 1), 'vbus45': ('>=', 1), 'vbus49': ('>=', 1), 'vbus52': ('>=', 1), 'vbus57': ('>=', 1), 'br2': ('>=', 1), 'br3': ('>=', 1), 'br6': ('>=', 1), 'br7': ('>=', 1), 'br12': ('>=', 1), 'br14': ('>=', 1), 'br15': ('>=', 1), 'br17': ('>=', 1), 'br20': ('>=', 1), 'br29': ('>=', 1), 'br33': ('>=', 1), 'br39': ('>=', 1), 'br40': ('>=', 1), 'br41': ('>=', 1), 'br50': ('>=', 1), 'br51': ('>=', 1), 'br53': ('>=', 1), 'br57': ('>=', 1), 'br58': ('>=', 1), 'br66': ('>=', 1), 'br67': ('>=', 1), 'br72': ('>=', 1), 'br76': ('>=', 1), 'sys': ('>=', 1)}
Updated sys_vals: [50.911, 52.111, 52.944, 53.108, 53.47, 53.584, 53.598, 53.63, 53.744, 53.76, 53.789, 53.79, 53.824, 53.87, 53.877, 53.894, 53.949, 53.968, 53.977, 53.989, 54.028, 54.061, 54.064, 54.08, 54.093]
---
Round: 27, Unk. prob.: 2.870e-03
Surv probs: 9.971e-01, Fail probs: 0.000e+00
No. of non-dominant rules: 26, Survival rules: 26, Failure rules: 0
Survival sample found from sampling.
No. of existing rules removed:  0
New rule added. System state: 1, System value: 53.999453. Total samples: 100000.
New rule (No. of conditions: 67): {'vbus1': ('>=', 2), 'vbus2': ('>=', 1), 'vbus3': ('>=', 1), 'vbus4': ('>=', 1), 'vbus5': ('>=', 1), 'vbus6': ('>=', 2), 'vbus7': ('>=', 1), 'vbus9': ('>=', 2), 'vbus11': ('>=', 1), 'vbus13': ('>=', 1), 'vbus14': ('>=', 1), 'vbus15': ('>=', 1), 'vbus16': ('>=', 1), 'vbus17': ('>=', 1), 'vbus18': ('>=', 1), 'vbus29': ('>=', 1), 'vbus31': ('>=', 1), 'vbus32': ('>=', 1), 'vbus33': ('>=', 1), 'vbus34': ('>=', 1), 'vbus35': ('>=', 1), 'vbus36': ('>=', 1), 'vbus37': ('>=', 1), 'vbus38': ('>=', 1), 'vbus39': ('>=', 1), 'vbus43': ('>=', 1), 'vbus44': ('>=', 1), 'vbus45': ('>=', 1), 'vbus46': ('>=', 1), 'vbus47': ('>=', 1), 'vbus48': ('>=', 1), 'vbus49': ('>=', 1), 'vbus50': ('>=', 1), 'vbus57': ('>=', 1), 'br2': ('>=', 1), 'br3': ('>=', 1), 'br4': ('>=', 1), 'br5': ('>=', 1), 'br6': ('>=', 1), 'br10': ('>=', 1), 'br13': ('>=', 1), 'br14': ('>=', 1), 'br15': ('>=', 1), 'br16': ('>=', 1), 'br17': ('>=', 1), 'br19': ('>=', 1), 'br24': ('>=', 1), 'br28': ('>=', 1), 'br40': ('>=', 1), 'br41': ('>=', 1), 'br44': ('>=', 1), 'br46': ('>=', 1), 'br47': ('>=', 1), 'br48': ('>=', 1), 'br49': ('>=', 1), 'br50': ('>=', 1), 'br51': ('>=', 1), 'br58': ('>=', 1), 'br59': ('>=', 1), 'br60': ('>=', 1), 'br61': ('>=', 1), 'br63': ('>=', 1), 'br66': ('>=', 1), 'br72': ('>=', 1), 'br76': ('>=', 1), 'br78': ('>=', 1), 'br79': ('>=', 1), 'sys': ('>=', 1)}
Updated sys_vals: [50.911, 52.111, 52.944, 53.108, 53.47, 53.584, 53.598, 53.63, 53.744, 53.76, 53.789, 53.79, 53.824, 53.87, 53.877, 53.894, 53.949, 53.968, 53.977, 53.989, 53.999, 54.028, 54.061, 54.064, 54.08, 54.093]
---
Round: 28, Unk. prob.: 2.660e-03
Surv probs: 9.973e-01, Fail probs: 0.000e+00
No. of non-dominant rules: 27, Survival rules: 27, Failure rules: 0
Survival sample found from sampling.
No. of existing rules removed:  0
New rule added. System state: 1, System value: 54.069396. Total samples: 100000.
New rule (No. of conditions: 15): {'vbus2': ('>=', 1), 'vbus3': ('>=', 2), 'vbus4': ('>=', 1), 'vbus6': ('>=', 3), 'vbus7': ('>=', 1), 'vbus9': ('>=', 2), 'vbus12': ('>=', 2), 'vbus18': ('>=', 1), 'vbus19': ('>=', 1), 'vbus29': ('>=', 1), 'br3': ('>=', 1), 'br6': ('>=', 1), 'br20': ('>=', 1), 'br29': ('>=', 1), 'br41': ('>=', 1), 'sys': ('>=', 1)}
Updated sys_vals: [50.911, 52.111, 52.944, 53.108, 53.47, 53.584, 53.598, 53.63, 53.744, 53.76, 53.789, 53.79, 53.824, 53.87, 53.877, 53.894, 53.949, 53.968, 53.977, 53.989, 53.999, 54.028, 54.061, 54.064, 54.069, 54.08, 54.093]
---
Round: 29, Unk. prob.: 2.560e-03
Surv probs: 9.974e-01, Fail probs: 0.000e+00
No. of non-dominant rules: 28, Survival rules: 28, Failure rules: 0
Survival sample found from sampling.
No. of existing rules removed:  0
New rule added. System state: 1, System value: 52.54621. Total samples: 100000.
New rule (No. of conditions: 24): {'vbus1': ('>=', 1), 'vbus2': ('>=', 1), 'vbus3': ('>=', 1), 'vbus4': ('>=', 1), 'vbus5': ('>=', 1), 'vbus6': ('>=', 2), 'vbus9': ('>=', 1), 'vbus11': ('>=', 1), 'vbus12': ('>=', 1), 'vbus13': ('>=', 1), 'vbus15': ('>=', 1), 'vbus17': ('>=', 1), 'vbus18': ('>=', 1), 'vbus49': ('>=', 1), 'br2': ('>=', 1), 'br3': ('>=', 1), 'br4': ('>=', 1), 'br14': ('>=', 1), 'br15': ('>=', 1), 'br17': ('>=', 1), 'br19': ('>=', 1), 'br27': ('>=', 1), 'br54': ('>=', 1), 'br66': ('>=', 1), 'sys': ('>=', 1)}
Updated sys_vals: [50.911, 52.111, 52.546, 52.944, 53.108, 53.47, 53.584, 53.598, 53.63, 53.744, 53.76, 53.789, 53.79, 53.824, 53.87, 53.877, 53.894, 53.949, 53.968, 53.977, 53.989, 53.999, 54.028, 54.061, 54.064, 54.069, 54.08, 54.093]
---
Round: 30, Unk. prob.: 2.430e-03
Surv probs: 9.976e-01, Fail probs: 0.000e+00
No. of non-dominant rules: 29, Survival rules: 29, Failure rules: 0
Failure sample found from sampling.
No. of existing rules removed:  0
New rule added. System state: 0, System value: 57.279908. Total samples: 100000.
New rule (No. of conditions: 3): {'vbus1': ('<=', 0), 'vbus8': ('<=', 0), 'vbus12': ('<=', 1), 'sys': ('<=', 0)}
Updated sys_vals: [50.911, 52.111, 52.546, 52.944, 53.108, 53.47, 53.584, 53.598, 53.63, 53.744, 53.76, 53.789, 53.79, 53.824, 53.87, 53.877, 53.894, 53.949, 53.968, 53.977, 53.989, 53.999, 54.028, 54.061, 54.064, 54.069, 54.08, 54.093, 57.28]
---
Round: 31, Unk. prob.: 2.190e-03
Surv probs: 9.978e-01, Fail probs: 0.000e+00
No. of non-dominant rules: 30, Survival rules: 29, Failure rules: 1
Survival sample found from sampling.
No. of existing rules removed:  0
New rule added. System state: 1, System value: 53.85145. Total samples: 100000.
New rule (No. of conditions: 25): {'vbus1': ('>=', 1), 'vbus6': ('>=', 2), 'vbus8': ('>=', 2), 'vbus9': ('>=', 1), 'vbus11': ('>=', 1), 'vbus13': ('>=', 1), 'vbus15': ('>=', 1), 'vbus16': ('>=', 1), 'vbus17': ('>=', 1), 'vbus38': ('>=', 1), 'vbus44': ('>=', 1), 'vbus45': ('>=', 1), 'vbus47': ('>=', 1), 'vbus48': ('>=', 1), 'br8': ('>=', 1), 'br10': ('>=', 1), 'br15': ('>=', 1), 'br16': ('>=', 1), 'br17': ('>=', 1), 'br24': ('>=', 1), 'br57': ('>=', 1), 'br58': ('>=', 1), 'br61': ('>=', 1), 'br72': ('>=', 1), 'br79': ('>=', 1), 'sys': ('>=', 1)}
Updated sys_vals: [50.911, 52.111, 52.546, 52.944, 53.108, 53.47, 53.584, 53.598, 53.63, 53.744, 53.76, 53.789, 53.79, 53.824, 53.851, 53.87, 53.877, 53.894, 53.949, 53.968, 53.977, 53.989, 53.999, 54.028, 54.061, 54.064, 54.069, 54.08, 54.093, 57.28]
---
Round: 32, Unk. prob.: 2.520e-03
Surv probs: 9.974e-01, Fail probs: 3.000e-05
No. of non-dominant rules: 31, Survival rules: 30, Failure rules: 1
Survival sample found from sampling.
No. of existing rules removed:  0
New rule added. System state: 1, System value: 53.349856. Total samples: 100000.
New rule (No. of conditions: 17): {'vbus2': ('>=', 1), 'vbus3': ('>=', 1), 'vbus7': ('>=', 1), 'vbus8': ('>=', 1), 'vbus12': ('>=', 2), 'vbus14': ('>=', 1), 'vbus15': ('>=', 1), 'vbus29': ('>=', 1), 'vbus44': ('>=', 1), 'vbus45': ('>=', 1), 'br2': ('>=', 1), 'br18': ('>=', 1), 'br22': ('>=', 1), 'br28': ('>=', 1), 'br41': ('>=', 1), 'br58': ('>=', 1), 'br72': ('>=', 1), 'sys': ('>=', 1)}
Updated sys_vals: [50.911, 52.111, 52.546, 52.944, 53.108, 53.35, 53.47, 53.584, 53.598, 53.63, 53.744, 53.76, 53.789, 53.79, 53.824, 53.851, 53.87, 53.877, 53.894, 53.949, 53.968, 53.977, 53.989, 53.999, 54.028, 54.061, 54.064, 54.069, 54.08, 54.093, 57.28]
---
Round: 33, Unk. prob.: 1.910e-03
Surv probs: 9.981e-01, Fail probs: 1.000e-05
No. of non-dominant rules: 32, Survival rules: 31, Failure rules: 1
Survival sample found from sampling.
No. of existing rules removed:  0
New rule added. System state: 1, System value: 53.794268. Total samples: 100000.
New rule (No. of conditions: 13): {'vbus1': ('>=', 1), 'vbus3': ('>=', 2), 'vbus6': ('>=', 1), 'vbus9': ('>=', 3), 'vbus12': ('>=', 1), 'vbus13': ('>=', 1), 'vbus15': ('>=', 1), 'vbus17': ('>=', 1), 'br12': ('>=', 1), 'br14': ('>=', 1), 'br17': ('>=', 1), 'br18': ('>=', 1), 'br27': ('>=', 1), 'sys': ('>=', 1)}
Updated sys_vals: [50.911, 52.111, 52.546, 52.944, 53.108, 53.35, 53.47, 53.584, 53.598, 53.63, 53.744, 53.76, 53.789, 53.79, 53.794, 53.824, 53.851, 53.87, 53.877, 53.894, 53.949, 53.968, 53.977, 53.989, 53.999, 54.028, 54.061, 54.064, 54.069, 54.08, 54.093, 57.28]
---
Round: 34, Unk. prob.: 1.830e-03
Surv probs: 9.981e-01, Fail probs: 3.000e-05
No. of non-dominant rules: 33, Survival rules: 32, Failure rules: 1
Survival sample found from sampling.
No. of existing rules removed:  0
New rule added. System state: 1, System value: 54.09338. Total samples: 100000.
New rule (No. of conditions: 37): {'vbus1': ('>=', 1), 'vbus2': ('>=', 1), 'vbus3': ('>=', 3), 'vbus4': ('>=', 1), 'vbus7': ('>=', 1), 'vbus8': ('>=', 1), 'vbus9': ('>=', 2), 'vbus10': ('>=', 1), 'vbus11': ('>=', 1), 'vbus13': ('>=', 1), 'vbus14': ('>=', 1), 'vbus15': ('>=', 1), 'vbus16': ('>=', 1), 'vbus17': ('>=', 1), 'vbus18': ('>=', 1), 'vbus19': ('>=', 1), 'vbus20': ('>=', 1), 'vbus29': ('>=', 1), 'vbus41': ('>=', 1), 'vbus56': ('>=', 1), 'br3': ('>=', 1), 'br8': ('>=', 1), 'br9': ('>=', 1), 'br12': ('>=', 1), 'br13': ('>=', 1), 'br16': ('>=', 1), 'br17': ('>=', 1), 'br18': ('>=', 1), 'br20': ('>=', 1), 'br22': ('>=', 1), 'br24': ('>=', 1), 'br28': ('>=', 1), 'br29': ('>=', 1), 'br30': ('>=', 1), 'br41': ('>=', 1), 'br54': ('>=', 1), 'br74': ('>=', 1), 'sys': ('>=', 1)}
---
Round: 35, Unk. prob.: 1.850e-03
Surv probs: 9.981e-01, Fail probs: 4.000e-05
No. of non-dominant rules: 34, Survival rules: 33, Failure rules: 1
Survival sample found from sampling.
No. of existing rules removed:  0
New rule added. System state: 1, System value: 53.981452. Total samples: 100000.
New rule (No. of conditions: 14): {'vbus2': ('>=', 1), 'vbus3': ('>=', 1), 'vbus6': ('>=', 1), 'vbus7': ('>=', 1), 'vbus8': ('>=', 2), 'vbus9': ('>=', 1), 'vbus12': ('>=', 1), 'vbus28': ('>=', 1), 'vbus29': ('>=', 1), 'br6': ('>=', 1), 'br7': ('>=', 1), 'br8': ('>=', 1), 'br40': ('>=', 1), 'br41': ('>=', 1), 'sys': ('>=', 1)}
Updated sys_vals: [50.911, 52.111, 52.546, 52.944, 53.108, 53.35, 53.47, 53.584, 53.598, 53.63, 53.744, 53.76, 53.789, 53.79, 53.794, 53.824, 53.851, 53.87, 53.877, 53.894, 53.949, 53.968, 53.977, 53.981, 53.989, 53.999, 54.028, 54.061, 54.064, 54.069, 54.08, 54.093, 57.28]
---
Round: 36, Unk. prob.: 1.580e-03
Surv probs: 9.984e-01, Fail probs: 3.000e-05
No. of non-dominant rules: 35, Survival rules: 34, Failure rules: 1
Survival sample found from sampling.
No. of existing rules removed:  0
New rule added. System state: 1, System value: 53.995471. Total samples: 100000.
New rule (No. of conditions: 21): {'vbus2': ('>=', 3), 'vbus3': ('>=', 1), 'vbus4': ('>=', 1), 'vbus9': ('>=', 3), 'vbus12': ('>=', 2), 'vbus13': ('>=', 1), 'vbus14': ('>=', 1), 'vbus15': ('>=', 1), 'vbus18': ('>=', 1), 'vbus19': ('>=', 1), 'vbus20': ('>=', 1), 'br2': ('>=', 1), 'br3': ('>=', 1), 'br12': ('>=', 1), 'br13': ('>=', 1), 'br14': ('>=', 1), 'br18': ('>=', 1), 'br20': ('>=', 1), 'br25': ('>=', 1), 'br29': ('>=', 1), 'br30': ('>=', 1), 'sys': ('>=', 1)}
Updated sys_vals: [50.911, 52.111, 52.546, 52.944, 53.108, 53.35, 53.47, 53.584, 53.598, 53.63, 53.744, 53.76, 53.789, 53.79, 53.794, 53.824, 53.851, 53.87, 53.877, 53.894, 53.949, 53.968, 53.977, 53.981, 53.989, 53.995, 53.999, 54.028, 54.061, 54.064, 54.069, 54.08, 54.093, 57.28]
---
Round: 37, Unk. prob.: 1.420e-03
Surv probs: 9.986e-01, Fail probs: 3.000e-05
No. of non-dominant rules: 36, Survival rules: 35, Failure rules: 1
Survival sample found from sampling.
No. of existing rules removed:  0
New rule added. System state: 1, System value: 54.057398. Total samples: 100000.
New rule (No. of conditions: 36): {'vbus2': ('>=', 1), 'vbus3': ('>=', 2), 'vbus4': ('>=', 1), 'vbus6': ('>=', 1), 'vbus7': ('>=', 1), 'vbus8': ('>=', 2), 'vbus12': ('>=', 1), 'vbus13': ('>=', 1), 'vbus15': ('>=', 1), 'vbus18': ('>=', 1), 'vbus27': ('>=', 1), 'vbus28': ('>=', 1), 'vbus29': ('>=', 1), 'vbus44': ('>=', 1), 'vbus45': ('>=', 1), 'vbus52': ('>=', 1), 'vbus53': ('>=', 1), 'vbus54': ('>=', 1), 'vbus55': ('>=', 1), 'br5': ('>=', 1), 'br7': ('>=', 1), 'br14': ('>=', 1), 'br18': ('>=', 1), 'br19': ('>=', 1), 'br22': ('>=', 1), 'br37': ('>=', 1), 'br39': ('>=', 1), 'br40': ('>=', 1), 'br41': ('>=', 1), 'br57': ('>=', 1), 'br58': ('>=', 1), 'br67': ('>=', 1), 'br68': ('>=', 1), 'br69': ('>=', 1), 'br70': ('>=', 1), 'br72': ('>=', 1), 'sys': ('>=', 1)}
Updated sys_vals: [50.911, 52.111, 52.546, 52.944, 53.108, 53.35, 53.47, 53.584, 53.598, 53.63, 53.744, 53.76, 53.789, 53.79, 53.794, 53.824, 53.851, 53.87, 53.877, 53.894, 53.949, 53.968, 53.977, 53.981, 53.989, 53.995, 53.999, 54.028, 54.057, 54.061, 54.064, 54.069, 54.08, 54.093, 57.28]
---
Round: 38, Unk. prob.: 1.630e-03
Surv probs: 9.983e-01, Fail probs: 2.000e-05
No. of non-dominant rules: 37, Survival rules: 36, Failure rules: 1
Survival sample found from sampling.
No. of existing rules removed:  0
New rule added. System state: 1, System value: 53.945427. Total samples: 100000.
New rule (No. of conditions: 35): {'vbus1': ('>=', 1), 'vbus2': ('>=', 1), 'vbus3': ('>=', 1), 'vbus4': ('>=', 1), 'vbus5': ('>=', 1), 'vbus6': ('>=', 1), 'vbus8': ('>=', 2), 'vbus9': ('>=', 1), 'vbus11': ('>=', 1), 'vbus16': ('>=', 1), 'vbus18': ('>=', 1), 'vbus19': ('>=', 1), 'vbus41': ('>=', 1), 'vbus43': ('>=', 1), 'vbus53': ('>=', 1), 'vbus54': ('>=', 1), 'vbus55': ('>=', 1), 'vbus56': ('>=', 1), 'vbus57': ('>=', 1), 'br2': ('>=', 1), 'br3': ('>=', 1), 'br4': ('>=', 1), 'br7': ('>=', 1), 'br8': ('>=', 1), 'br10': ('>=', 1), 'br16': ('>=', 1), 'br20': ('>=', 1), 'br29': ('>=', 1), 'br56': ('>=', 1), 'br69': ('>=', 1), 'br70': ('>=', 1), 'br71': ('>=', 1), 'br74': ('>=', 1), 'br77': ('>=', 1), 'br80': ('>=', 1), 'sys': ('>=', 1)}
Updated sys_vals: [50.911, 52.111, 52.546, 52.944, 53.108, 53.35, 53.47, 53.584, 53.598, 53.63, 53.744, 53.76, 53.789, 53.79, 53.794, 53.824, 53.851, 53.87, 53.877, 53.894, 53.945, 53.949, 53.968, 53.977, 53.981, 53.989, 53.995, 53.999, 54.028, 54.057, 54.061, 54.064, 54.069, 54.08, 54.093, 57.28]
---
Round: 39, Unk. prob.: 1.710e-03
Surv probs: 9.983e-01, Fail probs: 2.000e-05
No. of non-dominant rules: 38, Survival rules: 37, Failure rules: 1
Survival sample found from sampling.
No. of existing rules removed:  0
New rule added. System state: 1, System value: 54.053477. Total samples: 100000.
New rule (No. of conditions: 35): {'vbus1': ('>=', 1), 'vbus2': ('>=', 1), 'vbus6': ('>=', 2), 'vbus7': ('>=', 1), 'vbus9': ('>=', 3), 'vbus11': ('>=', 1), 'vbus12': ('>=', 1), 'vbus13': ('>=', 1), 'vbus14': ('>=', 1), 'vbus15': ('>=', 1), 'vbus17': ('>=', 1), 'vbus29': ('>=', 1), 'vbus41': ('>=', 1), 'vbus44': ('>=', 1), 'vbus45': ('>=', 1), 'vbus46': ('>=', 1), 'vbus47': ('>=', 1), 'vbus56': ('>=', 1), 'vbus57': ('>=', 1), 'br6': ('>=', 1), 'br12': ('>=', 1), 'br14': ('>=', 1), 'br15': ('>=', 1), 'br17': ('>=', 1), 'br24': ('>=', 1), 'br25': ('>=', 1), 'br28': ('>=', 1), 'br41': ('>=', 1), 'br54': ('>=', 1), 'br58': ('>=', 1), 'br59': ('>=', 1), 'br60': ('>=', 1), 'br72': ('>=', 1), 'br74': ('>=', 1), 'br77': ('>=', 1), 'sys': ('>=', 1)}
Updated sys_vals: [50.911, 52.111, 52.546, 52.944, 53.108, 53.35, 53.47, 53.584, 53.598, 53.63, 53.744, 53.76, 53.789, 53.79, 53.794, 53.824, 53.851, 53.87, 53.877, 53.894, 53.945, 53.949, 53.968, 53.977, 53.981, 53.989, 53.995, 53.999, 54.028, 54.053, 54.057, 54.061, 54.064, 54.069, 54.08, 54.093, 57.28]
---
Round: 40, Unk. prob.: 1.470e-03
Surv probs: 9.985e-01, Fail probs: 3.000e-05
No. of non-dominant rules: 39, Survival rules: 38, Failure rules: 1
Survival sample found from sampling.
No. of existing rules removed:  0
New rule added. System state: 1, System value: 54.013136. Total samples: 100000.
New rule (No. of conditions: 37): {'vbus1': ('>=', 2), 'vbus2': ('>=', 1), 'vbus3': ('>=', 2), 'vbus4': ('>=', 1), 'vbus5': ('>=', 1), 'vbus6': ('>=', 2), 'vbus7': ('>=', 1), 'vbus8': ('>=', 1), 'vbus13': ('>=', 1), 'vbus14': ('>=', 1), 'vbus15': ('>=', 1), 'vbus16': ('>=', 1), 'vbus17': ('>=', 1), 'vbus18': ('>=', 1), 'vbus19': ('>=', 1), 'vbus29': ('>=', 1), 'vbus44': ('>=', 1), 'vbus45': ('>=', 1), 'vbus49': ('>=', 1), 'vbus50': ('>=', 1), 'vbus52': ('>=', 1), 'br3': ('>=', 1), 'br4': ('>=', 1), 'br14': ('>=', 1), 'br15': ('>=', 1), 'br16': ('>=', 1), 'br17': ('>=', 1), 'br20': ('>=', 1), 'br22': ('>=', 1), 'br28': ('>=', 1), 'br29': ('>=', 1), 'br41': ('>=', 1), 'br58': ('>=', 1), 'br63': ('>=', 1), 'br66': ('>=', 1), 'br67': ('>=', 1), 'br72': ('>=', 1), 'sys': ('>=', 1)}
Updated sys_vals: [50.911, 52.111, 52.546, 52.944, 53.108, 53.35, 53.47, 53.584, 53.598, 53.63, 53.744, 53.76, 53.789, 53.79, 53.794, 53.824, 53.851, 53.87, 53.877, 53.894, 53.945, 53.949, 53.968, 53.977, 53.981, 53.989, 53.995, 53.999, 54.013, 54.028, 54.053, 54.057, 54.061, 54.064, 54.069, 54.08, 54.093, 57.28]
---
Round: 41, Unk. prob.: 1.580e-03
Surv probs: 9.984e-01, Fail probs: 0.000e+00
No. of non-dominant rules: 40, Survival rules: 39, Failure rules: 1
Survival sample found from sampling.
No. of existing rules removed:  0
New rule added. System state: 1, System value: 54.019047. Total samples: 100000.
New rule (No. of conditions: 38): {'vbus1': ('>=', 1), 'vbus6': ('>=', 1), 'vbus7': ('>=', 1), 'vbus8': ('>=', 1), 'vbus9': ('>=', 3), 'vbus11': ('>=', 1), 'vbus13': ('>=', 1), 'vbus14': ('>=', 1), 'vbus15': ('>=', 1), 'vbus29': ('>=', 1), 'vbus38': ('>=', 1), 'vbus41': ('>=', 1), 'vbus42': ('>=', 1), 'vbus44': ('>=', 1), 'vbus46': ('>=', 1), 'vbus47': ('>=', 1), 'vbus48': ('>=', 1), 'vbus49': ('>=', 1), 'vbus50': ('>=', 1), 'br7': ('>=', 1), 'br8': ('>=', 1), 'br12': ('>=', 1), 'br13': ('>=', 1), 'br14': ('>=', 1), 'br15': ('>=', 1), 'br22': ('>=', 1), 'br24': ('>=', 1), 'br28': ('>=', 1), 'br41': ('>=', 1), 'br54': ('>=', 1), 'br55': ('>=', 1), 'br57': ('>=', 1), 'br59': ('>=', 1), 'br60': ('>=', 1), 'br61': ('>=', 1), 'br63': ('>=', 1), 'br66': ('>=', 1), 'br79': ('>=', 1), 'sys': ('>=', 1)}
Updated sys_vals: [50.911, 52.111, 52.546, 52.944, 53.108, 53.35, 53.47, 53.584, 53.598, 53.63, 53.744, 53.76, 53.789, 53.79, 53.794, 53.824, 53.851, 53.87, 53.877, 53.894, 53.945, 53.949, 53.968, 53.977, 53.981, 53.989, 53.995, 53.999, 54.013, 54.019, 54.028, 54.053, 54.057, 54.061, 54.064, 54.069, 54.08, 54.093, 57.28]
---
Round: 42, Unk. prob.: 1.530e-03
Surv probs: 9.985e-01, Fail probs: 0.000e+00
No. of non-dominant rules: 41, Survival rules: 40, Failure rules: 1
Survival sample found from sampling.
No. of existing rules removed:  0
New rule added. System state: 1, System value: 53.709626. Total samples: 100000.
New rule (No. of conditions: 8): {'vbus1': ('>=', 1), 'vbus3': ('>=', 1), 'vbus4': ('>=', 1), 'vbus6': ('>=', 1), 'vbus9': ('>=', 3), 'vbus12': ('>=', 2), 'br3': ('>=', 1), 'br5': ('>=', 1), 'sys': ('>=', 1)}
Updated sys_vals: [50.911, 52.111, 52.546, 52.944, 53.108, 53.35, 53.47, 53.584, 53.598, 53.63, 53.71, 53.744, 53.76, 53.789, 53.79, 53.794, 53.824, 53.851, 53.87, 53.877, 53.894, 53.945, 53.949, 53.968, 53.977, 53.981, 53.989, 53.995, 53.999, 54.013, 54.019, 54.028, 54.053, 54.057, 54.061, 54.064, 54.069, 54.08, 54.093, 57.28]
---
Round: 43, Unk. prob.: 1.260e-03
Surv probs: 9.987e-01, Fail probs: 1.000e-05
No. of non-dominant rules: 42, Survival rules: 41, Failure rules: 1
Survival sample found from sampling.
No. of existing rules removed:  0
New rule added. System state: 1, System value: 54.094079. Total samples: 100000.
New rule (No. of conditions: 49): {'vbus2': ('>=', 2), 'vbus3': ('>=', 2), 'vbus4': ('>=', 1), 'vbus5': ('>=', 1), 'vbus6': ('>=', 2), 'vbus8': ('>=', 2), 'vbus9': ('>=', 1), 'vbus10': ('>=', 1), 'vbus11': ('>=', 1), 'vbus13': ('>=', 1), 'vbus15': ('>=', 1), 'vbus18': ('>=', 1), 'vbus19': ('>=', 1), 'vbus38': ('>=', 1), 'vbus41': ('>=', 1), 'vbus42': ('>=', 1), 'vbus43': ('>=', 1), 'vbus44': ('>=', 1), 'vbus45': ('>=', 1), 'vbus47': ('>=', 1), 'vbus48': ('>=', 1), 'vbus51': ('>=', 1), 'vbus53': ('>=', 1), 'vbus54': ('>=', 1), 'vbus55': ('>=', 1), 'vbus56': ('>=', 1), 'br2': ('>=', 1), 'br3': ('>=', 1), 'br4': ('>=', 1), 'br8': ('>=', 1), 'br9': ('>=', 1), 'br10': ('>=', 1), 'br12': ('>=', 1), 'br18': ('>=', 1), 'br19': ('>=', 1), 'br29': ('>=', 1), 'br56': ('>=', 1), 'br57': ('>=', 1), 'br58': ('>=', 1), 'br61': ('>=', 1), 'br65': ('>=', 1), 'br69': ('>=', 1), 'br70': ('>=', 1), 'br71': ('>=', 1), 'br72': ('>=', 1), 'br74': ('>=', 1), 'br75': ('>=', 1), 'br79': ('>=', 1), 'br80': ('>=', 1), 'sys': ('>=', 1)}
Updated sys_vals: [50.911, 52.111, 52.546, 52.944, 53.108, 53.35, 53.47, 53.584, 53.598, 53.63, 53.71, 53.744, 53.76, 53.789, 53.79, 53.794, 53.824, 53.851, 53.87, 53.877, 53.894, 53.945, 53.949, 53.968, 53.977, 53.981, 53.989, 53.995, 53.999, 54.013, 54.019, 54.028, 54.053, 54.057, 54.061, 54.064, 54.069, 54.08, 54.093, 54.094, 57.28]
---
Round: 44, Unk. prob.: 1.380e-03
Surv probs: 9.986e-01, Fail probs: 1.000e-05
No. of non-dominant rules: 43, Survival rules: 42, Failure rules: 1
Survival sample found from sampling.
No. of existing rules removed:  0
New rule added. System state: 1, System value: 53.901201. Total samples: 100000.
New rule (No. of conditions: 19): {'vbus1': ('>=', 2), 'vbus3': ('>=', 1), 'vbus4': ('>=', 1), 'vbus9': ('>=', 1), 'vbus12': ('>=', 1), 'vbus14': ('>=', 1), 'vbus15': ('>=', 1), 'vbus16': ('>=', 1), 'vbus17': ('>=', 1), 'vbus18': ('>=', 1), 'br3': ('>=', 1), 'br15': ('>=', 1), 'br16': ('>=', 1), 'br17': ('>=', 1), 'br18': ('>=', 1), 'br19': ('>=', 1), 'br26': ('>=', 1), 'br27': ('>=', 1), 'br28': ('>=', 1), 'sys': ('>=', 1)}
Updated sys_vals: [50.911, 52.111, 52.546, 52.944, 53.108, 53.35, 53.47, 53.584, 53.598, 53.63, 53.71, 53.744, 53.76, 53.789, 53.79, 53.794, 53.824, 53.851, 53.87, 53.877, 53.894, 53.901, 53.945, 53.949, 53.968, 53.977, 53.981, 53.989, 53.995, 53.999, 54.013, 54.019, 54.028, 54.053, 54.057, 54.061, 54.064, 54.069, 54.08, 54.093, 54.094, 57.28]
---
Round: 45, Unk. prob.: 1.170e-03
Surv probs: 9.988e-01, Fail probs: 2.000e-05
No. of non-dominant rules: 44, Survival rules: 43, Failure rules: 1
Survival sample found from sampling.
No. of existing rules removed:  0
New rule added. System state: 1, System value: 52.990086. Total samples: 100000.
New rule (No. of conditions: 4): {'vbus8': ('>=', 1), 'vbus9': ('>=', 1), 'vbus12': ('>=', 2), 'br8': ('>=', 1), 'sys': ('>=', 1)}
Updated sys_vals: [50.911, 52.111, 52.546, 52.944, 52.99, 53.108, 53.35, 53.47, 53.584, 53.598, 53.63, 53.71, 53.744, 53.76, 53.789, 53.79, 53.794, 53.824, 53.851, 53.87, 53.877, 53.894, 53.901, 53.945, 53.949, 53.968, 53.977, 53.981, 53.989, 53.995, 53.999, 54.013, 54.019, 54.028, 54.053, 54.057, 54.061, 54.064, 54.069, 54.08, 54.093, 54.094, 57.28]
---
Round: 46, Unk. prob.: 1.170e-03
Surv probs: 9.988e-01, Fail probs: 0.000e+00
No. of non-dominant rules: 45, Survival rules: 44, Failure rules: 1
Survival sample found from sampling.
No. of existing rules removed:  0
New rule added. System state: 1, System value: 54.043247. Total samples: 100000.
New rule (No. of conditions: 36): {'vbus1': ('>=', 1), 'vbus2': ('>=', 1), 'vbus3': ('>=', 1), 'vbus8': ('>=', 2), 'vbus9': ('>=', 1), 'vbus10': ('>=', 1), 'vbus11': ('>=', 1), 'vbus13': ('>=', 1), 'vbus14': ('>=', 1), 'vbus15': ('>=', 1), 'vbus16': ('>=', 1), 'vbus17': ('>=', 1), 'vbus41': ('>=', 1), 'vbus42': ('>=', 1), 'vbus49': ('>=', 1), 'vbus51': ('>=', 1), 'vbus54': ('>=', 1), 'vbus55': ('>=', 1), 'vbus56': ('>=', 1), 'br1': ('>=', 1), 'br2': ('>=', 1), 'br8': ('>=', 1), 'br9': ('>=', 1), 'br10': ('>=', 1), 'br14': ('>=', 1), 'br16': ('>=', 1), 'br17': ('>=', 1), 'br18': ('>=', 1), 'br28': ('>=', 1), 'br54': ('>=', 1), 'br65': ('>=', 1), 'br66': ('>=', 1), 'br70': ('>=', 1), 'br74': ('>=', 1), 'br75': ('>=', 1), 'br80': ('>=', 1), 'sys': ('>=', 1)}
Updated sys_vals: [50.911, 52.111, 52.546, 52.944, 52.99, 53.108, 53.35, 53.47, 53.584, 53.598, 53.63, 53.71, 53.744, 53.76, 53.789, 53.79, 53.794, 53.824, 53.851, 53.87, 53.877, 53.894, 53.901, 53.945, 53.949, 53.968, 53.977, 53.981, 53.989, 53.995, 53.999, 54.013, 54.019, 54.028, 54.043, 54.053, 54.057, 54.061, 54.064, 54.069, 54.08, 54.093, 54.094, 57.28]
---
Round: 47, Unk. prob.: 1.010e-03
Surv probs: 9.990e-01, Fail probs: 1.000e-05
No. of non-dominant rules: 46, Survival rules: 45, Failure rules: 1
Survival sample found from sampling.
No. of existing rules removed:  0
New rule added. System state: 1, System value: 54.07805. Total samples: 100000.
New rule (No. of conditions: 15): {'vbus1': ('>=', 1), 'vbus2': ('>=', 1), 'vbus3': ('>=', 1), 'vbus4': ('>=', 1), 'vbus5': ('>=', 1), 'vbus6': ('>=', 2), 'vbus9': ('>=', 2), 'vbus12': ('>=', 1), 'vbus16': ('>=', 1), 'vbus17': ('>=', 1), 'br3': ('>=', 1), 'br4': ('>=', 1), 'br16': ('>=', 1), 'br17': ('>=', 1), 'br26': ('>=', 1), 'sys': ('>=', 1)}
Updated sys_vals: [50.911, 52.111, 52.546, 52.944, 52.99, 53.108, 53.35, 53.47, 53.584, 53.598, 53.63, 53.71, 53.744, 53.76, 53.789, 53.79, 53.794, 53.824, 53.851, 53.87, 53.877, 53.894, 53.901, 53.945, 53.949, 53.968, 53.977, 53.981, 53.989, 53.995, 53.999, 54.013, 54.019, 54.028, 54.043, 54.053, 54.057, 54.061, 54.064, 54.069, 54.078, 54.08, 54.093, 54.094, 57.28]
---
Round: 48, Unk. prob.: 9.100e-04
Surv probs: 9.991e-01, Fail probs: 0.000e+00
No. of non-dominant rules: 47, Survival rules: 46, Failure rules: 1
Survival sample found from sampling.
No. of existing rules removed:  0
New rule added. System state: 1, System value: 53.949472. Total samples: 100000.
New rule (No. of conditions: 7): {'vbus1': ('>=', 1), 'vbus2': ('>=', 1), 'vbus4': ('>=', 1), 'vbus6': ('>=', 1), 'vbus8': ('>=', 1), 'vbus12': ('>=', 2), 'br5': ('>=', 1), 'sys': ('>=', 1)}
---
Round: 49, Unk. prob.: 9.500e-04
Surv probs: 9.990e-01, Fail probs: 3.000e-05
No. of non-dominant rules: 48, Survival rules: 47, Failure rules: 1
Survival sample found from sampling.
No. of existing rules removed:  0
New rule added. System state: 1, System value: 53.71828. Total samples: 100000.
New rule (No. of conditions: 18): {'vbus1': ('>=', 1), 'vbus3': ('>=', 1), 'vbus7': ('>=', 1), 'vbus8': ('>=', 1), 'vbus12': ('>=', 1), 'vbus13': ('>=', 1), 'vbus14': ('>=', 1), 'vbus15': ('>=', 1), 'vbus16': ('>=', 1), 'vbus29': ('>=', 1), 'vbus47': ('>=', 1), 'br13': ('>=', 1), 'br15': ('>=', 1), 'br16': ('>=', 1), 'br22': ('>=', 1), 'br26': ('>=', 1), 'br28': ('>=', 1), 'br41': ('>=', 1), 'sys': ('>=', 1)}
Updated sys_vals: [50.911, 52.111, 52.546, 52.944, 52.99, 53.108, 53.35, 53.47, 53.584, 53.598, 53.63, 53.71, 53.718, 53.744, 53.76, 53.789, 53.79, 53.794, 53.824, 53.851, 53.87, 53.877, 53.894, 53.901, 53.945, 53.949, 53.968, 53.977, 53.981, 53.989, 53.995, 53.999, 54.013, 54.019, 54.028, 54.043, 54.053, 54.057, 54.061, 54.064, 54.069, 54.078, 54.08, 54.093, 54.094, 57.28]
---
Round: 50, Unk. prob.: 9.800e-04
Surv probs: 9.990e-01, Fail probs: 1.000e-05
No. of non-dominant rules: 49, Survival rules: 48, Failure rules: 1
Survival sample found from sampling.
No. of existing rules removed:  0
New rule added. System state: 1, System value: 53.121842. Total samples: 100000.
New rule (No. of conditions: 22): {'vbus1': ('>=', 1), 'vbus3': ('>=', 2), 'vbus4': ('>=', 1), 'vbus6': ('>=', 1), 'vbus9': ('>=', 1), 'vbus12': ('>=', 1), 'vbus13': ('>=', 1), 'vbus15': ('>=', 1), 'vbus17': ('>=', 1), 'vbus18': ('>=', 1), 'vbus49': ('>=', 1), 'vbus50': ('>=', 1), 'br3': ('>=', 1), 'br5': ('>=', 1), 'br14': ('>=', 1), 'br15': ('>=', 1), 'br17': ('>=', 1), 'br18': ('>=', 1), 'br19': ('>=', 1), 'br27': ('>=', 1), 'br63': ('>=', 1), 'br66': ('>=', 1), 'sys': ('>=', 1)}
Updated sys_vals: [50.911, 52.111, 52.546, 52.944, 52.99, 53.108, 53.122, 53.35, 53.47, 53.584, 53.598, 53.63, 53.71, 53.718, 53.744, 53.76, 53.789, 53.79, 53.794, 53.824, 53.851, 53.87, 53.877, 53.894, 53.901, 53.945, 53.949, 53.968, 53.977, 53.981, 53.989, 53.995, 53.999, 54.013, 54.019, 54.028, 54.043, 54.053, 54.057, 54.061, 54.064, 54.069, 54.078, 54.08, 54.093, 54.094, 57.28]
---
Round: 51, Unk. prob.: 8.000e-04
Surv probs: 9.992e-01, Fail probs: 2.000e-05
No. of non-dominant rules: 50, Survival rules: 49, Failure rules: 1
Survival sample found from sampling.
No. of existing rules removed:  0
New rule added. System state: 1, System value: 53.864601. Total samples: 100000.
New rule (No. of conditions: 43): {'vbus1': ('>=', 2), 'vbus6': ('>=', 1), 'vbus7': ('>=', 1), 'vbus8': ('>=', 1), 'vbus9': ('>=', 1), 'vbus11': ('>=', 1), 'vbus13': ('>=', 1), 'vbus14': ('>=', 1), 'vbus15': ('>=', 1), 'vbus16': ('>=', 1), 'vbus17': ('>=', 1), 'vbus29': ('>=', 1), 'vbus37': ('>=', 1), 'vbus38': ('>=', 1), 'vbus39': ('>=', 1), 'vbus46': ('>=', 1), 'vbus47': ('>=', 1), 'vbus48': ('>=', 1), 'vbus49': ('>=', 1), 'vbus52': ('>=', 1), 'vbus53': ('>=', 1), 'vbus57': ('>=', 1), 'br7': ('>=', 1), 'br10': ('>=', 1), 'br14': ('>=', 1), 'br15': ('>=', 1), 'br16': ('>=', 1), 'br17': ('>=', 1), 'br22': ('>=', 1), 'br24': ('>=', 1), 'br28': ('>=', 1), 'br41': ('>=', 1), 'br50': ('>=', 1), 'br51': ('>=', 1), 'br58': ('>=', 1), 'br59': ('>=', 1), 'br60': ('>=', 1), 'br61': ('>=', 1), 'br66': ('>=', 1), 'br67': ('>=', 1), 'br68': ('>=', 1), 'br76': ('>=', 1), 'br79': ('>=', 1), 'sys': ('>=', 1)}
Updated sys_vals: [50.911, 52.111, 52.546, 52.944, 52.99, 53.108, 53.122, 53.35, 53.47, 53.584, 53.598, 53.63, 53.71, 53.718, 53.744, 53.76, 53.789, 53.79, 53.794, 53.824, 53.851, 53.865, 53.87, 53.877, 53.894, 53.901, 53.945, 53.949, 53.968, 53.977, 53.981, 53.989, 53.995, 53.999, 54.013, 54.019, 54.028, 54.043, 54.053, 54.057, 54.061, 54.064, 54.069, 54.078, 54.08, 54.093, 54.094, 57.28]
---
Round: 52, Unk. prob.: 1.000e-03
Surv probs: 9.990e-01, Fail probs: 1.000e-05
No. of non-dominant rules: 51, Survival rules: 50, Failure rules: 1
Survival sample found from sampling.
No. of existing rules removed:  0
New rule added. System state: 1, System value: 53.709626. Total samples: 100000.
New rule (No. of conditions: 9): {'vbus1': ('>=', 1), 'vbus3': ('>=', 1), 'vbus4': ('>=', 1), 'vbus6': ('>=', 1), 'vbus9': ('>=', 3), 'vbus12': ('>=', 2), 'vbus18': ('>=', 1), 'br3': ('>=', 1), 'br19': ('>=', 1), 'sys': ('>=', 1)}
---
Round: 53, Unk. prob.: 9.700e-04
Surv probs: 9.990e-01, Fail probs: 0.000e+00
No. of non-dominant rules: 52, Survival rules: 51, Failure rules: 1
Survival sample found from sampling.
No. of existing rules removed:  0
New rule added. System state: 1, System value: 54.089014. Total samples: 100000.
New rule (No. of conditions: 19): {'vbus1': ('>=', 1), 'vbus6': ('>=', 1), 'vbus7': ('>=', 1), 'vbus8': ('>=', 1), 'vbus12': ('>=', 1), 'vbus13': ('>=', 1), 'vbus14': ('>=', 1), 'vbus15': ('>=', 1), 'vbus16': ('>=', 1), 'vbus17': ('>=', 1), 'vbus29': ('>=', 1), 'br14': ('>=', 1), 'br15': ('>=', 1), 'br16': ('>=', 1), 'br17': ('>=', 1), 'br22': ('>=', 1), 'br25': ('>=', 1), 'br28': ('>=', 1), 'br41': ('>=', 1), 'sys': ('>=', 1)}
Updated sys_vals: [50.911, 52.111, 52.546, 52.944, 52.99, 53.108, 53.122, 53.35, 53.47, 53.584, 53.598, 53.63, 53.71, 53.718, 53.744, 53.76, 53.789, 53.79, 53.794, 53.824, 53.851, 53.865, 53.87, 53.877, 53.894, 53.901, 53.945, 53.949, 53.968, 53.977, 53.981, 53.989, 53.995, 53.999, 54.013, 54.019, 54.028, 54.043, 54.053, 54.057, 54.061, 54.064, 54.069, 54.078, 54.08, 54.089, 54.093, 54.094, 57.28]
---
Round: 54, Unk. prob.: 8.800e-04
Surv probs: 9.991e-01, Fail probs: 2.000e-05
No. of non-dominant rules: 53, Survival rules: 52, Failure rules: 1
Survival sample found from sampling.
No. of existing rules removed:  0
New rule added. System state: 1, System value: 53.504926. Total samples: 100000.
New rule (No. of conditions: 10): {'vbus1': ('>=', 1), 'vbus3': ('>=', 2), 'vbus4': ('>=', 1), 'vbus6': ('>=', 1), 'vbus12': ('>=', 2), 'vbus16': ('>=', 1), 'br3': ('>=', 1), 'br5': ('>=', 1), 'br16': ('>=', 1), 'br26': ('>=', 1), 'sys': ('>=', 1)}
Updated sys_vals: [50.911, 52.111, 52.546, 52.944, 52.99, 53.108, 53.122, 53.35, 53.47, 53.505, 53.584, 53.598, 53.63, 53.71, 53.718, 53.744, 53.76, 53.789, 53.79, 53.794, 53.824, 53.851, 53.865, 53.87, 53.877, 53.894, 53.901, 53.945, 53.949, 53.968, 53.977, 53.981, 53.989, 53.995, 53.999, 54.013, 54.019, 54.028, 54.043, 54.053, 54.057, 54.061, 54.064, 54.069, 54.078, 54.08, 54.089, 54.093, 54.094, 57.28]
---
Round: 55, Unk. prob.: 7.300e-04
Surv probs: 9.992e-01, Fail probs: 3.000e-05
No. of non-dominant rules: 54, Survival rules: 53, Failure rules: 1
Survival sample found from sampling.
No. of existing rules removed:  0
New rule added. System state: 1, System value: 53.949472. Total samples: 100000.
New rule (No. of conditions: 15): {'vbus3': ('>=', 2), 'vbus4': ('>=', 1), 'vbus6': ('>=', 1), 'vbus8': ('>=', 1), 'vbus9': ('>=', 1), 'vbus12': ('>=', 1), 'vbus13': ('>=', 1), 'vbus15': ('>=', 1), 'vbus18': ('>=', 1), 'br3': ('>=', 1), 'br8': ('>=', 1), 'br12': ('>=', 1), 'br14': ('>=', 1), 'br18': ('>=', 1), 'br19': ('>=', 1), 'sys': ('>=', 1)}
---
Round: 56, Unk. prob.: 9.100e-04
Surv probs: 9.991e-01, Fail probs: 2.000e-05
No. of non-dominant rules: 55, Survival rules: 54, Failure rules: 1
Survival sample found from sampling.
No. of existing rules removed:  0
New rule added. System state: 1, System value: 53.949472. Total samples: 100000.
New rule (No. of conditions: 8): {'vbus1': ('>=', 1), 'vbus2': ('>=', 1), 'vbus8': ('>=', 1), 'vbus12': ('>=', 2), 'vbus13': ('>=', 1), 'vbus15': ('>=', 1), 'br14': ('>=', 1), 'br15': ('>=', 1), 'sys': ('>=', 1)}
---
Round: 57, Unk. prob.: 7.700e-04
Surv probs: 9.992e-01, Fail probs: 2.000e-05
No. of non-dominant rules: 56, Survival rules: 55, Failure rules: 1
Survival sample found from sampling.
No. of existing rules removed:  0
New rule added. System state: 1, System value: 53.854322. Total samples: 100000.
New rule (No. of conditions: 52): {'vbus1': ('>=', 2), 'vbus2': ('>=', 1), 'vbus3': ('>=', 2), 'vbus4': ('>=', 1), 'vbus6': ('>=', 2), 'vbus7': ('>=', 1), 'vbus9': ('>=', 3), 'vbus11': ('>=', 1), 'vbus13': ('>=', 1), 'vbus14': ('>=', 1), 'vbus15': ('>=', 1), 'vbus16': ('>=', 1), 'vbus17': ('>=', 1), 'vbus18': ('>=', 1), 'vbus19': ('>=', 1), 'vbus27': ('>=', 1), 'vbus28': ('>=', 1), 'vbus29': ('>=', 1), 'vbus38': ('>=', 1), 'vbus41': ('>=', 1), 'vbus42': ('>=', 1), 'vbus44': ('>=', 1), 'vbus46': ('>=', 1), 'vbus47': ('>=', 1), 'vbus48': ('>=', 1), 'vbus49': ('>=', 1), 'vbus50': ('>=', 1), 'vbus56': ('>=', 1), 'br3': ('>=', 1), 'br5': ('>=', 1), 'br6': ('>=', 1), 'br13': ('>=', 1), 'br14': ('>=', 1), 'br15': ('>=', 1), 'br16': ('>=', 1), 'br17': ('>=', 1), 'br20': ('>=', 1), 'br24': ('>=', 1), 'br28': ('>=', 1), 'br29': ('>=', 1), 'br39': ('>=', 1), 'br40': ('>=', 1), 'br41': ('>=', 1), 'br54': ('>=', 1), 'br55': ('>=', 1), 'br57': ('>=', 1), 'br59': ('>=', 1), 'br60': ('>=', 1), 'br61': ('>=', 1), 'br63': ('>=', 1), 'br66': ('>=', 1), 'br79': ('>=', 1), 'sys': ('>=', 1)}
Updated sys_vals: [50.911, 52.111, 52.546, 52.944, 52.99, 53.108, 53.122, 53.35, 53.47, 53.505, 53.584, 53.598, 53.63, 53.71, 53.718, 53.744, 53.76, 53.789, 53.79, 53.794, 53.824, 53.851, 53.854, 53.865, 53.87, 53.877, 53.894, 53.901, 53.945, 53.949, 53.968, 53.977, 53.981, 53.989, 53.995, 53.999, 54.013, 54.019, 54.028, 54.043, 54.053, 54.057, 54.061, 54.064, 54.069, 54.078, 54.08, 54.089, 54.093, 54.094, 57.28]
---
Round: 58, Unk. prob.: 7.000e-04
Surv probs: 9.993e-01, Fail probs: 0.000e+00
No. of non-dominant rules: 57, Survival rules: 56, Failure rules: 1
Survival sample found from sampling.
No. of existing rules removed:  0
New rule added. System state: 1, System value: 52.802047. Total samples: 100000.
New rule (No. of conditions: 13): {'vbus1': ('>=', 1), 'vbus2': ('>=', 1), 'vbus3': ('>=', 1), 'vbus6': ('>=', 2), 'vbus9': ('>=', 1), 'vbus12': ('>=', 1), 'vbus16': ('>=', 1), 'vbus17': ('>=', 1), 'br1': ('>=', 1), 'br16': ('>=', 1), 'br17': ('>=', 1), 'br26': ('>=', 1), 'br27': ('>=', 1), 'sys': ('>=', 1)}
Updated sys_vals: [50.911, 52.111, 52.546, 52.802, 52.944, 52.99, 53.108, 53.122, 53.35, 53.47, 53.505, 53.584, 53.598, 53.63, 53.71, 53.718, 53.744, 53.76, 53.789, 53.79, 53.794, 53.824, 53.851, 53.854, 53.865, 53.87, 53.877, 53.894, 53.901, 53.945, 53.949, 53.968, 53.977, 53.981, 53.989, 53.995, 53.999, 54.013, 54.019, 54.028, 54.043, 54.053, 54.057, 54.061, 54.064, 54.069, 54.078, 54.08, 54.089, 54.093, 54.094, 57.28]
---
Round: 59, Unk. prob.: 9.500e-04
Surv probs: 9.990e-01, Fail probs: 1.000e-05
No. of non-dominant rules: 58, Survival rules: 57, Failure rules: 1
Survival sample found from sampling.
No. of existing rules removed:  0
New rule added. System state: 1, System value: 53.752918. Total samples: 100000.
New rule (No. of conditions: 33): {'vbus1': ('>=', 1), 'vbus2': ('>=', 1), 'vbus3': ('>=', 1), 'vbus4': ('>=', 1), 'vbus5': ('>=', 1), 'vbus6': ('>=', 2), 'vbus8': ('>=', 1), 'vbus9': ('>=', 2), 'vbus11': ('>=', 1), 'vbus13': ('>=', 1), 'vbus14': ('>=', 1), 'vbus15': ('>=', 1), 'vbus38': ('>=', 1), 'vbus41': ('>=', 1), 'vbus42': ('>=', 1), 'vbus43': ('>=', 1), 'vbus46': ('>=', 1), 'vbus47': ('>=', 1), 'vbus49': ('>=', 1), 'br3': ('>=', 1), 'br4': ('>=', 1), 'br8': ('>=', 1), 'br14': ('>=', 1), 'br15': ('>=', 1), 'br24': ('>=', 1), 'br28': ('>=', 1), 'br55': ('>=', 1), 'br56': ('>=', 1), 'br59': ('>=', 1), 'br60': ('>=', 1), 'br66': ('>=', 1), 'br71': ('>=', 1), 'br78': ('>=', 1), 'sys': ('>=', 1)}
Updated sys_vals: [50.911, 52.111, 52.546, 52.802, 52.944, 52.99, 53.108, 53.122, 53.35, 53.47, 53.505, 53.584, 53.598, 53.63, 53.71, 53.718, 53.744, 53.753, 53.76, 53.789, 53.79, 53.794, 53.824, 53.851, 53.854, 53.865, 53.87, 53.877, 53.894, 53.901, 53.945, 53.949, 53.968, 53.977, 53.981, 53.989, 53.995, 53.999, 54.013, 54.019, 54.028, 54.043, 54.053, 54.057, 54.061, 54.064, 54.069, 54.078, 54.08, 54.089, 54.093, 54.094, 57.28]
---
Round: 60, Unk. prob.: 7.000e-04
Surv probs: 9.992e-01, Fail probs: 7.000e-05
No. of non-dominant rules: 59, Survival rules: 58, Failure rules: 1
Survival sample found from sampling.
No. of existing rules removed:  0
New rule added. System state: 1, System value: 54.056635. Total samples: 100000.
New rule (No. of conditions: 24): {'vbus1': ('>=', 1), 'vbus2': ('>=', 1), 'vbus3': ('>=', 2), 'vbus4': ('>=', 1), 'vbus5': ('>=', 1), 'vbus6': ('>=', 1), 'vbus8': ('>=', 2), 'vbus9': ('>=', 1), 'vbus10': ('>=', 1), 'vbus13': ('>=', 1), 'vbus16': ('>=', 1), 'vbus17': ('>=', 1), 'vbus18': ('>=', 1), 'vbus19': ('>=', 1), 'br3': ('>=', 1), 'br7': ('>=', 1), 'br8': ('>=', 1), 'br9': ('>=', 1), 'br12': ('>=', 1), 'br16': ('>=', 1), 'br17': ('>=', 1), 'br20': ('>=', 1), 'br21': ('>=', 1), 'br29': ('>=', 1), 'sys': ('>=', 1)}
---
Round: 61, Unk. prob.: 7.100e-04
Surv probs: 9.993e-01, Fail probs: 1.000e-05
No. of non-dominant rules: 60, Survival rules: 59, Failure rules: 1
Survival sample found from sampling.
No. of existing rules removed:  0
New rule added. System state: 1, System value: 54.016454. Total samples: 100000.
New rule (No. of conditions: 18): {'vbus1': ('>=', 1), 'vbus8': ('>=', 1), 'vbus9': ('>=', 1), 'vbus11': ('>=', 1), 'vbus12': ('>=', 1), 'vbus13': ('>=', 1), 'vbus15': ('>=', 1), 'vbus38': ('>=', 1), 'vbus49': ('>=', 1), 'vbus50': ('>=', 1), 'br8': ('>=', 1), 'br10': ('>=', 1), 'br14': ('>=', 1), 'br15': ('>=', 1), 'br24': ('>=', 1), 'br63': ('>=', 1), 'br66': ('>=', 1), 'br78': ('>=', 1), 'sys': ('>=', 1)}
Updated sys_vals: [50.911, 52.111, 52.546, 52.802, 52.944, 52.99, 53.108, 53.122, 53.35, 53.47, 53.505, 53.584, 53.598, 53.63, 53.71, 53.718, 53.744, 53.753, 53.76, 53.789, 53.79, 53.794, 53.824, 53.851, 53.854, 53.865, 53.87, 53.877, 53.894, 53.901, 53.945, 53.949, 53.968, 53.977, 53.981, 53.989, 53.995, 53.999, 54.013, 54.016, 54.019, 54.028, 54.043, 54.053, 54.057, 54.061, 54.064, 54.069, 54.078, 54.08, 54.089, 54.093, 54.094, 57.28]
---
Round: 62, Unk. prob.: 8.200e-04
Surv probs: 9.992e-01, Fail probs: 1.000e-05
No. of non-dominant rules: 61, Survival rules: 60, Failure rules: 1
Survival sample found from sampling.
No. of existing rules removed:  0
New rule added. System state: 1, System value: 54.090042. Total samples: 100000.
New rule (No. of conditions: 59): {'vbus1': ('>=', 1), 'vbus2': ('>=', 1), 'vbus3': ('>=', 1), 'vbus4': ('>=', 1), 'vbus5': ('>=', 1), 'vbus6': ('>=', 1), 'vbus7': ('>=', 1), 'vbus8': ('>=', 2), 'vbus11': ('>=', 1), 'vbus13': ('>=', 1), 'vbus14': ('>=', 1), 'vbus15': ('>=', 1), 'vbus16': ('>=', 1), 'vbus17': ('>=', 1), 'vbus22': ('>=', 1), 'vbus23': ('>=', 1), 'vbus29': ('>=', 1), 'vbus36': ('>=', 1), 'vbus37': ('>=', 1), 'vbus38': ('>=', 1), 'vbus40': ('>=', 1), 'vbus41': ('>=', 1), 'vbus43': ('>=', 1), 'vbus44': ('>=', 1), 'vbus45': ('>=', 1), 'vbus49': ('>=', 1), 'vbus52': ('>=', 1), 'vbus53': ('>=', 1), 'vbus56': ('>=', 1), 'vbus57': ('>=', 1), 'br1': ('>=', 1), 'br3': ('>=', 1), 'br4': ('>=', 1), 'br6': ('>=', 1), 'br13': ('>=', 1), 'br14': ('>=', 1), 'br15': ('>=', 1), 'br16': ('>=', 1), 'br17': ('>=', 1), 'br22': ('>=', 1), 'br24': ('>=', 1), 'br28': ('>=', 1), 'br33': ('>=', 1), 'br41': ('>=', 1), 'br49': ('>=', 1), 'br50': ('>=', 1), 'br52': ('>=', 1), 'br53': ('>=', 1), 'br54': ('>=', 1), 'br56': ('>=', 1), 'br57': ('>=', 1), 'br58': ('>=', 1), 'br67': ('>=', 1), 'br68': ('>=', 1), 'br72': ('>=', 1), 'br73': ('>=', 1), 'br74': ('>=', 1), 'br77': ('>=', 1), 'br78': ('>=', 1), 'sys': ('>=', 1)}
Updated sys_vals: [50.911, 52.111, 52.546, 52.802, 52.944, 52.99, 53.108, 53.122, 53.35, 53.47, 53.505, 53.584, 53.598, 53.63, 53.71, 53.718, 53.744, 53.753, 53.76, 53.789, 53.79, 53.794, 53.824, 53.851, 53.854, 53.865, 53.87, 53.877, 53.894, 53.901, 53.945, 53.949, 53.968, 53.977, 53.981, 53.989, 53.995, 53.999, 54.013, 54.016, 54.019, 54.028, 54.043, 54.053, 54.057, 54.061, 54.064, 54.069, 54.078, 54.08, 54.089, 54.09, 54.093, 54.094, 57.28]
---
Round: 63, Unk. prob.: 8.500e-04
Surv probs: 9.991e-01, Fail probs: 2.000e-05
No. of non-dominant rules: 62, Survival rules: 61, Failure rules: 1
Survival sample found from sampling.
No. of existing rules removed:  0
New rule added. System state: 1, System value: 53.899231. Total samples: 100000.
New rule (No. of conditions: 36): {'vbus1': ('>=', 1), 'vbus2': ('>=', 2), 'vbus3': ('>=', 1), 'vbus8': ('>=', 1), 'vbus9': ('>=', 1), 'vbus13': ('>=', 1), 'vbus14': ('>=', 1), 'vbus15': ('>=', 1), 'vbus16': ('>=', 1), 'vbus17': ('>=', 1), 'vbus22': ('>=', 1), 'vbus23': ('>=', 1), 'vbus24': ('>=', 1), 'vbus25': ('>=', 1), 'vbus38': ('>=', 1), 'vbus44': ('>=', 1), 'vbus45': ('>=', 1), 'vbus49': ('>=', 1), 'vbus50': ('>=', 1), 'br1': ('>=', 1), 'br8': ('>=', 1), 'br12': ('>=', 1), 'br13': ('>=', 1), 'br14': ('>=', 1), 'br15': ('>=', 1), 'br16': ('>=', 1), 'br17': ('>=', 1), 'br33': ('>=', 1), 'br34': ('>=', 1), 'br35': ('>=', 1), 'br53': ('>=', 1), 'br57': ('>=', 1), 'br58': ('>=', 1), 'br63': ('>=', 1), 'br66': ('>=', 1), 'br72': ('>=', 1), 'sys': ('>=', 1)}
Updated sys_vals: [50.911, 52.111, 52.546, 52.802, 52.944, 52.99, 53.108, 53.122, 53.35, 53.47, 53.505, 53.584, 53.598, 53.63, 53.71, 53.718, 53.744, 53.753, 53.76, 53.789, 53.79, 53.794, 53.824, 53.851, 53.854, 53.865, 53.87, 53.877, 53.894, 53.899, 53.901, 53.945, 53.949, 53.968, 53.977, 53.981, 53.989, 53.995, 53.999, 54.013, 54.016, 54.019, 54.028, 54.043, 54.053, 54.057, 54.061, 54.064, 54.069, 54.078, 54.08, 54.089, 54.09, 54.093, 54.094, 57.28]
---
Round: 64, Unk. prob.: 8.500e-04
Surv probs: 9.991e-01, Fail probs: 2.000e-05
No. of non-dominant rules: 63, Survival rules: 62, Failure rules: 1
Survival sample found from sampling.
No. of existing rules removed:  0
New rule added. System state: 1, System value: 53.549953. Total samples: 100000.
New rule (No. of conditions: 18): {'vbus1': ('>=', 1), 'vbus2': ('>=', 2), 'vbus3': ('>=', 1), 'vbus4': ('>=', 1), 'vbus5': ('>=', 1), 'vbus12': ('>=', 3), 'vbus13': ('>=', 1), 'vbus14': ('>=', 1), 'vbus15': ('>=', 1), 'vbus16': ('>=', 1), 'br2': ('>=', 1), 'br3': ('>=', 1), 'br4': ('>=', 1), 'br13': ('>=', 1), 'br18': ('>=', 1), 'br25': ('>=', 1), 'br26': ('>=', 1), 'br28': ('>=', 1), 'sys': ('>=', 1)}
Updated sys_vals: [50.911, 52.111, 52.546, 52.802, 52.944, 52.99, 53.108, 53.122, 53.35, 53.47, 53.505, 53.55, 53.584, 53.598, 53.63, 53.71, 53.718, 53.744, 53.753, 53.76, 53.789, 53.79, 53.794, 53.824, 53.851, 53.854, 53.865, 53.87, 53.877, 53.894, 53.899, 53.901, 53.945, 53.949, 53.968, 53.977, 53.981, 53.989, 53.995, 53.999, 54.013, 54.016, 54.019, 54.028, 54.043, 54.053, 54.057, 54.061, 54.064, 54.069, 54.078, 54.08, 54.089, 54.09, 54.093, 54.094, 57.28]
---
Round: 65, Unk. prob.: 6.900e-04
Surv probs: 9.993e-01, Fail probs: 1.000e-05
No. of non-dominant rules: 64, Survival rules: 63, Failure rules: 1
Survival sample found from sampling.
No. of existing rules removed:  0
New rule added. System state: 1, System value: 53.877518. Total samples: 100000.
New rule (No. of conditions: 23): {'vbus1': ('>=', 1), 'vbus3': ('>=', 1), 'vbus4': ('>=', 1), 'vbus6': ('>=', 3), 'vbus7': ('>=', 1), 'vbus8': ('>=', 1), 'vbus9': ('>=', 3), 'vbus15': ('>=', 1), 'vbus16': ('>=', 1), 'vbus17': ('>=', 1), 'vbus18': ('>=', 1), 'vbus27': ('>=', 1), 'vbus28': ('>=', 1), 'vbus29': ('>=', 1), 'br5': ('>=', 1), 'br16': ('>=', 1), 'br17': ('>=', 1), 'br18': ('>=', 1), 'br20': ('>=', 1), 'br22': ('>=', 1), 'br39': ('>=', 1), 'br40': ('>=', 1), 'br41': ('>=', 1), 'sys': ('>=', 1)}
Updated sys_vals: [50.911, 52.111, 52.546, 52.802, 52.944, 52.99, 53.108, 53.122, 53.35, 53.47, 53.505, 53.55, 53.584, 53.598, 53.63, 53.71, 53.718, 53.744, 53.753, 53.76, 53.789, 53.79, 53.794, 53.824, 53.851, 53.854, 53.865, 53.87, 53.877, 53.878, 53.894, 53.899, 53.901, 53.945, 53.949, 53.968, 53.977, 53.981, 53.989, 53.995, 53.999, 54.013, 54.016, 54.019, 54.028, 54.043, 54.053, 54.057, 54.061, 54.064, 54.069, 54.078, 54.08, 54.089, 54.09, 54.093, 54.094, 57.28]
---
Round: 66, Unk. prob.: 7.400e-04
Surv probs: 9.992e-01, Fail probs: 3.000e-05
No. of non-dominant rules: 65, Survival rules: 64, Failure rules: 1
Survival sample found from sampling.
No. of existing rules removed:  0
New rule added. System state: 1, System value: 54.06947. Total samples: 100000.
New rule (No. of conditions: 62): {'vbus2': ('>=', 2), 'vbus3': ('>=', 2), 'vbus4': ('>=', 1), 'vbus5': ('>=', 1), 'vbus6': ('>=', 2), 'vbus7': ('>=', 1), 'vbus8': ('>=', 1), 'vbus9': ('>=', 3), 'vbus11': ('>=', 1), 'vbus13': ('>=', 1), 'vbus14': ('>=', 1), 'vbus15': ('>=', 1), 'vbus18': ('>=', 1), 'vbus19': ('>=', 1), 'vbus23': ('>=', 1), 'vbus24': ('>=', 1), 'vbus25': ('>=', 1), 'vbus26': ('>=', 1), 'vbus27': ('>=', 1), 'vbus28': ('>=', 1), 'vbus29': ('>=', 1), 'vbus35': ('>=', 1), 'vbus36': ('>=', 1), 'vbus40': ('>=', 1), 'vbus41': ('>=', 1), 'vbus43': ('>=', 1), 'vbus46': ('>=', 1), 'vbus47': ('>=', 1), 'vbus54': ('>=', 1), 'vbus55': ('>=', 1), 'vbus56': ('>=', 1), 'br2': ('>=', 1), 'br3': ('>=', 1), 'br4': ('>=', 1), 'br5': ('>=', 1), 'br6': ('>=', 1), 'br7': ('>=', 1), 'br8': ('>=', 1), 'br10': ('>=', 1), 'br12': ('>=', 1), 'br14': ('>=', 1), 'br18': ('>=', 1), 'br20': ('>=', 1), 'br28': ('>=', 1), 'br29': ('>=', 1), 'br34': ('>=', 1), 'br36': ('>=', 1), 'br37': ('>=', 1), 'br38': ('>=', 1), 'br39': ('>=', 1), 'br40': ('>=', 1), 'br41': ('>=', 1), 'br48': ('>=', 1), 'br52': ('>=', 1), 'br56': ('>=', 1), 'br59': ('>=', 1), 'br60': ('>=', 1), 'br70': ('>=', 1), 'br71': ('>=', 1), 'br73': ('>=', 1), 'br74': ('>=', 1), 'br80': ('>=', 1), 'sys': ('>=', 1)}
---
Round: 67, Unk. prob.: 8.600e-04
Surv probs: 9.991e-01, Fail probs: 1.000e-05
No. of non-dominant rules: 66, Survival rules: 65, Failure rules: 1
Survival sample found from sampling.
No. of existing rules removed:  0
New rule added. System state: 1, System value: 53.998267. Total samples: 100000.
New rule (No. of conditions: 36): {'vbus2': ('>=', 2), 'vbus3': ('>=', 1), 'vbus4': ('>=', 1), 'vbus5': ('>=', 1), 'vbus6': ('>=', 2), 'vbus7': ('>=', 1), 'vbus8': ('>=', 1), 'vbus12': ('>=', 1), 'vbus14': ('>=', 1), 'vbus15': ('>=', 1), 'vbus18': ('>=', 1), 'vbus19': ('>=', 1), 'vbus20': ('>=', 1), 'vbus27': ('>=', 1), 'vbus28': ('>=', 1), 'vbus29': ('>=', 1), 'vbus52': ('>=', 1), 'vbus53': ('>=', 1), 'vbus54': ('>=', 1), 'vbus55': ('>=', 1), 'br2': ('>=', 1), 'br3': ('>=', 1), 'br4': ('>=', 1), 'br18': ('>=', 1), 'br20': ('>=', 1), 'br22': ('>=', 1), 'br28': ('>=', 1), 'br29': ('>=', 1), 'br30': ('>=', 1), 'br39': ('>=', 1), 'br40': ('>=', 1), 'br41': ('>=', 1), 'br67': ('>=', 1), 'br68': ('>=', 1), 'br69': ('>=', 1), 'br70': ('>=', 1), 'sys': ('>=', 1)}
Updated sys_vals: [50.911, 52.111, 52.546, 52.802, 52.944, 52.99, 53.108, 53.122, 53.35, 53.47, 53.505, 53.55, 53.584, 53.598, 53.63, 53.71, 53.718, 53.744, 53.753, 53.76, 53.789, 53.79, 53.794, 53.824, 53.851, 53.854, 53.865, 53.87, 53.877, 53.878, 53.894, 53.899, 53.901, 53.945, 53.949, 53.968, 53.977, 53.981, 53.989, 53.995, 53.998, 53.999, 54.013, 54.016, 54.019, 54.028, 54.043, 54.053, 54.057, 54.061, 54.064, 54.069, 54.078, 54.08, 54.089, 54.09, 54.093, 54.094, 57.28]
---
Round: 68, Unk. prob.: 6.500e-04
Surv probs: 9.993e-01, Fail probs: 4.000e-05
No. of non-dominant rules: 67, Survival rules: 66, Failure rules: 1
Survival sample found from sampling.
No. of existing rules removed:  0
New rule added. System state: 1, System value: 53.96863. Total samples: 100000.
New rule (No. of conditions: 15): {'vbus3': ('>=', 3), 'vbus4': ('>=', 1), 'vbus6': ('>=', 1), 'vbus9': ('>=', 2), 'vbus12': ('>=', 2), 'vbus15': ('>=', 1), 'vbus18': ('>=', 1), 'vbus44': ('>=', 1), 'vbus45': ('>=', 1), 'br3': ('>=', 1), 'br5': ('>=', 1), 'br18': ('>=', 1), 'br19': ('>=', 1), 'br58': ('>=', 1), 'br72': ('>=', 1), 'sys': ('>=', 1)}
Updated sys_vals: [50.911, 52.111, 52.546, 52.802, 52.944, 52.99, 53.108, 53.122, 53.35, 53.47, 53.505, 53.55, 53.584, 53.598, 53.63, 53.71, 53.718, 53.744, 53.753, 53.76, 53.789, 53.79, 53.794, 53.824, 53.851, 53.854, 53.865, 53.87, 53.877, 53.878, 53.894, 53.899, 53.901, 53.945, 53.949, 53.968, 53.969, 53.977, 53.981, 53.989, 53.995, 53.998, 53.999, 54.013, 54.016, 54.019, 54.028, 54.043, 54.053, 54.057, 54.061, 54.064, 54.069, 54.078, 54.08, 54.089, 54.09, 54.093, 54.094, 57.28]
---
Round: 69, Unk. prob.: 7.700e-04
Surv probs: 9.992e-01, Fail probs: 1.000e-05
No. of non-dominant rules: 68, Survival rules: 67, Failure rules: 1
Survival sample found from sampling.
No. of existing rules removed:  0
New rule added. System state: 1, System value: 53.549728. Total samples: 100000.
New rule (No. of conditions: 21): {'vbus4': ('>=', 1), 'vbus6': ('>=', 3), 'vbus7': ('>=', 1), 'vbus8': ('>=', 1), 'vbus9': ('>=', 3), 'vbus12': ('>=', 1), 'vbus13': ('>=', 1), 'vbus18': ('>=', 1), 'vbus29': ('>=', 1), 'vbus52': ('>=', 1), 'vbus53': ('>=', 1), 'vbus54': ('>=', 1), 'br5': ('>=', 1), 'br8': ('>=', 1), 'br20': ('>=', 1), 'br22': ('>=', 1), 'br41': ('>=', 1), 'br67': ('>=', 1), 'br68': ('>=', 1), 'br69': ('>=', 1), 'br70': ('>=', 1), 'sys': ('>=', 1)}
---
Round: 70, Unk. prob.: 6.900e-04
Surv probs: 9.993e-01, Fail probs: 4.000e-05
No. of non-dominant rules: 69, Survival rules: 68, Failure rules: 1
Failure sample found from sampling.
No. of existing rules removed:  0
New rule added. System state: 0, System value: 54.669012. Total samples: 100000.
New rule (No. of conditions: 5): {'vbus1': ('<=', 0), 'vbus3': ('<=', 0), 'vbus8': ('<=', 1), 'vbus9': ('<=', 2), 'vbus12': ('<=', 1), 'sys': ('<=', 0)}
Updated sys_vals: [50.911, 52.111, 52.546, 52.802, 52.944, 52.99, 53.108, 53.122, 53.35, 53.47, 53.505, 53.55, 53.584, 53.598, 53.63, 53.71, 53.718, 53.744, 53.753, 53.76, 53.789, 53.79, 53.794, 53.824, 53.851, 53.854, 53.865, 53.87, 53.877, 53.878, 53.894, 53.899, 53.901, 53.945, 53.949, 53.968, 53.969, 53.977, 53.981, 53.989, 53.995, 53.998, 53.999, 54.013, 54.016, 54.019, 54.028, 54.043, 54.053, 54.057, 54.061, 54.064, 54.069, 54.078, 54.08, 54.089, 54.09, 54.093, 54.094, 54.669, 57.28]
---
Round: 71, Unk. prob.: 6.100e-04
Surv probs: 9.993e-01, Fail probs: 4.000e-05
No. of non-dominant rules: 70, Survival rules: 68, Failure rules: 2
Survival sample found from sampling.
No. of existing rules removed:  0
New rule added. System state: 1, System value: 54.097018. Total samples: 100000.
New rule (No. of conditions: 51): {'vbus2': ('>=', 2), 'vbus3': ('>=', 1), 'vbus5': ('>=', 1), 'vbus6': ('>=', 1), 'vbus7': ('>=', 1), 'vbus8': ('>=', 2), 'vbus9': ('>=', 1), 'vbus10': ('>=', 1), 'vbus11': ('>=', 1), 'vbus13': ('>=', 1), 'vbus14': ('>=', 1), 'vbus15': ('>=', 1), 'vbus29': ('>=', 1), 'vbus41': ('>=', 1), 'vbus42': ('>=', 1), 'vbus43': ('>=', 1), 'vbus44': ('>=', 1), 'vbus45': ('>=', 1), 'vbus49': ('>=', 1), 'vbus50': ('>=', 1), 'vbus51': ('>=', 1), 'vbus52': ('>=', 1), 'vbus53': ('>=', 1), 'vbus54': ('>=', 1), 'vbus55': ('>=', 1), 'vbus56': ('>=', 1), 'br2': ('>=', 1), 'br6': ('>=', 1), 'br7': ('>=', 1), 'br8': ('>=', 1), 'br9': ('>=', 1), 'br10': ('>=', 1), 'br13': ('>=', 1), 'br14': ('>=', 1), 'br18': ('>=', 1), 'br21': ('>=', 1), 'br24': ('>=', 1), 'br41': ('>=', 1), 'br54': ('>=', 1), 'br56': ('>=', 1), 'br58': ('>=', 1), 'br64': ('>=', 1), 'br65': ('>=', 1), 'br66': ('>=', 1), 'br67': ('>=', 1), 'br68': ('>=', 1), 'br70': ('>=', 1), 'br72': ('>=', 1), 'br74': ('>=', 1), 'br75': ('>=', 1), 'br80': ('>=', 1), 'sys': ('>=', 1)}
Updated sys_vals: [50.911, 52.111, 52.546, 52.802, 52.944, 52.99, 53.108, 53.122, 53.35, 53.47, 53.505, 53.55, 53.584, 53.598, 53.63, 53.71, 53.718, 53.744, 53.753, 53.76, 53.789, 53.79, 53.794, 53.824, 53.851, 53.854, 53.865, 53.87, 53.877, 53.878, 53.894, 53.899, 53.901, 53.945, 53.949, 53.968, 53.969, 53.977, 53.981, 53.989, 53.995, 53.998, 53.999, 54.013, 54.016, 54.019, 54.028, 54.043, 54.053, 54.057, 54.061, 54.064, 54.069, 54.078, 54.08, 54.089, 54.09, 54.093, 54.094, 54.097, 54.669, 57.28]
---
Round: 72, Unk. prob.: 5.500e-04
Surv probs: 9.994e-01, Fail probs: 0.000e+00
No. of non-dominant rules: 71, Survival rules: 69, Failure rules: 2
Survival sample found from sampling.
No. of existing rules removed:  0
New rule added. System state: 1, System value: 54.063797. Total samples: 100000.
New rule (No. of conditions: 22): {'vbus1': ('>=', 1), 'vbus3': ('>=', 2), 'vbus4': ('>=', 1), 'vbus5': ('>=', 1), 'vbus6': ('>=', 2), 'vbus7': ('>=', 1), 'vbus8': ('>=', 1), 'vbus9': ('>=', 1), 'vbus13': ('>=', 1), 'vbus16': ('>=', 1), 'vbus17': ('>=', 1), 'vbus18': ('>=', 1), 'br3': ('>=', 1), 'br4': ('>=', 1), 'br5': ('>=', 1), 'br6': ('>=', 1), 'br8': ('>=', 1), 'br12': ('>=', 1), 'br16': ('>=', 1), 'br17': ('>=', 1), 'br19': ('>=', 1), 'br22': ('>=', 1), 'sys': ('>=', 1)}
---
Round: 73, Unk. prob.: 6.100e-04
Surv probs: 9.993e-01, Fail probs: 5.000e-05
No. of non-dominant rules: 72, Survival rules: 70, Failure rules: 2
Survival sample found from sampling.
No. of existing rules removed:  0
New rule added. System state: 1, System value: 53.857163. Total samples: 100000.
New rule (No. of conditions: 30): {'vbus1': ('>=', 1), 'vbus2': ('>=', 1), 'vbus3': ('>=', 1), 'vbus4': ('>=', 1), 'vbus5': ('>=', 1), 'vbus6': ('>=', 2), 'vbus9': ('>=', 2), 'vbus12': ('>=', 1), 'vbus13': ('>=', 1), 'vbus14': ('>=', 1), 'vbus15': ('>=', 1), 'vbus18': ('>=', 1), 'vbus38': ('>=', 1), 'vbus44': ('>=', 1), 'vbus45': ('>=', 1), 'vbus46': ('>=', 1), 'vbus47': ('>=', 1), 'br2': ('>=', 1), 'br3': ('>=', 1), 'br4': ('>=', 1), 'br14': ('>=', 1), 'br15': ('>=', 1), 'br19': ('>=', 1), 'br25': ('>=', 1), 'br28': ('>=', 1), 'br57': ('>=', 1), 'br58': ('>=', 1), 'br59': ('>=', 1), 'br60': ('>=', 1), 'br72': ('>=', 1), 'sys': ('>=', 1)}
Updated sys_vals: [50.911, 52.111, 52.546, 52.802, 52.944, 52.99, 53.108, 53.122, 53.35, 53.47, 53.505, 53.55, 53.584, 53.598, 53.63, 53.71, 53.718, 53.744, 53.753, 53.76, 53.789, 53.79, 53.794, 53.824, 53.851, 53.854, 53.857, 53.865, 53.87, 53.877, 53.878, 53.894, 53.899, 53.901, 53.945, 53.949, 53.968, 53.969, 53.977, 53.981, 53.989, 53.995, 53.998, 53.999, 54.013, 54.016, 54.019, 54.028, 54.043, 54.053, 54.057, 54.061, 54.064, 54.069, 54.078, 54.08, 54.089, 54.09, 54.093, 54.094, 54.097, 54.669, 57.28]
---
Round: 74, Unk. prob.: 5.100e-04
Surv probs: 9.995e-01, Fail probs: 1.000e-05
No. of non-dominant rules: 73, Survival rules: 71, Failure rules: 2
Survival sample found from sampling.
No. of existing rules removed:  0
New rule added. System state: 1, System value: 53.833145. Total samples: 100000.
New rule (No. of conditions: 17): {'vbus2': ('>=', 1), 'vbus3': ('>=', 1), 'vbus6': ('>=', 1), 'vbus8': ('>=', 1), 'vbus9': ('>=', 2), 'vbus12': ('>=', 1), 'vbus14': ('>=', 1), 'vbus15': ('>=', 1), 'vbus46': ('>=', 1), 'vbus47': ('>=', 1), 'br2': ('>=', 1), 'br8': ('>=', 1), 'br11': ('>=', 1), 'br18': ('>=', 1), 'br28': ('>=', 1), 'br59': ('>=', 1), 'br60': ('>=', 1), 'sys': ('>=', 1)}
Updated sys_vals: [50.911, 52.111, 52.546, 52.802, 52.944, 52.99, 53.108, 53.122, 53.35, 53.47, 53.505, 53.55, 53.584, 53.598, 53.63, 53.71, 53.718, 53.744, 53.753, 53.76, 53.789, 53.79, 53.794, 53.824, 53.833, 53.851, 53.854, 53.857, 53.865, 53.87, 53.877, 53.878, 53.894, 53.899, 53.901, 53.945, 53.949, 53.968, 53.969, 53.977, 53.981, 53.989, 53.995, 53.998, 53.999, 54.013, 54.016, 54.019, 54.028, 54.043, 54.053, 54.057, 54.061, 54.064, 54.069, 54.078, 54.08, 54.089, 54.09, 54.093, 54.094, 54.097, 54.669, 57.28]
---
Round: 75, Unk. prob.: 5.000e-04
Surv probs: 9.995e-01, Fail probs: 2.000e-05
No. of non-dominant rules: 74, Survival rules: 72, Failure rules: 2
Survival sample found from sampling.
No. of existing rules removed:  0
New rule added. System state: 1, System value: 53.118664. Total samples: 100000.
New rule (No. of conditions: 8): {'vbus1': ('>=', 1), 'vbus3': ('>=', 1), 'vbus6': ('>=', 2), 'vbus8': ('>=', 1), 'vbus12': ('>=', 1), 'vbus16': ('>=', 1), 'br16': ('>=', 1), 'br26': ('>=', 1), 'sys': ('>=', 1)}
Updated sys_vals: [50.911, 52.111, 52.546, 52.802, 52.944, 52.99, 53.108, 53.119, 53.122, 53.35, 53.47, 53.505, 53.55, 53.584, 53.598, 53.63, 53.71, 53.718, 53.744, 53.753, 53.76, 53.789, 53.79, 53.794, 53.824, 53.833, 53.851, 53.854, 53.857, 53.865, 53.87, 53.877, 53.878, 53.894, 53.899, 53.901, 53.945, 53.949, 53.968, 53.969, 53.977, 53.981, 53.989, 53.995, 53.998, 53.999, 54.013, 54.016, 54.019, 54.028, 54.043, 54.053, 54.057, 54.061, 54.064, 54.069, 54.078, 54.08, 54.089, 54.09, 54.093, 54.094, 54.097, 54.669, 57.28]
---
Round: 76, Unk. prob.: 4.600e-04
Surv probs: 9.995e-01, Fail probs: 1.000e-05
No. of non-dominant rules: 75, Survival rules: 73, Failure rules: 2
Survival sample found from sampling.
No. of existing rules removed:  0
New rule added. System state: 1, System value: 53.980627. Total samples: 100000.
New rule (No. of conditions: 21): {'vbus1': ('>=', 1), 'vbus2': ('>=', 1), 'vbus3': ('>=', 1), 'vbus6': ('>=', 2), 'vbus8': ('>=', 2), 'vbus9': ('>=', 1), 'vbus10': ('>=', 1), 'vbus16': ('>=', 1), 'vbus17': ('>=', 1), 'vbus51': ('>=', 1), 'vbus53': ('>=', 1), 'vbus54': ('>=', 1), 'vbus55': ('>=', 1), 'br8': ('>=', 1), 'br9': ('>=', 1), 'br16': ('>=', 1), 'br17': ('>=', 1), 'br65': ('>=', 1), 'br69': ('>=', 1), 'br70': ('>=', 1), 'br80': ('>=', 1), 'sys': ('>=', 1)}
---
Round: 77, Unk. prob.: 4.700e-04
Surv probs: 9.995e-01, Fail probs: 3.000e-05
No. of non-dominant rules: 76, Survival rules: 74, Failure rules: 2
Survival sample found from sampling.
No. of existing rules removed:  0
New rule added. System state: 1, System value: 54.045115. Total samples: 100000.
New rule (No. of conditions: 31): {'vbus1': ('>=', 1), 'vbus3': ('>=', 1), 'vbus4': ('>=', 1), 'vbus5': ('>=', 1), 'vbus6': ('>=', 1), 'vbus7': ('>=', 1), 'vbus8': ('>=', 2), 'vbus9': ('>=', 1), 'vbus10': ('>=', 1), 'vbus13': ('>=', 1), 'vbus14': ('>=', 1), 'vbus15': ('>=', 1), 'vbus38': ('>=', 1), 'vbus44': ('>=', 1), 'vbus45': ('>=', 1), 'vbus49': ('>=', 1), 'vbus50': ('>=', 1), 'br3': ('>=', 1), 'br4': ('>=', 1), 'br6': ('>=', 1), 'br8': ('>=', 1), 'br9': ('>=', 1), 'br14': ('>=', 1), 'br15': ('>=', 1), 'br22': ('>=', 1), 'br28': ('>=', 1), 'br57': ('>=', 1), 'br58': ('>=', 1), 'br63': ('>=', 1), 'br66': ('>=', 1), 'br72': ('>=', 1), 'sys': ('>=', 1)}
Updated sys_vals: [50.911, 52.111, 52.546, 52.802, 52.944, 52.99, 53.108, 53.119, 53.122, 53.35, 53.47, 53.505, 53.55, 53.584, 53.598, 53.63, 53.71, 53.718, 53.744, 53.753, 53.76, 53.789, 53.79, 53.794, 53.824, 53.833, 53.851, 53.854, 53.857, 53.865, 53.87, 53.877, 53.878, 53.894, 53.899, 53.901, 53.945, 53.949, 53.968, 53.969, 53.977, 53.981, 53.989, 53.995, 53.998, 53.999, 54.013, 54.016, 54.019, 54.028, 54.043, 54.045, 54.053, 54.057, 54.061, 54.064, 54.069, 54.078, 54.08, 54.089, 54.09, 54.093, 54.094, 54.097, 54.669, 57.28]
---
Round: 78, Unk. prob.: 5.100e-04
Surv probs: 9.995e-01, Fail probs: 0.000e+00
No. of non-dominant rules: 77, Survival rules: 75, Failure rules: 2
Survival sample found from sampling.
No. of existing rules removed:  0
New rule added. System state: 1, System value: 52.270547. Total samples: 100000.
New rule (No. of conditions: 6): {'vbus2': ('>=', 1), 'vbus3': ('>=', 1), 'vbus6': ('>=', 2), 'vbus8': ('>=', 1), 'vbus12': ('>=', 2), 'br2': ('>=', 1), 'sys': ('>=', 1)}
Updated sys_vals: [50.911, 52.111, 52.271, 52.546, 52.802, 52.944, 52.99, 53.108, 53.119, 53.122, 53.35, 53.47, 53.505, 53.55, 53.584, 53.598, 53.63, 53.71, 53.718, 53.744, 53.753, 53.76, 53.789, 53.79, 53.794, 53.824, 53.833, 53.851, 53.854, 53.857, 53.865, 53.87, 53.877, 53.878, 53.894, 53.899, 53.901, 53.945, 53.949, 53.968, 53.969, 53.977, 53.981, 53.989, 53.995, 53.998, 53.999, 54.013, 54.016, 54.019, 54.028, 54.043, 54.045, 54.053, 54.057, 54.061, 54.064, 54.069, 54.078, 54.08, 54.089, 54.09, 54.093, 54.094, 54.097, 54.669, 57.28]
---
Round: 79, Unk. prob.: 5.100e-04
Surv probs: 9.995e-01, Fail probs: 0.000e+00
No. of non-dominant rules: 78, Survival rules: 76, Failure rules: 2
Survival sample found from sampling.
No. of existing rules removed:  0
New rule added. System state: 1, System value: 54.013431. Total samples: 100000.
New rule (No. of conditions: 28): {'vbus1': ('>=', 1), 'vbus2': ('>=', 1), 'vbus4': ('>=', 1), 'vbus5': ('>=', 1), 'vbus6': ('>=', 2), 'vbus8': ('>=', 2), 'vbus9': ('>=', 1), 'vbus10': ('>=', 1), 'vbus14': ('>=', 1), 'vbus15': ('>=', 1), 'vbus16': ('>=', 1), 'vbus17': ('>=', 1), 'vbus38': ('>=', 1), 'vbus46': ('>=', 1), 'vbus47': ('>=', 1), 'vbus48': ('>=', 1), 'br4': ('>=', 1), 'br5': ('>=', 1), 'br8': ('>=', 1), 'br9': ('>=', 1), 'br15': ('>=', 1), 'br16': ('>=', 1), 'br17': ('>=', 1), 'br28': ('>=', 1), 'br59': ('>=', 1), 'br60': ('>=', 1), 'br61': ('>=', 1), 'br79': ('>=', 1), 'sys': ('>=', 1)}
---
Round: 80, Unk. prob.: 5.300e-04
Surv probs: 9.994e-01, Fail probs: 3.000e-05
No. of non-dominant rules: 79, Survival rules: 77, Failure rules: 2
Survival sample found from sampling.
No. of existing rules removed:  0
New rule added. System state: 1, System value: 54.021491. Total samples: 100000.
New rule (No. of conditions: 45): {'vbus1': ('>=', 1), 'vbus2': ('>=', 1), 'vbus3': ('>=', 1), 'vbus6': ('>=', 2), 'vbus7': ('>=', 1), 'vbus8': ('>=', 1), 'vbus9': ('>=', 1), 'vbus11': ('>=', 1), 'vbus13': ('>=', 1), 'vbus14': ('>=', 1), 'vbus15': ('>=', 1), 'vbus16': ('>=', 1), 'vbus17': ('>=', 1), 'vbus23': ('>=', 1), 'vbus24': ('>=', 1), 'vbus25': ('>=', 1), 'vbus26': ('>=', 1), 'vbus27': ('>=', 1), 'vbus28': ('>=', 1), 'vbus29': ('>=', 1), 'vbus30': ('>=', 1), 'vbus41': ('>=', 1), 'vbus52': ('>=', 1), 'vbus56': ('>=', 1), 'vbus57': ('>=', 1), 'br12': ('>=', 1), 'br14': ('>=', 1), 'br15': ('>=', 1), 'br16': ('>=', 1), 'br17': ('>=', 1), 'br22': ('>=', 1), 'br24': ('>=', 1), 'br28': ('>=', 1), 'br34': ('>=', 1), 'br36': ('>=', 1), 'br37': ('>=', 1), 'br38': ('>=', 1), 'br39': ('>=', 1), 'br40': ('>=', 1), 'br41': ('>=', 1), 'br42': ('>=', 1), 'br54': ('>=', 1), 'br67': ('>=', 1), 'br74': ('>=', 1), 'br77': ('>=', 1), 'sys': ('>=', 1)}
Updated sys_vals: [50.911, 52.111, 52.271, 52.546, 52.802, 52.944, 52.99, 53.108, 53.119, 53.122, 53.35, 53.47, 53.505, 53.55, 53.584, 53.598, 53.63, 53.71, 53.718, 53.744, 53.753, 53.76, 53.789, 53.79, 53.794, 53.824, 53.833, 53.851, 53.854, 53.857, 53.865, 53.87, 53.877, 53.878, 53.894, 53.899, 53.901, 53.945, 53.949, 53.968, 53.969, 53.977, 53.981, 53.989, 53.995, 53.998, 53.999, 54.013, 54.016, 54.019, 54.021, 54.028, 54.043, 54.045, 54.053, 54.057, 54.061, 54.064, 54.069, 54.078, 54.08, 54.089, 54.09, 54.093, 54.094, 54.097, 54.669, 57.28]
---
Round: 81, Unk. prob.: 5.100e-04
Surv probs: 9.995e-01, Fail probs: 2.000e-05
No. of non-dominant rules: 80, Survival rules: 78, Failure rules: 2
Survival sample found from sampling.
No. of existing rules removed:  0
New rule added. System state: 1, System value: 54.067425. Total samples: 100000.
New rule (No. of conditions: 34): {'vbus1': ('>=', 1), 'vbus2': ('>=', 1), 'vbus3': ('>=', 1), 'vbus4': ('>=', 1), 'vbus6': ('>=', 3), 'vbus9': ('>=', 1), 'vbus11': ('>=', 1), 'vbus12': ('>=', 1), 'vbus13': ('>=', 1), 'vbus14': ('>=', 1), 'vbus15': ('>=', 1), 'vbus16': ('>=', 1), 'vbus18': ('>=', 1), 'vbus38': ('>=', 1), 'vbus41': ('>=', 1), 'vbus44': ('>=', 1), 'vbus45': ('>=', 1), 'vbus49': ('>=', 1), 'vbus56': ('>=', 1), 'br5': ('>=', 1), 'br12': ('>=', 1), 'br14': ('>=', 1), 'br15': ('>=', 1), 'br16': ('>=', 1), 'br20': ('>=', 1), 'br24': ('>=', 1), 'br25': ('>=', 1), 'br28': ('>=', 1), 'br54': ('>=', 1), 'br57': ('>=', 1), 'br58': ('>=', 1), 'br66': ('>=', 1), 'br72': ('>=', 1), 'br74': ('>=', 1), 'sys': ('>=', 1)}
Updated sys_vals: [50.911, 52.111, 52.271, 52.546, 52.802, 52.944, 52.99, 53.108, 53.119, 53.122, 53.35, 53.47, 53.505, 53.55, 53.584, 53.598, 53.63, 53.71, 53.718, 53.744, 53.753, 53.76, 53.789, 53.79, 53.794, 53.824, 53.833, 53.851, 53.854, 53.857, 53.865, 53.87, 53.877, 53.878, 53.894, 53.899, 53.901, 53.945, 53.949, 53.968, 53.969, 53.977, 53.981, 53.989, 53.995, 53.998, 53.999, 54.013, 54.016, 54.019, 54.021, 54.028, 54.043, 54.045, 54.053, 54.057, 54.061, 54.064, 54.067, 54.069, 54.078, 54.08, 54.089, 54.09, 54.093, 54.094, 54.097, 54.669, 57.28]
---
Round: 82, Unk. prob.: 5.500e-04
Surv probs: 9.994e-01, Fail probs: 2.000e-05
No. of non-dominant rules: 81, Survival rules: 79, Failure rules: 2
Survival sample found from sampling.
No. of existing rules removed:  0
New rule added. System state: 1, System value: 53.967858. Total samples: 100000.
New rule (No. of conditions: 24): {'vbus1': ('>=', 1), 'vbus3': ('>=', 2), 'vbus4': ('>=', 1), 'vbus6': ('>=', 1), 'vbus8': ('>=', 1), 'vbus9': ('>=', 2), 'vbus13': ('>=', 1), 'vbus16': ('>=', 1), 'vbus17': ('>=', 1), 'vbus18': ('>=', 1), 'vbus19': ('>=', 1), 'vbus54': ('>=', 1), 'vbus55': ('>=', 1), 'br3': ('>=', 1), 'br5': ('>=', 1), 'br7': ('>=', 1), 'br8': ('>=', 1), 'br12': ('>=', 1), 'br16': ('>=', 1), 'br17': ('>=', 1), 'br20': ('>=', 1), 'br29': ('>=', 1), 'br70': ('>=', 1), 'br80': ('>=', 1), 'sys': ('>=', 1)}
---
Round: 83, Unk. prob.: 6.000e-04
Surv probs: 9.994e-01, Fail probs: 4.000e-05
No. of non-dominant rules: 82, Survival rules: 80, Failure rules: 2
Survival sample found from sampling.
No. of existing rules removed:  0
New rule added. System state: 1, System value: 53.935054. Total samples: 100000.
New rule (No. of conditions: 24): {'vbus2': ('>=', 1), 'vbus3': ('>=', 2), 'vbus4': ('>=', 1), 'vbus5': ('>=', 1), 'vbus8': ('>=', 2), 'vbus9': ('>=', 1), 'vbus10': ('>=', 1), 'vbus12': ('>=', 1), 'vbus13': ('>=', 1), 'vbus15': ('>=', 1), 'vbus18': ('>=', 1), 'vbus53': ('>=', 1), 'vbus54': ('>=', 1), 'vbus55': ('>=', 1), 'br3': ('>=', 1), 'br4': ('>=', 1), 'br8': ('>=', 1), 'br9': ('>=', 1), 'br12': ('>=', 1), 'br18': ('>=', 1), 'br19': ('>=', 1), 'br69': ('>=', 1), 'br70': ('>=', 1), 'br80': ('>=', 1), 'sys': ('>=', 1)}
Updated sys_vals: [50.911, 52.111, 52.271, 52.546, 52.802, 52.944, 52.99, 53.108, 53.119, 53.122, 53.35, 53.47, 53.505, 53.55, 53.584, 53.598, 53.63, 53.71, 53.718, 53.744, 53.753, 53.76, 53.789, 53.79, 53.794, 53.824, 53.833, 53.851, 53.854, 53.857, 53.865, 53.87, 53.877, 53.878, 53.894, 53.899, 53.901, 53.935, 53.945, 53.949, 53.968, 53.969, 53.977, 53.981, 53.989, 53.995, 53.998, 53.999, 54.013, 54.016, 54.019, 54.021, 54.028, 54.043, 54.045, 54.053, 54.057, 54.061, 54.064, 54.067, 54.069, 54.078, 54.08, 54.089, 54.09, 54.093, 54.094, 54.097, 54.669, 57.28]
---
Round: 84, Unk. prob.: 6.300e-04
Surv probs: 9.993e-01, Fail probs: 2.000e-05
No. of non-dominant rules: 83, Survival rules: 81, Failure rules: 2
Survival sample found from sampling.
No. of existing rules removed:  0
New rule added. System state: 1, System value: 53.957165. Total samples: 100000.
New rule (No. of conditions: 18): {'vbus1': ('>=', 2), 'vbus6': ('>=', 3), 'vbus7': ('>=', 1), 'vbus9': ('>=', 1), 'vbus12': ('>=', 1), 'vbus16': ('>=', 1), 'vbus17': ('>=', 1), 'vbus29': ('>=', 1), 'vbus52': ('>=', 1), 'vbus53': ('>=', 1), 'br6': ('>=', 1), 'br16': ('>=', 1), 'br17': ('>=', 1), 'br26': ('>=', 1), 'br27': ('>=', 1), 'br41': ('>=', 1), 'br67': ('>=', 1), 'br68': ('>=', 1), 'sys': ('>=', 1)}
Updated sys_vals: [50.911, 52.111, 52.271, 52.546, 52.802, 52.944, 52.99, 53.108, 53.119, 53.122, 53.35, 53.47, 53.505, 53.55, 53.584, 53.598, 53.63, 53.71, 53.718, 53.744, 53.753, 53.76, 53.789, 53.79, 53.794, 53.824, 53.833, 53.851, 53.854, 53.857, 53.865, 53.87, 53.877, 53.878, 53.894, 53.899, 53.901, 53.935, 53.945, 53.949, 53.957, 53.968, 53.969, 53.977, 53.981, 53.989, 53.995, 53.998, 53.999, 54.013, 54.016, 54.019, 54.021, 54.028, 54.043, 54.045, 54.053, 54.057, 54.061, 54.064, 54.067, 54.069, 54.078, 54.08, 54.089, 54.09, 54.093, 54.094, 54.097, 54.669, 57.28]
---
Round: 85, Unk. prob.: 4.700e-04
Surv probs: 9.995e-01, Fail probs: 0.000e+00
No. of non-dominant rules: 84, Survival rules: 82, Failure rules: 2
Survival sample found from sampling.
No. of existing rules removed:  0
New rule added. System state: 1, System value: 53.993505. Total samples: 100000.
New rule (No. of conditions: 55): {'vbus1': ('>=', 1), 'vbus2': ('>=', 1), 'vbus3': ('>=', 2), 'vbus4': ('>=', 1), 'vbus5': ('>=', 1), 'vbus6': ('>=', 1), 'vbus7': ('>=', 1), 'vbus8': ('>=', 2), 'vbus13': ('>=', 1), 'vbus14': ('>=', 1), 'vbus15': ('>=', 1), 'vbus18': ('>=', 1), 'vbus27': ('>=', 1), 'vbus28': ('>=', 1), 'vbus29': ('>=', 1), 'vbus35': ('>=', 1), 'vbus36': ('>=', 1), 'vbus37': ('>=', 1), 'vbus38': ('>=', 1), 'vbus40': ('>=', 1), 'vbus44': ('>=', 1), 'vbus45': ('>=', 1), 'vbus46': ('>=', 1), 'vbus47': ('>=', 1), 'vbus49': ('>=', 1), 'vbus50': ('>=', 1), 'vbus52': ('>=', 1), 'vbus53': ('>=', 1), 'vbus56': ('>=', 1), 'br3': ('>=', 1), 'br4': ('>=', 1), 'br7': ('>=', 1), 'br14': ('>=', 1), 'br15': ('>=', 1), 'br20': ('>=', 1), 'br22': ('>=', 1), 'br28': ('>=', 1), 'br38': ('>=', 1), 'br39': ('>=', 1), 'br40': ('>=', 1), 'br41': ('>=', 1), 'br48': ('>=', 1), 'br49': ('>=', 1), 'br50': ('>=', 1), 'br52': ('>=', 1), 'br57': ('>=', 1), 'br58': ('>=', 1), 'br59': ('>=', 1), 'br60': ('>=', 1), 'br63': ('>=', 1), 'br66': ('>=', 1), 'br67': ('>=', 1), 'br68': ('>=', 1), 'br72': ('>=', 1), 'br73': ('>=', 1), 'sys': ('>=', 1)}
Updated sys_vals: [50.911, 52.111, 52.271, 52.546, 52.802, 52.944, 52.99, 53.108, 53.119, 53.122, 53.35, 53.47, 53.505, 53.55, 53.584, 53.598, 53.63, 53.71, 53.718, 53.744, 53.753, 53.76, 53.789, 53.79, 53.794, 53.824, 53.833, 53.851, 53.854, 53.857, 53.865, 53.87, 53.877, 53.878, 53.894, 53.899, 53.901, 53.935, 53.945, 53.949, 53.957, 53.968, 53.969, 53.977, 53.981, 53.989, 53.994, 53.995, 53.998, 53.999, 54.013, 54.016, 54.019, 54.021, 54.028, 54.043, 54.045, 54.053, 54.057, 54.061, 54.064, 54.067, 54.069, 54.078, 54.08, 54.089, 54.09, 54.093, 54.094, 54.097, 54.669, 57.28]
---
Round: 86, Unk. prob.: 4.700e-04
Surv probs: 9.995e-01, Fail probs: 2.000e-05
No. of non-dominant rules: 85, Survival rules: 83, Failure rules: 2
Survival sample found from sampling.
No. of existing rules removed:  0
New rule added. System state: 1, System value: 53.967563. Total samples: 100000.
New rule (No. of conditions: 55): {'vbus1': ('>=', 2), 'vbus3': ('>=', 1), 'vbus4': ('>=', 1), 'vbus5': ('>=', 1), 'vbus6': ('>=', 3), 'vbus7': ('>=', 1), 'vbus9': ('>=', 2), 'vbus13': ('>=', 1), 'vbus14': ('>=', 1), 'vbus15': ('>=', 1), 'vbus16': ('>=', 1), 'vbus17': ('>=', 1), 'vbus18': ('>=', 1), 'vbus19': ('>=', 1), 'vbus20': ('>=', 1), 'vbus22': ('>=', 1), 'vbus23': ('>=', 1), 'vbus27': ('>=', 1), 'vbus28': ('>=', 1), 'vbus29': ('>=', 1), 'vbus38': ('>=', 1), 'vbus44': ('>=', 1), 'vbus45': ('>=', 1), 'vbus46': ('>=', 1), 'vbus47': ('>=', 1), 'vbus49': ('>=', 1), 'vbus50': ('>=', 1), 'vbus52': ('>=', 1), 'br3': ('>=', 1), 'br4': ('>=', 1), 'br5': ('>=', 1), 'br6': ('>=', 1), 'br12': ('>=', 1), 'br14': ('>=', 1), 'br15': ('>=', 1), 'br16': ('>=', 1), 'br17': ('>=', 1), 'br18': ('>=', 1), 'br20': ('>=', 1), 'br28': ('>=', 1), 'br29': ('>=', 1), 'br30': ('>=', 1), 'br33': ('>=', 1), 'br39': ('>=', 1), 'br40': ('>=', 1), 'br41': ('>=', 1), 'br53': ('>=', 1), 'br57': ('>=', 1), 'br58': ('>=', 1), 'br59': ('>=', 1), 'br60': ('>=', 1), 'br63': ('>=', 1), 'br66': ('>=', 1), 'br67': ('>=', 1), 'br72': ('>=', 1), 'sys': ('>=', 1)}
---
Round: 87, Unk. prob.: 5.300e-04
Surv probs: 9.994e-01, Fail probs: 2.000e-05
No. of non-dominant rules: 86, Survival rules: 84, Failure rules: 2
Survival sample found from sampling.
No. of existing rules removed:  0
New rule added. System state: 1, System value: 53.884688. Total samples: 100000.
New rule (No. of conditions: 25): {'vbus1': ('>=', 1), 'vbus2': ('>=', 1), 'vbus3': ('>=', 2), 'vbus4': ('>=', 1), 'vbus6': ('>=', 2), 'vbus8': ('>=', 2), 'vbus9': ('>=', 1), 'vbus11': ('>=', 1), 'vbus13': ('>=', 1), 'vbus15': ('>=', 1), 'vbus17': ('>=', 1), 'vbus18': ('>=', 1), 'vbus53': ('>=', 1), 'vbus54': ('>=', 1), 'vbus55': ('>=', 1), 'br3': ('>=', 1), 'br8': ('>=', 1), 'br10': ('>=', 1), 'br15': ('>=', 1), 'br17': ('>=', 1), 'br19': ('>=', 1), 'br24': ('>=', 1), 'br69': ('>=', 1), 'br70': ('>=', 1), 'br80': ('>=', 1), 'sys': ('>=', 1)}
Updated sys_vals: [50.911, 52.111, 52.271, 52.546, 52.802, 52.944, 52.99, 53.108, 53.119, 53.122, 53.35, 53.47, 53.505, 53.55, 53.584, 53.598, 53.63, 53.71, 53.718, 53.744, 53.753, 53.76, 53.789, 53.79, 53.794, 53.824, 53.833, 53.851, 53.854, 53.857, 53.865, 53.87, 53.877, 53.878, 53.885, 53.894, 53.899, 53.901, 53.935, 53.945, 53.949, 53.957, 53.968, 53.969, 53.977, 53.981, 53.989, 53.994, 53.995, 53.998, 53.999, 54.013, 54.016, 54.019, 54.021, 54.028, 54.043, 54.045, 54.053, 54.057, 54.061, 54.064, 54.067, 54.069, 54.078, 54.08, 54.089, 54.09, 54.093, 54.094, 54.097, 54.669, 57.28]
---
Round: 88, Unk. prob.: 4.600e-04
Surv probs: 9.995e-01, Fail probs: 1.000e-05
No. of non-dominant rules: 87, Survival rules: 85, Failure rules: 2
Failure sample found from sampling.
No. of existing rules removed:  0
New rule added. System state: 0, System value: 54.988807. Total samples: 100000.
New rule (No. of conditions: 4): {'vbus3': ('<=', 0), 'vbus8': ('<=', 1), 'vbus12': ('<=', 0), 'vbus15': ('<=', 0), 'sys': ('<=', 0)}
Updated sys_vals: [50.911, 52.111, 52.271, 52.546, 52.802, 52.944, 52.99, 53.108, 53.119, 53.122, 53.35, 53.47, 53.505, 53.55, 53.584, 53.598, 53.63, 53.71, 53.718, 53.744, 53.753, 53.76, 53.789, 53.79, 53.794, 53.824, 53.833, 53.851, 53.854, 53.857, 53.865, 53.87, 53.877, 53.878, 53.885, 53.894, 53.899, 53.901, 53.935, 53.945, 53.949, 53.957, 53.968, 53.969, 53.977, 53.981, 53.989, 53.994, 53.995, 53.998, 53.999, 54.013, 54.016, 54.019, 54.021, 54.028, 54.043, 54.045, 54.053, 54.057, 54.061, 54.064, 54.067, 54.069, 54.078, 54.08, 54.089, 54.09, 54.093, 54.094, 54.097, 54.669, 54.989, 57.28]
---
Round: 89, Unk. prob.: 4.900e-04
Surv probs: 9.995e-01, Fail probs: 2.000e-05
No. of non-dominant rules: 88, Survival rules: 85, Failure rules: 3
Survival sample found from sampling.
No. of existing rules removed:  0
New rule added. System state: 1, System value: 54.041703. Total samples: 100000.
New rule (No. of conditions: 57): {'vbus2': ('>=', 1), 'vbus3': ('>=', 3), 'vbus4': ('>=', 1), 'vbus5': ('>=', 1), 'vbus6': ('>=', 2), 'vbus7': ('>=', 1), 'vbus8': ('>=', 2), 'vbus9': ('>=', 1), 'vbus10': ('>=', 1), 'vbus11': ('>=', 1), 'vbus13': ('>=', 1), 'vbus14': ('>=', 1), 'vbus15': ('>=', 1), 'vbus18': ('>=', 1), 'vbus19': ('>=', 1), 'vbus20': ('>=', 1), 'vbus23': ('>=', 1), 'vbus24': ('>=', 1), 'vbus25': ('>=', 1), 'vbus26': ('>=', 1), 'vbus27': ('>=', 1), 'vbus28': ('>=', 1), 'vbus29': ('>=', 1), 'vbus30': ('>=', 1), 'vbus31': ('>=', 1), 'vbus41': ('>=', 1), 'vbus42': ('>=', 1), 'vbus50': ('>=', 1), 'vbus51': ('>=', 1), 'vbus56': ('>=', 1), 'br3': ('>=', 1), 'br8': ('>=', 1), 'br9': ('>=', 1), 'br12': ('>=', 1), 'br13': ('>=', 1), 'br18': ('>=', 1), 'br20': ('>=', 1), 'br21': ('>=', 1), 'br22': ('>=', 1), 'br24': ('>=', 1), 'br28': ('>=', 1), 'br29': ('>=', 1), 'br30': ('>=', 1), 'br34': ('>=', 1), 'br36': ('>=', 1), 'br37': ('>=', 1), 'br38': ('>=', 1), 'br39': ('>=', 1), 'br40': ('>=', 1), 'br41': ('>=', 1), 'br42': ('>=', 1), 'br43': ('>=', 1), 'br54': ('>=', 1), 'br55': ('>=', 1), 'br64': ('>=', 1), 'br65': ('>=', 1), 'br74': ('>=', 1), 'sys': ('>=', 1)}
Updated sys_vals: [50.911, 52.111, 52.271, 52.546, 52.802, 52.944, 52.99, 53.108, 53.119, 53.122, 53.35, 53.47, 53.505, 53.55, 53.584, 53.598, 53.63, 53.71, 53.718, 53.744, 53.753, 53.76, 53.789, 53.79, 53.794, 53.824, 53.833, 53.851, 53.854, 53.857, 53.865, 53.87, 53.877, 53.878, 53.885, 53.894, 53.899, 53.901, 53.935, 53.945, 53.949, 53.957, 53.968, 53.969, 53.977, 53.981, 53.989, 53.994, 53.995, 53.998, 53.999, 54.013, 54.016, 54.019, 54.021, 54.028, 54.042, 54.043, 54.045, 54.053, 54.057, 54.061, 54.064, 54.067, 54.069, 54.078, 54.08, 54.089, 54.09, 54.093, 54.094, 54.097, 54.669, 54.989, 57.28]
---
Round: 90, Unk. prob.: 5.400e-04
Surv probs: 9.994e-01, Fail probs: 3.000e-05
No. of non-dominant rules: 89, Survival rules: 86, Failure rules: 3
Survival sample found from sampling.
No. of existing rules removed:  0
New rule added. System state: 1, System value: 54.005437. Total samples: 100000.
New rule (No. of conditions: 43): {'vbus1': ('>=', 1), 'vbus2': ('>=', 1), 'vbus3': ('>=', 2), 'vbus4': ('>=', 1), 'vbus5': ('>=', 1), 'vbus6': ('>=', 3), 'vbus7': ('>=', 1), 'vbus8': ('>=', 1), 'vbus9': ('>=', 1), 'vbus11': ('>=', 1), 'vbus15': ('>=', 1), 'vbus18': ('>=', 1), 'vbus19': ('>=', 1), 'vbus20': ('>=', 1), 'vbus22': ('>=', 1), 'vbus23': ('>=', 1), 'vbus29': ('>=', 1), 'vbus38': ('>=', 1), 'vbus41': ('>=', 1), 'vbus43': ('>=', 1), 'vbus44': ('>=', 1), 'vbus45': ('>=', 1), 'vbus52': ('>=', 1), 'br3': ('>=', 1), 'br4': ('>=', 1), 'br5': ('>=', 1), 'br7': ('>=', 1), 'br8': ('>=', 1), 'br10': ('>=', 1), 'br15': ('>=', 1), 'br20': ('>=', 1), 'br22': ('>=', 1), 'br29': ('>=', 1), 'br30': ('>=', 1), 'br33': ('>=', 1), 'br41': ('>=', 1), 'br53': ('>=', 1), 'br54': ('>=', 1), 'br56': ('>=', 1), 'br57': ('>=', 1), 'br58': ('>=', 1), 'br67': ('>=', 1), 'br72': ('>=', 1), 'sys': ('>=', 1)}
Updated sys_vals: [50.911, 52.111, 52.271, 52.546, 52.802, 52.944, 52.99, 53.108, 53.119, 53.122, 53.35, 53.47, 53.505, 53.55, 53.584, 53.598, 53.63, 53.71, 53.718, 53.744, 53.753, 53.76, 53.789, 53.79, 53.794, 53.824, 53.833, 53.851, 53.854, 53.857, 53.865, 53.87, 53.877, 53.878, 53.885, 53.894, 53.899, 53.901, 53.935, 53.945, 53.949, 53.957, 53.968, 53.969, 53.977, 53.981, 53.989, 53.994, 53.995, 53.998, 53.999, 54.005, 54.013, 54.016, 54.019, 54.021, 54.028, 54.042, 54.043, 54.045, 54.053, 54.057, 54.061, 54.064, 54.067, 54.069, 54.078, 54.08, 54.089, 54.09, 54.093, 54.094, 54.097, 54.669, 54.989, 57.28]
---
Round: 91, Unk. prob.: 5.200e-04
Surv probs: 9.995e-01, Fail probs: 1.000e-05
No. of non-dominant rules: 90, Survival rules: 87, Failure rules: 3
Failure sample found from sampling.
No. of existing rules removed:  0
New rule added. System state: 0, System value: 63.249206. Total samples: 100000.
New rule (No. of conditions: 3): {'vbus1': ('<=', 0), 'vbus3': ('<=', 0), 'vbus12': ('<=', 0), 'sys': ('<=', 0)}
Updated sys_vals: [50.911, 52.111, 52.271, 52.546, 52.802, 52.944, 52.99, 53.108, 53.119, 53.122, 53.35, 53.47, 53.505, 53.55, 53.584, 53.598, 53.63, 53.71, 53.718, 53.744, 53.753, 53.76, 53.789, 53.79, 53.794, 53.824, 53.833, 53.851, 53.854, 53.857, 53.865, 53.87, 53.877, 53.878, 53.885, 53.894, 53.899, 53.901, 53.935, 53.945, 53.949, 53.957, 53.968, 53.969, 53.977, 53.981, 53.989, 53.994, 53.995, 53.998, 53.999, 54.005, 54.013, 54.016, 54.019, 54.021, 54.028, 54.042, 54.043, 54.045, 54.053, 54.057, 54.061, 54.064, 54.067, 54.069, 54.078, 54.08, 54.089, 54.09, 54.093, 54.094, 54.097, 54.669, 54.989, 57.28, 63.249]
---
Round: 92, Unk. prob.: 5.300e-04
Surv probs: 9.994e-01, Fail probs: 3.000e-05
No. of non-dominant rules: 91, Survival rules: 87, Failure rules: 4
Survival sample found from sampling.
No. of existing rules removed:  0
New rule added. System state: 1, System value: 53.855634. Total samples: 100000.
New rule (No. of conditions: 31): {'vbus1': ('>=', 1), 'vbus3': ('>=', 1), 'vbus6': ('>=', 2), 'vbus8': ('>=', 1), 'vbus9': ('>=', 1), 'vbus11': ('>=', 1), 'vbus13': ('>=', 1), 'vbus14': ('>=', 1), 'vbus15': ('>=', 1), 'vbus22': ('>=', 1), 'vbus23': ('>=', 1), 'vbus38': ('>=', 1), 'vbus46': ('>=', 1), 'vbus47': ('>=', 1), 'vbus48': ('>=', 1), 'vbus49': ('>=', 1), 'vbus50': ('>=', 1), 'br8': ('>=', 1), 'br12': ('>=', 1), 'br13': ('>=', 1), 'br14': ('>=', 1), 'br15': ('>=', 1), 'br28': ('>=', 1), 'br33': ('>=', 1), 'br53': ('>=', 1), 'br59': ('>=', 1), 'br60': ('>=', 1), 'br61': ('>=', 1), 'br63': ('>=', 1), 'br66': ('>=', 1), 'br79': ('>=', 1), 'sys': ('>=', 1)}
Updated sys_vals: [50.911, 52.111, 52.271, 52.546, 52.802, 52.944, 52.99, 53.108, 53.119, 53.122, 53.35, 53.47, 53.505, 53.55, 53.584, 53.598, 53.63, 53.71, 53.718, 53.744, 53.753, 53.76, 53.789, 53.79, 53.794, 53.824, 53.833, 53.851, 53.854, 53.856, 53.857, 53.865, 53.87, 53.877, 53.878, 53.885, 53.894, 53.899, 53.901, 53.935, 53.945, 53.949, 53.957, 53.968, 53.969, 53.977, 53.981, 53.989, 53.994, 53.995, 53.998, 53.999, 54.005, 54.013, 54.016, 54.019, 54.021, 54.028, 54.042, 54.043, 54.045, 54.053, 54.057, 54.061, 54.064, 54.067, 54.069, 54.078, 54.08, 54.089, 54.09, 54.093, 54.094, 54.097, 54.669, 54.989, 57.28, 63.249]
---
Round: 93, Unk. prob.: 6.000e-04
Surv probs: 9.994e-01, Fail probs: 3.000e-05
No. of non-dominant rules: 92, Survival rules: 88, Failure rules: 4
Survival sample found from sampling.
No. of existing rules removed:  0
New rule added. System state: 1, System value: 54.091871. Total samples: 100000.
New rule (No. of conditions: 39): {'vbus1': ('>=', 1), 'vbus2': ('>=', 2), 'vbus3': ('>=', 1), 'vbus4': ('>=', 1), 'vbus6': ('>=', 1), 'vbus8': ('>=', 1), 'vbus9': ('>=', 2), 'vbus10': ('>=', 1), 'vbus11': ('>=', 1), 'vbus13': ('>=', 1), 'vbus15': ('>=', 1), 'vbus18': ('>=', 1), 'vbus19': ('>=', 1), 'vbus20': ('>=', 1), 'vbus38': ('>=', 1), 'vbus41': ('>=', 1), 'vbus42': ('>=', 1), 'vbus44': ('>=', 1), 'vbus45': ('>=', 1), 'vbus49': ('>=', 1), 'vbus55': ('>=', 1), 'br2': ('>=', 1), 'br3': ('>=', 1), 'br5': ('>=', 1), 'br7': ('>=', 1), 'br8': ('>=', 1), 'br10': ('>=', 1), 'br14': ('>=', 1), 'br15': ('>=', 1), 'br20': ('>=', 1), 'br29': ('>=', 1), 'br30': ('>=', 1), 'br54': ('>=', 1), 'br55': ('>=', 1), 'br58': ('>=', 1), 'br66': ('>=', 1), 'br72': ('>=', 1), 'br78': ('>=', 1), 'br80': ('>=', 1), 'sys': ('>=', 1)}
Updated sys_vals: [50.911, 52.111, 52.271, 52.546, 52.802, 52.944, 52.99, 53.108, 53.119, 53.122, 53.35, 53.47, 53.505, 53.55, 53.584, 53.598, 53.63, 53.71, 53.718, 53.744, 53.753, 53.76, 53.789, 53.79, 53.794, 53.824, 53.833, 53.851, 53.854, 53.856, 53.857, 53.865, 53.87, 53.877, 53.878, 53.885, 53.894, 53.899, 53.901, 53.935, 53.945, 53.949, 53.957, 53.968, 53.969, 53.977, 53.981, 53.989, 53.994, 53.995, 53.998, 53.999, 54.005, 54.013, 54.016, 54.019, 54.021, 54.028, 54.042, 54.043, 54.045, 54.053, 54.057, 54.061, 54.064, 54.067, 54.069, 54.078, 54.08, 54.089, 54.09, 54.092, 54.093, 54.094, 54.097, 54.669, 54.989, 57.28, 63.249]
---
Round: 94, Unk. prob.: 5.700e-04
Surv probs: 9.994e-01, Fail probs: 2.000e-05
No. of non-dominant rules: 93, Survival rules: 89, Failure rules: 4
Failure sample found from sampling.
No. of existing rules removed:  0
New rule added. System state: 0, System value: 54.109632. Total samples: 100000.
New rule (No. of conditions: 5): {'vbus1': ('<=', 0), 'vbus6': ('<=', 2), 'vbus8': ('<=', 1), 'vbus12': ('<=', 0), 'vbus51': ('<=', 0), 'sys': ('<=', 0)}
Updated sys_vals: [50.911, 52.111, 52.271, 52.546, 52.802, 52.944, 52.99, 53.108, 53.119, 53.122, 53.35, 53.47, 53.505, 53.55, 53.584, 53.598, 53.63, 53.71, 53.718, 53.744, 53.753, 53.76, 53.789, 53.79, 53.794, 53.824, 53.833, 53.851, 53.854, 53.856, 53.857, 53.865, 53.87, 53.877, 53.878, 53.885, 53.894, 53.899, 53.901, 53.935, 53.945, 53.949, 53.957, 53.968, 53.969, 53.977, 53.981, 53.989, 53.994, 53.995, 53.998, 53.999, 54.005, 54.013, 54.016, 54.019, 54.021, 54.028, 54.042, 54.043, 54.045, 54.053, 54.057, 54.061, 54.064, 54.067, 54.069, 54.078, 54.08, 54.089, 54.09, 54.092, 54.093, 54.094, 54.097, 54.11, 54.669, 54.989, 57.28, 63.249]
---
Round: 95, Unk. prob.: 4.400e-04
Surv probs: 9.995e-01, Fail probs: 4.000e-05
No. of non-dominant rules: 94, Survival rules: 89, Failure rules: 5
Survival sample found from sampling.
No. of existing rules removed:  0
New rule added. System state: 1, System value: 54.071122. Total samples: 100000.
New rule (No. of conditions: 54): {'vbus1': ('>=', 2), 'vbus3': ('>=', 2), 'vbus4': ('>=', 1), 'vbus5': ('>=', 1), 'vbus6': ('>=', 2), 'vbus9': ('>=', 3), 'vbus11': ('>=', 1), 'vbus13': ('>=', 1), 'vbus14': ('>=', 1), 'vbus15': ('>=', 1), 'vbus16': ('>=', 1), 'vbus17': ('>=', 1), 'vbus18': ('>=', 1), 'vbus22': ('>=', 1), 'vbus23': ('>=', 1), 'vbus24': ('>=', 1), 'vbus25': ('>=', 1), 'vbus36': ('>=', 1), 'vbus37': ('>=', 1), 'vbus38': ('>=', 1), 'vbus40': ('>=', 1), 'vbus44': ('>=', 1), 'vbus45': ('>=', 1), 'vbus46': ('>=', 1), 'vbus47': ('>=', 1), 'vbus49': ('>=', 1), 'vbus50': ('>=', 1), 'vbus56': ('>=', 1), 'br3': ('>=', 1), 'br4': ('>=', 1), 'br10': ('>=', 1), 'br13': ('>=', 1), 'br14': ('>=', 1), 'br15': ('>=', 1), 'br16': ('>=', 1), 'br17': ('>=', 1), 'br19': ('>=', 1), 'br24': ('>=', 1), 'br28': ('>=', 1), 'br33': ('>=', 1), 'br34': ('>=', 1), 'br36': ('>=', 1), 'br49': ('>=', 1), 'br50': ('>=', 1), 'br52': ('>=', 1), 'br53': ('>=', 1), 'br57': ('>=', 1), 'br58': ('>=', 1), 'br59': ('>=', 1), 'br60': ('>=', 1), 'br63': ('>=', 1), 'br66': ('>=', 1), 'br72': ('>=', 1), 'br73': ('>=', 1), 'sys': ('>=', 1)}
Updated sys_vals: [50.911, 52.111, 52.271, 52.546, 52.802, 52.944, 52.99, 53.108, 53.119, 53.122, 53.35, 53.47, 53.505, 53.55, 53.584, 53.598, 53.63, 53.71, 53.718, 53.744, 53.753, 53.76, 53.789, 53.79, 53.794, 53.824, 53.833, 53.851, 53.854, 53.856, 53.857, 53.865, 53.87, 53.877, 53.878, 53.885, 53.894, 53.899, 53.901, 53.935, 53.945, 53.949, 53.957, 53.968, 53.969, 53.977, 53.981, 53.989, 53.994, 53.995, 53.998, 53.999, 54.005, 54.013, 54.016, 54.019, 54.021, 54.028, 54.042, 54.043, 54.045, 54.053, 54.057, 54.061, 54.064, 54.067, 54.069, 54.071, 54.078, 54.08, 54.089, 54.09, 54.092, 54.093, 54.094, 54.097, 54.11, 54.669, 54.989, 57.28, 63.249]
---
Round: 96, Unk. prob.: 4.100e-04
Surv probs: 9.996e-01, Fail probs: 3.000e-05
No. of non-dominant rules: 95, Survival rules: 90, Failure rules: 5
Failure sample found from sampling.
No. of existing rules removed:  0
New rule added. System state: 0, System value: 55.443952. Total samples: 100000.
New rule (No. of conditions: 3): {'vbus8': ('<=', 0), 'vbus12': ('<=', 0), 'vbus13': ('<=', 0), 'sys': ('<=', 0)}
Updated sys_vals: [50.911, 52.111, 52.271, 52.546, 52.802, 52.944, 52.99, 53.108, 53.119, 53.122, 53.35, 53.47, 53.505, 53.55, 53.584, 53.598, 53.63, 53.71, 53.718, 53.744, 53.753, 53.76, 53.789, 53.79, 53.794, 53.824, 53.833, 53.851, 53.854, 53.856, 53.857, 53.865, 53.87, 53.877, 53.878, 53.885, 53.894, 53.899, 53.901, 53.935, 53.945, 53.949, 53.957, 53.968, 53.969, 53.977, 53.981, 53.989, 53.994, 53.995, 53.998, 53.999, 54.005, 54.013, 54.016, 54.019, 54.021, 54.028, 54.042, 54.043, 54.045, 54.053, 54.057, 54.061, 54.064, 54.067, 54.069, 54.071, 54.078, 54.08, 54.089, 54.09, 54.092, 54.093, 54.094, 54.097, 54.11, 54.669, 54.989, 55.444, 57.28, 63.249]
---
Round: 97, Unk. prob.: 4.000e-04
Surv probs: 9.996e-01, Fail probs: 4.000e-05
No. of non-dominant rules: 96, Survival rules: 90, Failure rules: 6
Survival sample found from sampling.
No. of existing rules removed:  0
New rule added. System state: 1, System value: 52.983368. Total samples: 100000.
New rule (No. of conditions: 18): {'vbus4': ('>=', 1), 'vbus6': ('>=', 1), 'vbus7': ('>=', 1), 'vbus8': ('>=', 2), 'vbus9': ('>=', 1), 'vbus10': ('>=', 1), 'vbus12': ('>=', 1), 'vbus18': ('>=', 1), 'vbus29': ('>=', 1), 'br5': ('>=', 1), 'br6': ('>=', 1), 'br7': ('>=', 1), 'br8': ('>=', 1), 'br9': ('>=', 1), 'br20': ('>=', 1), 'br23': ('>=', 1), 'br41': ('>=', 1), 'br67': ('>=', 1), 'sys': ('>=', 1)}
Updated sys_vals: [50.911, 52.111, 52.271, 52.546, 52.802, 52.944, 52.983, 52.99, 53.108, 53.119, 53.122, 53.35, 53.47, 53.505, 53.55, 53.584, 53.598, 53.63, 53.71, 53.718, 53.744, 53.753, 53.76, 53.789, 53.79, 53.794, 53.824, 53.833, 53.851, 53.854, 53.856, 53.857, 53.865, 53.87, 53.877, 53.878, 53.885, 53.894, 53.899, 53.901, 53.935, 53.945, 53.949, 53.957, 53.968, 53.969, 53.977, 53.981, 53.989, 53.994, 53.995, 53.998, 53.999, 54.005, 54.013, 54.016, 54.019, 54.021, 54.028, 54.042, 54.043, 54.045, 54.053, 54.057, 54.061, 54.064, 54.067, 54.069, 54.071, 54.078, 54.08, 54.089, 54.09, 54.092, 54.093, 54.094, 54.097, 54.11, 54.669, 54.989, 55.444, 57.28, 63.249]
---
Round: 98, Unk. prob.: 4.300e-04
Surv probs: 9.995e-01, Fail probs: 3.000e-05
No. of non-dominant rules: 97, Survival rules: 91, Failure rules: 6
Survival sample found from sampling.
No. of existing rules removed:  0
New rule added. System state: 1, System value: 54.072321. Total samples: 100000.
New rule (No. of conditions: 31): {'vbus1': ('>=', 2), 'vbus2': ('>=', 1), 'vbus3': ('>=', 1), 'vbus4': ('>=', 1), 'vbus9': ('>=', 2), 'vbus11': ('>=', 1), 'vbus12': ('>=', 1), 'vbus13': ('>=', 1), 'vbus14': ('>=', 1), 'vbus15': ('>=', 1), 'vbus16': ('>=', 1), 'vbus18': ('>=', 1), 'vbus44': ('>=', 1), 'vbus46': ('>=', 1), 'vbus47': ('>=', 1), 'vbus49': ('>=', 1), 'br2': ('>=', 1), 'br3': ('>=', 1), 'br10': ('>=', 1), 'br13': ('>=', 1), 'br14': ('>=', 1), 'br15': ('>=', 1), 'br16': ('>=', 1), 'br20': ('>=', 1), 'br24': ('>=', 1), 'br26': ('>=', 1), 'br58': ('>=', 1), 'br59': ('>=', 1), 'br60': ('>=', 1), 'br66': ('>=', 1), 'br72': ('>=', 1), 'sys': ('>=', 1)}
Updated sys_vals: [50.911, 52.111, 52.271, 52.546, 52.802, 52.944, 52.983, 52.99, 53.108, 53.119, 53.122, 53.35, 53.47, 53.505, 53.55, 53.584, 53.598, 53.63, 53.71, 53.718, 53.744, 53.753, 53.76, 53.789, 53.79, 53.794, 53.824, 53.833, 53.851, 53.854, 53.856, 53.857, 53.865, 53.87, 53.877, 53.878, 53.885, 53.894, 53.899, 53.901, 53.935, 53.945, 53.949, 53.957, 53.968, 53.969, 53.977, 53.981, 53.989, 53.994, 53.995, 53.998, 53.999, 54.005, 54.013, 54.016, 54.019, 54.021, 54.028, 54.042, 54.043, 54.045, 54.053, 54.057, 54.061, 54.064, 54.067, 54.069, 54.071, 54.072, 54.078, 54.08, 54.089, 54.09, 54.092, 54.093, 54.094, 54.097, 54.11, 54.669, 54.989, 55.444, 57.28, 63.249]
---
Round: 99, Unk. prob.: 3.500e-04
Surv probs: 9.996e-01, Fail probs: 4.000e-05
No. of non-dominant rules: 98, Survival rules: 92, Failure rules: 6
Survival sample found from sampling.
No. of existing rules removed:  0
New rule added. System state: 1, System value: 53.879566. Total samples: 100000.
New rule (No. of conditions: 37): {'vbus1': ('>=', 1), 'vbus2': ('>=', 1), 'vbus4': ('>=', 1), 'vbus6': ('>=', 1), 'vbus7': ('>=', 1), 'vbus8': ('>=', 2), 'vbus9': ('>=', 1), 'vbus10': ('>=', 1), 'vbus13': ('>=', 1), 'vbus14': ('>=', 1), 'vbus15': ('>=', 1), 'vbus18': ('>=', 1), 'vbus27': ('>=', 1), 'vbus28': ('>=', 1), 'vbus29': ('>=', 1), 'vbus49': ('>=', 1), 'vbus50': ('>=', 1), 'vbus53': ('>=', 1), 'vbus54': ('>=', 1), 'vbus55': ('>=', 1), 'br5': ('>=', 1), 'br7': ('>=', 1), 'br8': ('>=', 1), 'br9': ('>=', 1), 'br13': ('>=', 1), 'br14': ('>=', 1), 'br15': ('>=', 1), 'br19': ('>=', 1), 'br22': ('>=', 1), 'br39': ('>=', 1), 'br40': ('>=', 1), 'br41': ('>=', 1), 'br63': ('>=', 1), 'br66': ('>=', 1), 'br69': ('>=', 1), 'br70': ('>=', 1), 'br80': ('>=', 1), 'sys': ('>=', 1)}
Updated sys_vals: [50.911, 52.111, 52.271, 52.546, 52.802, 52.944, 52.983, 52.99, 53.108, 53.119, 53.122, 53.35, 53.47, 53.505, 53.55, 53.584, 53.598, 53.63, 53.71, 53.718, 53.744, 53.753, 53.76, 53.789, 53.79, 53.794, 53.824, 53.833, 53.851, 53.854, 53.856, 53.857, 53.865, 53.87, 53.877, 53.878, 53.88, 53.885, 53.894, 53.899, 53.901, 53.935, 53.945, 53.949, 53.957, 53.968, 53.969, 53.977, 53.981, 53.989, 53.994, 53.995, 53.998, 53.999, 54.005, 54.013, 54.016, 54.019, 54.021, 54.028, 54.042, 54.043, 54.045, 54.053, 54.057, 54.061, 54.064, 54.067, 54.069, 54.071, 54.072, 54.078, 54.08, 54.089, 54.09, 54.092, 54.093, 54.094, 54.097, 54.11, 54.669, 54.989, 55.444, 57.28, 63.249]
---
Round: 100, Unk. prob.: 5.000e-04
Surv probs: 9.995e-01, Fail probs: 3.000e-05
No. of non-dominant rules: 99, Survival rules: 93, Failure rules: 6
Failure sample found from sampling.
No. of existing rules removed:  0
New rule added. System state: 0, System value: 54.208884. Total samples: 100000.
New rule (No. of conditions: 4): {'vbus8': ('<=', 0), 'vbus9': ('<=', 2), 'vbus12': ('<=', 0), 'br41': ('<=', 0), 'sys': ('<=', 0)}
Updated sys_vals: [50.911, 52.111, 52.271, 52.546, 52.802, 52.944, 52.983, 52.99, 53.108, 53.119, 53.122, 53.35, 53.47, 53.505, 53.55, 53.584, 53.598, 53.63, 53.71, 53.718, 53.744, 53.753, 53.76, 53.789, 53.79, 53.794, 53.824, 53.833, 53.851, 53.854, 53.856, 53.857, 53.865, 53.87, 53.877, 53.878, 53.88, 53.885, 53.894, 53.899, 53.901, 53.935, 53.945, 53.949, 53.957, 53.968, 53.969, 53.977, 53.981, 53.989, 53.994, 53.995, 53.998, 53.999, 54.005, 54.013, 54.016, 54.019, 54.021, 54.028, 54.042, 54.043, 54.045, 54.053, 54.057, 54.061, 54.064, 54.067, 54.069, 54.071, 54.072, 54.078, 54.08, 54.089, 54.09, 54.092, 54.093, 54.094, 54.097, 54.11, 54.209, 54.669, 54.989, 55.444, 57.28, 63.249]
---
Round: 101, Unk. prob.: 3.900e-04
Surv probs: 9.996e-01, Fail probs: 0.000e+00
No. of non-dominant rules: 100, Survival rules: 93, Failure rules: 7
Survival sample found from sampling.
No. of existing rules removed:  0
New rule added. System state: 1, System value: 52.430445. Total samples: 100000.
New rule (No. of conditions: 7): {'vbus1': ('>=', 1), 'vbus3': ('>=', 1), 'vbus9': ('>=', 2), 'vbus12': ('>=', 2), 'vbus17': ('>=', 1), 'br17': ('>=', 1), 'br27': ('>=', 1), 'sys': ('>=', 1)}
Updated sys_vals: [50.911, 52.111, 52.271, 52.43, 52.546, 52.802, 52.944, 52.983, 52.99, 53.108, 53.119, 53.122, 53.35, 53.47, 53.505, 53.55, 53.584, 53.598, 53.63, 53.71, 53.718, 53.744, 53.753, 53.76, 53.789, 53.79, 53.794, 53.824, 53.833, 53.851, 53.854, 53.856, 53.857, 53.865, 53.87, 53.877, 53.878, 53.88, 53.885, 53.894, 53.899, 53.901, 53.935, 53.945, 53.949, 53.957, 53.968, 53.969, 53.977, 53.981, 53.989, 53.994, 53.995, 53.998, 53.999, 54.005, 54.013, 54.016, 54.019, 54.021, 54.028, 54.042, 54.043, 54.045, 54.053, 54.057, 54.061, 54.064, 54.067, 54.069, 54.071, 54.072, 54.078, 54.08, 54.089, 54.09, 54.092, 54.093, 54.094, 54.097, 54.11, 54.209, 54.669, 54.989, 55.444, 57.28, 63.249]
---
Round: 102, Unk. prob.: 4.000e-04
Surv probs: 9.996e-01, Fail probs: 0.000e+00
No. of non-dominant rules: 101, Survival rules: 94, Failure rules: 7
Survival sample found from sampling.
No. of existing rules removed:  0
New rule added. System state: 1, System value: 53.922464. Total samples: 100000.
New rule (No. of conditions: 64): {'vbus1': ('>=', 1), 'vbus2': ('>=', 2), 'vbus3': ('>=', 2), 'vbus4': ('>=', 1), 'vbus5': ('>=', 1), 'vbus6': ('>=', 2), 'vbus7': ('>=', 1), 'vbus9': ('>=', 2), 'vbus11': ('>=', 1), 'vbus13': ('>=', 1), 'vbus14': ('>=', 1), 'vbus15': ('>=', 1), 'vbus16': ('>=', 1), 'vbus17': ('>=', 1), 'vbus18': ('>=', 1), 'vbus19': ('>=', 1), 'vbus20': ('>=', 1), 'vbus22': ('>=', 1), 'vbus23': ('>=', 1), 'vbus29': ('>=', 1), 'vbus38': ('>=', 1), 'vbus39': ('>=', 1), 'vbus41': ('>=', 1), 'vbus42': ('>=', 1), 'vbus44': ('>=', 1), 'vbus46': ('>=', 1), 'vbus47': ('>=', 1), 'vbus48': ('>=', 1), 'vbus49': ('>=', 1), 'vbus50': ('>=', 1), 'vbus52': ('>=', 1), 'vbus57': ('>=', 1), 'br1': ('>=', 1), 'br3': ('>=', 1), 'br4': ('>=', 1), 'br5': ('>=', 1), 'br6': ('>=', 1), 'br12': ('>=', 1), 'br13': ('>=', 1), 'br14': ('>=', 1), 'br15': ('>=', 1), 'br16': ('>=', 1), 'br17': ('>=', 1), 'br18': ('>=', 1), 'br20': ('>=', 1), 'br24': ('>=', 1), 'br28': ('>=', 1), 'br29': ('>=', 1), 'br30': ('>=', 1), 'br33': ('>=', 1), 'br41': ('>=', 1), 'br51': ('>=', 1), 'br53': ('>=', 1), 'br54': ('>=', 1), 'br55': ('>=', 1), 'br57': ('>=', 1), 'br59': ('>=', 1), 'br60': ('>=', 1), 'br61': ('>=', 1), 'br63': ('>=', 1), 'br66': ('>=', 1), 'br67': ('>=', 1), 'br78': ('>=', 1), 'br79': ('>=', 1), 'sys': ('>=', 1)}
Updated sys_vals: [50.911, 52.111, 52.271, 52.43, 52.546, 52.802, 52.944, 52.983, 52.99, 53.108, 53.119, 53.122, 53.35, 53.47, 53.505, 53.55, 53.584, 53.598, 53.63, 53.71, 53.718, 53.744, 53.753, 53.76, 53.789, 53.79, 53.794, 53.824, 53.833, 53.851, 53.854, 53.856, 53.857, 53.865, 53.87, 53.877, 53.878, 53.88, 53.885, 53.894, 53.899, 53.901, 53.922, 53.935, 53.945, 53.949, 53.957, 53.968, 53.969, 53.977, 53.981, 53.989, 53.994, 53.995, 53.998, 53.999, 54.005, 54.013, 54.016, 54.019, 54.021, 54.028, 54.042, 54.043, 54.045, 54.053, 54.057, 54.061, 54.064, 54.067, 54.069, 54.071, 54.072, 54.078, 54.08, 54.089, 54.09, 54.092, 54.093, 54.094, 54.097, 54.11, 54.209, 54.669, 54.989, 55.444, 57.28, 63.249]
---
Round: 103, Unk. prob.: 3.000e-04
Surv probs: 9.997e-01, Fail probs: 1.000e-05
No. of non-dominant rules: 102, Survival rules: 95, Failure rules: 7
Survival sample found from sampling.
No. of existing rules removed:  0
New rule added. System state: 1, System value: 53.947388. Total samples: 100000.
New rule (No. of conditions: 39): {'vbus1': ('>=', 1), 'vbus2': ('>=', 1), 'vbus3': ('>=', 1), 'vbus4': ('>=', 1), 'vbus5': ('>=', 1), 'vbus8': ('>=', 2), 'vbus9': ('>=', 1), 'vbus10': ('>=', 1), 'vbus13': ('>=', 1), 'vbus14': ('>=', 1), 'vbus15': ('>=', 1), 'vbus16': ('>=', 1), 'vbus18': ('>=', 1), 'vbus19': ('>=', 1), 'vbus20': ('>=', 1), 'vbus38': ('>=', 1), 'vbus44': ('>=', 1), 'vbus46': ('>=', 1), 'vbus47': ('>=', 1), 'vbus48': ('>=', 1), 'vbus55': ('>=', 1), 'br2': ('>=', 1), 'br3': ('>=', 1), 'br4': ('>=', 1), 'br8': ('>=', 1), 'br9': ('>=', 1), 'br14': ('>=', 1), 'br15': ('>=', 1), 'br16': ('>=', 1), 'br20': ('>=', 1), 'br28': ('>=', 1), 'br29': ('>=', 1), 'br30': ('>=', 1), 'br57': ('>=', 1), 'br59': ('>=', 1), 'br60': ('>=', 1), 'br61': ('>=', 1), 'br79': ('>=', 1), 'br80': ('>=', 1), 'sys': ('>=', 1)}
Updated sys_vals: [50.911, 52.111, 52.271, 52.43, 52.546, 52.802, 52.944, 52.983, 52.99, 53.108, 53.119, 53.122, 53.35, 53.47, 53.505, 53.55, 53.584, 53.598, 53.63, 53.71, 53.718, 53.744, 53.753, 53.76, 53.789, 53.79, 53.794, 53.824, 53.833, 53.851, 53.854, 53.856, 53.857, 53.865, 53.87, 53.877, 53.878, 53.88, 53.885, 53.894, 53.899, 53.901, 53.922, 53.935, 53.945, 53.947, 53.949, 53.957, 53.968, 53.969, 53.977, 53.981, 53.989, 53.994, 53.995, 53.998, 53.999, 54.005, 54.013, 54.016, 54.019, 54.021, 54.028, 54.042, 54.043, 54.045, 54.053, 54.057, 54.061, 54.064, 54.067, 54.069, 54.071, 54.072, 54.078, 54.08, 54.089, 54.09, 54.092, 54.093, 54.094, 54.097, 54.11, 54.209, 54.669, 54.989, 55.444, 57.28, 63.249]
---
Round: 104, Unk. prob.: 4.500e-04
Surv probs: 9.995e-01, Fail probs: 2.000e-05
No. of non-dominant rules: 103, Survival rules: 96, Failure rules: 7
Survival sample found from sampling.
No. of existing rules removed:  0
New rule added. System state: 1, System value: 54.088981. Total samples: 100000.
New rule (No. of conditions: 27): {'vbus2': ('>=', 1), 'vbus3': ('>=', 1), 'vbus7': ('>=', 1), 'vbus8': ('>=', 2), 'vbus9': ('>=', 1), 'vbus11': ('>=', 1), 'vbus12': ('>=', 1), 'vbus13': ('>=', 1), 'vbus15': ('>=', 1), 'vbus27': ('>=', 1), 'vbus28': ('>=', 1), 'vbus29': ('>=', 1), 'vbus52': ('>=', 1), 'vbus53': ('>=', 1), 'br8': ('>=', 1), 'br10': ('>=', 1), 'br11': ('>=', 1), 'br18': ('>=', 1), 'br22': ('>=', 1), 'br24': ('>=', 1), 'br39': ('>=', 1), 'br40': ('>=', 1), 'br41': ('>=', 1), 'br54': ('>=', 1), 'br67': ('>=', 1), 'br68': ('>=', 1), 'br74': ('>=', 1), 'sys': ('>=', 1)}
---
Round: 105, Unk. prob.: 3.300e-04
Surv probs: 9.997e-01, Fail probs: 2.000e-05
No. of non-dominant rules: 104, Survival rules: 97, Failure rules: 7
Survival sample found from sampling.
No. of existing rules removed:  0
New rule added. System state: 1, System value: 54.019342. Total samples: 100000.
New rule (No. of conditions: 35): {'vbus1': ('>=', 1), 'vbus2': ('>=', 1), 'vbus6': ('>=', 1), 'vbus7': ('>=', 1), 'vbus8': ('>=', 1), 'vbus9': ('>=', 3), 'vbus11': ('>=', 1), 'vbus13': ('>=', 1), 'vbus14': ('>=', 1), 'vbus15': ('>=', 1), 'vbus17': ('>=', 1), 'vbus29': ('>=', 1), 'vbus38': ('>=', 1), 'vbus41': ('>=', 1), 'vbus42': ('>=', 1), 'vbus44': ('>=', 1), 'vbus45': ('>=', 1), 'vbus47': ('>=', 1), 'vbus48': ('>=', 1), 'br6': ('>=', 1), 'br7': ('>=', 1), 'br8': ('>=', 1), 'br13': ('>=', 1), 'br14': ('>=', 1), 'br15': ('>=', 1), 'br17': ('>=', 1), 'br24': ('>=', 1), 'br41': ('>=', 1), 'br54': ('>=', 1), 'br55': ('>=', 1), 'br57': ('>=', 1), 'br58': ('>=', 1), 'br61': ('>=', 1), 'br72': ('>=', 1), 'br79': ('>=', 1), 'sys': ('>=', 1)}
---
Round: 106, Unk. prob.: 4.900e-04
Surv probs: 9.995e-01, Fail probs: 5.000e-05
No. of non-dominant rules: 105, Survival rules: 98, Failure rules: 7
Failure sample found from sampling.
No. of existing rules removed:  0
New rule added. System state: 0, System value: 54.383536. Total samples: 100000.
New rule (No. of conditions: 3): {'vbus8': ('<=', 0), 'vbus12': ('<=', 0), 'br60': ('<=', 0), 'sys': ('<=', 0)}
Updated sys_vals: [50.911, 52.111, 52.271, 52.43, 52.546, 52.802, 52.944, 52.983, 52.99, 53.108, 53.119, 53.122, 53.35, 53.47, 53.505, 53.55, 53.584, 53.598, 53.63, 53.71, 53.718, 53.744, 53.753, 53.76, 53.789, 53.79, 53.794, 53.824, 53.833, 53.851, 53.854, 53.856, 53.857, 53.865, 53.87, 53.877, 53.878, 53.88, 53.885, 53.894, 53.899, 53.901, 53.922, 53.935, 53.945, 53.947, 53.949, 53.957, 53.968, 53.969, 53.977, 53.981, 53.989, 53.994, 53.995, 53.998, 53.999, 54.005, 54.013, 54.016, 54.019, 54.021, 54.028, 54.042, 54.043, 54.045, 54.053, 54.057, 54.061, 54.064, 54.067, 54.069, 54.071, 54.072, 54.078, 54.08, 54.089, 54.09, 54.092, 54.093, 54.094, 54.097, 54.11, 54.209, 54.384, 54.669, 54.989, 55.444, 57.28, 63.249]
---
Round: 107, Unk. prob.: 3.900e-04
Surv probs: 9.996e-01, Fail probs: 3.000e-05
No. of non-dominant rules: 106, Survival rules: 98, Failure rules: 8
Survival sample found from sampling.
No. of existing rules removed:  0
New rule added. System state: 1, System value: 53.85458. Total samples: 100000.
New rule (No. of conditions: 43): {'vbus1': ('>=', 1), 'vbus3': ('>=', 2), 'vbus4': ('>=', 1), 'vbus5': ('>=', 1), 'vbus7': ('>=', 1), 'vbus8': ('>=', 1), 'vbus9': ('>=', 3), 'vbus13': ('>=', 1), 'vbus14': ('>=', 1), 'vbus15': ('>=', 1), 'vbus16': ('>=', 1), 'vbus18': ('>=', 1), 'vbus23': ('>=', 1), 'vbus24': ('>=', 1), 'vbus25': ('>=', 1), 'vbus26': ('>=', 1), 'vbus27': ('>=', 1), 'vbus28': ('>=', 1), 'vbus29': ('>=', 1), 'vbus30': ('>=', 1), 'vbus38': ('>=', 1), 'vbus49': ('>=', 1), 'vbus50': ('>=', 1), 'br3': ('>=', 1), 'br4': ('>=', 1), 'br12': ('>=', 1), 'br13': ('>=', 1), 'br14': ('>=', 1), 'br15': ('>=', 1), 'br16': ('>=', 1), 'br19': ('>=', 1), 'br22': ('>=', 1), 'br34': ('>=', 1), 'br36': ('>=', 1), 'br37': ('>=', 1), 'br38': ('>=', 1), 'br39': ('>=', 1), 'br40': ('>=', 1), 'br41': ('>=', 1), 'br42': ('>=', 1), 'br63': ('>=', 1), 'br66': ('>=', 1), 'br78': ('>=', 1), 'sys': ('>=', 1)}
Updated sys_vals: [50.911, 52.111, 52.271, 52.43, 52.546, 52.802, 52.944, 52.983, 52.99, 53.108, 53.119, 53.122, 53.35, 53.47, 53.505, 53.55, 53.584, 53.598, 53.63, 53.71, 53.718, 53.744, 53.753, 53.76, 53.789, 53.79, 53.794, 53.824, 53.833, 53.851, 53.854, 53.855, 53.856, 53.857, 53.865, 53.87, 53.877, 53.878, 53.88, 53.885, 53.894, 53.899, 53.901, 53.922, 53.935, 53.945, 53.947, 53.949, 53.957, 53.968, 53.969, 53.977, 53.981, 53.989, 53.994, 53.995, 53.998, 53.999, 54.005, 54.013, 54.016, 54.019, 54.021, 54.028, 54.042, 54.043, 54.045, 54.053, 54.057, 54.061, 54.064, 54.067, 54.069, 54.071, 54.072, 54.078, 54.08, 54.089, 54.09, 54.092, 54.093, 54.094, 54.097, 54.11, 54.209, 54.384, 54.669, 54.989, 55.444, 57.28, 63.249]
---
Round: 108, Unk. prob.: 3.700e-04
Surv probs: 9.996e-01, Fail probs: 1.000e-05
No. of non-dominant rules: 107, Survival rules: 99, Failure rules: 8
Survival sample found from sampling.
No. of existing rules removed:  0
New rule added. System state: 1, System value: 53.982195. Total samples: 100000.
New rule (No. of conditions: 74): {'vbus1': ('>=', 2), 'vbus2': ('>=', 1), 'vbus3': ('>=', 2), 'vbus4': ('>=', 1), 'vbus5': ('>=', 1), 'vbus6': ('>=', 1), 'vbus9': ('>=', 3), 'vbus11': ('>=', 1), 'vbus13': ('>=', 1), 'vbus14': ('>=', 1), 'vbus15': ('>=', 1), 'vbus16': ('>=', 1), 'vbus17': ('>=', 1), 'vbus18': ('>=', 1), 'vbus19': ('>=', 1), 'vbus20': ('>=', 1), 'vbus22': ('>=', 1), 'vbus23': ('>=', 1), 'vbus24': ('>=', 1), 'vbus26': ('>=', 1), 'vbus27': ('>=', 1), 'vbus31': ('>=', 1), 'vbus32': ('>=', 1), 'vbus34': ('>=', 1), 'vbus35': ('>=', 1), 'vbus36': ('>=', 1), 'vbus37': ('>=', 1), 'vbus38': ('>=', 1), 'vbus40': ('>=', 1), 'vbus41': ('>=', 1), 'vbus44': ('>=', 1), 'vbus45': ('>=', 1), 'vbus46': ('>=', 1), 'vbus47': ('>=', 1), 'vbus49': ('>=', 1), 'vbus50': ('>=', 1), 'vbus52': ('>=', 1), 'vbus56': ('>=', 1), 'vbus57': ('>=', 1), 'br3': ('>=', 1), 'br4': ('>=', 1), 'br5': ('>=', 1), 'br6': ('>=', 1), 'br10': ('>=', 1), 'br14': ('>=', 1), 'br15': ('>=', 1), 'br16': ('>=', 1), 'br17': ('>=', 1), 'br19': ('>=', 1), 'br24': ('>=', 1), 'br28': ('>=', 1), 'br29': ('>=', 1), 'br33': ('>=', 1), 'br34': ('>=', 1), 'br37': ('>=', 1), 'br38': ('>=', 1), 'br44': ('>=', 1), 'br45': ('>=', 1), 'br46': ('>=', 1), 'br47': ('>=', 1), 'br48': ('>=', 1), 'br49': ('>=', 1), 'br50': ('>=', 1), 'br52': ('>=', 1), 'br53': ('>=', 1), 'br57': ('>=', 1), 'br58': ('>=', 1), 'br59': ('>=', 1), 'br60': ('>=', 1), 'br63': ('>=', 1), 'br66': ('>=', 1), 'br71': ('>=', 1), 'br72': ('>=', 1), 'br77': ('>=', 1), 'sys': ('>=', 1)}
Updated sys_vals: [50.911, 52.111, 52.271, 52.43, 52.546, 52.802, 52.944, 52.983, 52.99, 53.108, 53.119, 53.122, 53.35, 53.47, 53.505, 53.55, 53.584, 53.598, 53.63, 53.71, 53.718, 53.744, 53.753, 53.76, 53.789, 53.79, 53.794, 53.824, 53.833, 53.851, 53.854, 53.855, 53.856, 53.857, 53.865, 53.87, 53.877, 53.878, 53.88, 53.885, 53.894, 53.899, 53.901, 53.922, 53.935, 53.945, 53.947, 53.949, 53.957, 53.968, 53.969, 53.977, 53.981, 53.982, 53.989, 53.994, 53.995, 53.998, 53.999, 54.005, 54.013, 54.016, 54.019, 54.021, 54.028, 54.042, 54.043, 54.045, 54.053, 54.057, 54.061, 54.064, 54.067, 54.069, 54.071, 54.072, 54.078, 54.08, 54.089, 54.09, 54.092, 54.093, 54.094, 54.097, 54.11, 54.209, 54.384, 54.669, 54.989, 55.444, 57.28, 63.249]
---
Round: 109, Unk. prob.: 4.000e-04
Surv probs: 9.996e-01, Fail probs: 1.000e-05
No. of non-dominant rules: 108, Survival rules: 100, Failure rules: 8
Survival sample found from sampling.
No. of existing rules removed:  0
New rule added. System state: 1, System value: 53.533738. Total samples: 100000.
New rule (No. of conditions: 12): {'vbus2': ('>=', 1), 'vbus3': ('>=', 1), 'vbus4': ('>=', 1), 'vbus5': ('>=', 1), 'vbus6': ('>=', 1), 'vbus9': ('>=', 2), 'vbus12': ('>=', 3), 'vbus18': ('>=', 1), 'br2': ('>=', 1), 'br3': ('>=', 1), 'br4': ('>=', 1), 'br19': ('>=', 1), 'sys': ('>=', 1)}
Updated sys_vals: [50.911, 52.111, 52.271, 52.43, 52.546, 52.802, 52.944, 52.983, 52.99, 53.108, 53.119, 53.122, 53.35, 53.47, 53.505, 53.534, 53.55, 53.584, 53.598, 53.63, 53.71, 53.718, 53.744, 53.753, 53.76, 53.789, 53.79, 53.794, 53.824, 53.833, 53.851, 53.854, 53.855, 53.856, 53.857, 53.865, 53.87, 53.877, 53.878, 53.88, 53.885, 53.894, 53.899, 53.901, 53.922, 53.935, 53.945, 53.947, 53.949, 53.957, 53.968, 53.969, 53.977, 53.981, 53.982, 53.989, 53.994, 53.995, 53.998, 53.999, 54.005, 54.013, 54.016, 54.019, 54.021, 54.028, 54.042, 54.043, 54.045, 54.053, 54.057, 54.061, 54.064, 54.067, 54.069, 54.071, 54.072, 54.078, 54.08, 54.089, 54.09, 54.092, 54.093, 54.094, 54.097, 54.11, 54.209, 54.384, 54.669, 54.989, 55.444, 57.28, 63.249]
---
Round: 110, Unk. prob.: 3.500e-04
Surv probs: 9.996e-01, Fail probs: 2.000e-05
No. of non-dominant rules: 109, Survival rules: 101, Failure rules: 8
Survival sample found from sampling.
No. of existing rules removed:  0
New rule added. System state: 1, System value: 54.029421. Total samples: 100000.
New rule (No. of conditions: 24): {'vbus1': ('>=', 1), 'vbus2': ('>=', 2), 'vbus3': ('>=', 1), 'vbus4': ('>=', 1), 'vbus5': ('>=', 1), 'vbus6': ('>=', 1), 'vbus8': ('>=', 1), 'vbus9': ('>=', 2), 'vbus13': ('>=', 1), 'vbus15': ('>=', 1), 'vbus16': ('>=', 1), 'vbus18': ('>=', 1), 'vbus55': ('>=', 1), 'br2': ('>=', 1), 'br3': ('>=', 1), 'br4': ('>=', 1), 'br5': ('>=', 1), 'br7': ('>=', 1), 'br8': ('>=', 1), 'br14': ('>=', 1), 'br15': ('>=', 1), 'br16': ('>=', 1), 'br19': ('>=', 1), 'br80': ('>=', 1), 'sys': ('>=', 1)}
Updated sys_vals: [50.911, 52.111, 52.271, 52.43, 52.546, 52.802, 52.944, 52.983, 52.99, 53.108, 53.119, 53.122, 53.35, 53.47, 53.505, 53.534, 53.55, 53.584, 53.598, 53.63, 53.71, 53.718, 53.744, 53.753, 53.76, 53.789, 53.79, 53.794, 53.824, 53.833, 53.851, 53.854, 53.855, 53.856, 53.857, 53.865, 53.87, 53.877, 53.878, 53.88, 53.885, 53.894, 53.899, 53.901, 53.922, 53.935, 53.945, 53.947, 53.949, 53.957, 53.968, 53.969, 53.977, 53.981, 53.982, 53.989, 53.994, 53.995, 53.998, 53.999, 54.005, 54.013, 54.016, 54.019, 54.021, 54.028, 54.029, 54.042, 54.043, 54.045, 54.053, 54.057, 54.061, 54.064, 54.067, 54.069, 54.071, 54.072, 54.078, 54.08, 54.089, 54.09, 54.092, 54.093, 54.094, 54.097, 54.11, 54.209, 54.384, 54.669, 54.989, 55.444, 57.28, 63.249]
---
Round: 111, Unk. prob.: 4.500e-04
Surv probs: 9.995e-01, Fail probs: 2.000e-05
No. of non-dominant rules: 110, Survival rules: 102, Failure rules: 8
Failure sample found from sampling.
No. of existing rules removed:  0
New rule added. System state: 0, System value: 54.789729. Total samples: 100000.
New rule (No. of conditions: 4): {'vbus1': ('<=', 0), 'vbus8': ('<=', 1), 'vbus9': ('<=', 2), 'vbus12': ('<=', 0), 'sys': ('<=', 0)}
Updated sys_vals: [50.911, 52.111, 52.271, 52.43, 52.546, 52.802, 52.944, 52.983, 52.99, 53.108, 53.119, 53.122, 53.35, 53.47, 53.505, 53.534, 53.55, 53.584, 53.598, 53.63, 53.71, 53.718, 53.744, 53.753, 53.76, 53.789, 53.79, 53.794, 53.824, 53.833, 53.851, 53.854, 53.855, 53.856, 53.857, 53.865, 53.87, 53.877, 53.878, 53.88, 53.885, 53.894, 53.899, 53.901, 53.922, 53.935, 53.945, 53.947, 53.949, 53.957, 53.968, 53.969, 53.977, 53.981, 53.982, 53.989, 53.994, 53.995, 53.998, 53.999, 54.005, 54.013, 54.016, 54.019, 54.021, 54.028, 54.029, 54.042, 54.043, 54.045, 54.053, 54.057, 54.061, 54.064, 54.067, 54.069, 54.071, 54.072, 54.078, 54.08, 54.089, 54.09, 54.092, 54.093, 54.094, 54.097, 54.11, 54.209, 54.384, 54.669, 54.79, 54.989, 55.444, 57.28, 63.249]
---
Round: 112, Unk. prob.: 4.100e-04
Surv probs: 9.996e-01, Fail probs: 2.000e-05
No. of non-dominant rules: 111, Survival rules: 102, Failure rules: 9
Survival sample found from sampling.
No. of existing rules removed:  0
New rule added. System state: 1, System value: 54.021426. Total samples: 100000.
New rule (No. of conditions: 57): {'vbus1': ('>=', 1), 'vbus2': ('>=', 1), 'vbus3': ('>=', 1), 'vbus4': ('>=', 1), 'vbus5': ('>=', 1), 'vbus6': ('>=', 2), 'vbus7': ('>=', 1), 'vbus8': ('>=', 1), 'vbus11': ('>=', 1), 'vbus13': ('>=', 1), 'vbus14': ('>=', 1), 'vbus15': ('>=', 1), 'vbus16': ('>=', 1), 'vbus18': ('>=', 1), 'vbus19': ('>=', 1), 'vbus20': ('>=', 1), 'vbus24': ('>=', 1), 'vbus25': ('>=', 1), 'vbus26': ('>=', 1), 'vbus27': ('>=', 1), 'vbus28': ('>=', 1), 'vbus29': ('>=', 1), 'vbus41': ('>=', 1), 'vbus43': ('>=', 1), 'vbus46': ('>=', 1), 'vbus47': ('>=', 1), 'vbus52': ('>=', 1), 'vbus53': ('>=', 1), 'vbus54': ('>=', 1), 'vbus56': ('>=', 1), 'br2': ('>=', 1), 'br3': ('>=', 1), 'br4': ('>=', 1), 'br14': ('>=', 1), 'br15': ('>=', 1), 'br16': ('>=', 1), 'br20': ('>=', 1), 'br22': ('>=', 1), 'br24': ('>=', 1), 'br28': ('>=', 1), 'br29': ('>=', 1), 'br30': ('>=', 1), 'br34': ('>=', 1), 'br35': ('>=', 1), 'br37': ('>=', 1), 'br38': ('>=', 1), 'br39': ('>=', 1), 'br40': ('>=', 1), 'br41': ('>=', 1), 'br54': ('>=', 1), 'br59': ('>=', 1), 'br60': ('>=', 1), 'br67': ('>=', 1), 'br68': ('>=', 1), 'br69': ('>=', 1), 'br71': ('>=', 1), 'br74': ('>=', 1), 'sys': ('>=', 1)}
---
Round: 113, Unk. prob.: 3.400e-04
Surv probs: 9.996e-01, Fail probs: 5.000e-05
No. of non-dominant rules: 112, Survival rules: 103, Failure rules: 9
Failure sample found from sampling.
No. of existing rules removed:  0
New rule added. System state: 0, System value: 55.462469. Total samples: 100000.
New rule (No. of conditions: 4): {'vbus6': ('<=', 1), 'vbus8': ('<=', 0), 'vbus12': ('<=', 0), 'br49': ('<=', 0), 'sys': ('<=', 0)}
Updated sys_vals: [50.911, 52.111, 52.271, 52.43, 52.546, 52.802, 52.944, 52.983, 52.99, 53.108, 53.119, 53.122, 53.35, 53.47, 53.505, 53.534, 53.55, 53.584, 53.598, 53.63, 53.71, 53.718, 53.744, 53.753, 53.76, 53.789, 53.79, 53.794, 53.824, 53.833, 53.851, 53.854, 53.855, 53.856, 53.857, 53.865, 53.87, 53.877, 53.878, 53.88, 53.885, 53.894, 53.899, 53.901, 53.922, 53.935, 53.945, 53.947, 53.949, 53.957, 53.968, 53.969, 53.977, 53.981, 53.982, 53.989, 53.994, 53.995, 53.998, 53.999, 54.005, 54.013, 54.016, 54.019, 54.021, 54.028, 54.029, 54.042, 54.043, 54.045, 54.053, 54.057, 54.061, 54.064, 54.067, 54.069, 54.071, 54.072, 54.078, 54.08, 54.089, 54.09, 54.092, 54.093, 54.094, 54.097, 54.11, 54.209, 54.384, 54.669, 54.79, 54.989, 55.444, 55.462, 57.28, 63.249]
---
Round: 114, Unk. prob.: 3.600e-04
Surv probs: 9.996e-01, Fail probs: 2.000e-05
No. of non-dominant rules: 113, Survival rules: 103, Failure rules: 10
Failure sample found from sampling.
No. of existing rules removed:  0
New rule added. System state: 0, System value: 64.739358. Total samples: 100000.
New rule (No. of conditions: 3): {'vbus8': ('<=', 0), 'vbus12': ('<=', 0), 'vbus15': ('<=', 0), 'sys': ('<=', 0)}
Updated sys_vals: [50.911, 52.111, 52.271, 52.43, 52.546, 52.802, 52.944, 52.983, 52.99, 53.108, 53.119, 53.122, 53.35, 53.47, 53.505, 53.534, 53.55, 53.584, 53.598, 53.63, 53.71, 53.718, 53.744, 53.753, 53.76, 53.789, 53.79, 53.794, 53.824, 53.833, 53.851, 53.854, 53.855, 53.856, 53.857, 53.865, 53.87, 53.877, 53.878, 53.88, 53.885, 53.894, 53.899, 53.901, 53.922, 53.935, 53.945, 53.947, 53.949, 53.957, 53.968, 53.969, 53.977, 53.981, 53.982, 53.989, 53.994, 53.995, 53.998, 53.999, 54.005, 54.013, 54.016, 54.019, 54.021, 54.028, 54.029, 54.042, 54.043, 54.045, 54.053, 54.057, 54.061, 54.064, 54.067, 54.069, 54.071, 54.072, 54.078, 54.08, 54.089, 54.09, 54.092, 54.093, 54.094, 54.097, 54.11, 54.209, 54.384, 54.669, 54.79, 54.989, 55.444, 55.462, 57.28, 63.249, 64.739]
---
Round: 115, Unk. prob.: 3.600e-04
Surv probs: 9.996e-01, Fail probs: 2.000e-05
No. of non-dominant rules: 114, Survival rules: 103, Failure rules: 11
Survival sample found from sampling.
No. of existing rules removed:  0
New rule added. System state: 1, System value: 54.036281. Total samples: 100000.
New rule (No. of conditions: 37): {'vbus1': ('>=', 1), 'vbus2': ('>=', 1), 'vbus4': ('>=', 1), 'vbus6': ('>=', 1), 'vbus7': ('>=', 1), 'vbus8': ('>=', 2), 'vbus9': ('>=', 1), 'vbus10': ('>=', 1), 'vbus11': ('>=', 1), 'vbus16': ('>=', 1), 'vbus17': ('>=', 1), 'vbus18': ('>=', 1), 'vbus28': ('>=', 1), 'vbus29': ('>=', 1), 'vbus41': ('>=', 1), 'vbus42': ('>=', 1), 'vbus43': ('>=', 1), 'vbus51': ('>=', 1), 'vbus52': ('>=', 1), 'vbus53': ('>=', 1), 'br5': ('>=', 1), 'br6': ('>=', 1), 'br8': ('>=', 1), 'br9': ('>=', 1), 'br10': ('>=', 1), 'br16': ('>=', 1), 'br17': ('>=', 1), 'br19': ('>=', 1), 'br22': ('>=', 1), 'br40': ('>=', 1), 'br41': ('>=', 1), 'br55': ('>=', 1), 'br56': ('>=', 1), 'br65': ('>=', 1), 'br67': ('>=', 1), 'br68': ('>=', 1), 'br71': ('>=', 1), 'sys': ('>=', 1)}
Updated sys_vals: [50.911, 52.111, 52.271, 52.43, 52.546, 52.802, 52.944, 52.983, 52.99, 53.108, 53.119, 53.122, 53.35, 53.47, 53.505, 53.534, 53.55, 53.584, 53.598, 53.63, 53.71, 53.718, 53.744, 53.753, 53.76, 53.789, 53.79, 53.794, 53.824, 53.833, 53.851, 53.854, 53.855, 53.856, 53.857, 53.865, 53.87, 53.877, 53.878, 53.88, 53.885, 53.894, 53.899, 53.901, 53.922, 53.935, 53.945, 53.947, 53.949, 53.957, 53.968, 53.969, 53.977, 53.981, 53.982, 53.989, 53.994, 53.995, 53.998, 53.999, 54.005, 54.013, 54.016, 54.019, 54.021, 54.028, 54.029, 54.036, 54.042, 54.043, 54.045, 54.053, 54.057, 54.061, 54.064, 54.067, 54.069, 54.071, 54.072, 54.078, 54.08, 54.089, 54.09, 54.092, 54.093, 54.094, 54.097, 54.11, 54.209, 54.384, 54.669, 54.79, 54.989, 55.444, 55.462, 57.28, 63.249, 64.739]
---
Round: 116, Unk. prob.: 3.000e-04
Surv probs: 9.997e-01, Fail probs: 5.000e-05
No. of non-dominant rules: 115, Survival rules: 104, Failure rules: 11
Survival sample found from sampling.
No. of existing rules removed:  0
New rule added. System state: 1, System value: 54.077895. Total samples: 100000.
New rule (No. of conditions: 29): {'vbus1': ('>=', 1), 'vbus2': ('>=', 1), 'vbus3': ('>=', 1), 'vbus4': ('>=', 1), 'vbus5': ('>=', 1), 'vbus6': ('>=', 1), 'vbus7': ('>=', 1), 'vbus8': ('>=', 2), 'vbus9': ('>=', 1), 'vbus10': ('>=', 1), 'vbus13': ('>=', 1), 'vbus16': ('>=', 1), 'vbus18': ('>=', 1), 'vbus19': ('>=', 1), 'vbus50': ('>=', 1), 'vbus51': ('>=', 1), 'br2': ('>=', 1), 'br3': ('>=', 1), 'br4': ('>=', 1), 'br6': ('>=', 1), 'br8': ('>=', 1), 'br9': ('>=', 1), 'br12': ('>=', 1), 'br16': ('>=', 1), 'br20': ('>=', 1), 'br22': ('>=', 1), 'br29': ('>=', 1), 'br64': ('>=', 1), 'br65': ('>=', 1), 'sys': ('>=', 1)}
---
Round: 117, Unk. prob.: 3.700e-04
Surv probs: 9.996e-01, Fail probs: 3.000e-05
No. of non-dominant rules: 116, Survival rules: 105, Failure rules: 11
Survival sample found from sampling.
No. of existing rules removed:  0
New rule added. System state: 1, System value: 54.003949. Total samples: 100000.
New rule (No. of conditions: 28): {'vbus3': ('>=', 2), 'vbus8': ('>=', 1), 'vbus9': ('>=', 2), 'vbus11': ('>=', 1), 'vbus12': ('>=', 1), 'vbus15': ('>=', 1), 'vbus38': ('>=', 1), 'vbus41': ('>=', 1), 'vbus43': ('>=', 1), 'vbus44': ('>=', 1), 'vbus45': ('>=', 1), 'vbus47': ('>=', 1), 'vbus48': ('>=', 1), 'vbus56': ('>=', 1), 'vbus57': ('>=', 1), 'br8': ('>=', 1), 'br10': ('>=', 1), 'br11': ('>=', 1), 'br18': ('>=', 1), 'br56': ('>=', 1), 'br57': ('>=', 1), 'br58': ('>=', 1), 'br61': ('>=', 1), 'br71': ('>=', 1), 'br72': ('>=', 1), 'br74': ('>=', 1), 'br77': ('>=', 1), 'br79': ('>=', 1), 'sys': ('>=', 1)}
Updated sys_vals: [50.911, 52.111, 52.271, 52.43, 52.546, 52.802, 52.944, 52.983, 52.99, 53.108, 53.119, 53.122, 53.35, 53.47, 53.505, 53.534, 53.55, 53.584, 53.598, 53.63, 53.71, 53.718, 53.744, 53.753, 53.76, 53.789, 53.79, 53.794, 53.824, 53.833, 53.851, 53.854, 53.855, 53.856, 53.857, 53.865, 53.87, 53.877, 53.878, 53.88, 53.885, 53.894, 53.899, 53.901, 53.922, 53.935, 53.945, 53.947, 53.949, 53.957, 53.968, 53.969, 53.977, 53.981, 53.982, 53.989, 53.994, 53.995, 53.998, 53.999, 54.004, 54.005, 54.013, 54.016, 54.019, 54.021, 54.028, 54.029, 54.036, 54.042, 54.043, 54.045, 54.053, 54.057, 54.061, 54.064, 54.067, 54.069, 54.071, 54.072, 54.078, 54.08, 54.089, 54.09, 54.092, 54.093, 54.094, 54.097, 54.11, 54.209, 54.384, 54.669, 54.79, 54.989, 55.444, 55.462, 57.28, 63.249, 64.739]
---
Round: 118, Unk. prob.: 3.000e-04
Surv probs: 9.997e-01, Fail probs: 3.000e-05
No. of non-dominant rules: 117, Survival rules: 106, Failure rules: 11
Survival sample found from sampling.
No. of existing rules removed:  0
New rule added. System state: 1, System value: 53.949472. Total samples: 100000.
New rule (No. of conditions: 16): {'vbus2': ('>=', 1), 'vbus3': ('>=', 1), 'vbus4': ('>=', 1), 'vbus6': ('>=', 2), 'vbus7': ('>=', 1), 'vbus8': ('>=', 1), 'vbus9': ('>=', 1), 'vbus12': ('>=', 1), 'vbus15': ('>=', 1), 'br2': ('>=', 1), 'br3': ('>=', 1), 'br5': ('>=', 1), 'br6': ('>=', 1), 'br8': ('>=', 1), 'br18': ('>=', 1), 'br22': ('>=', 1), 'sys': ('>=', 1)}
---
Round: 119, Unk. prob.: 3.400e-04
Surv probs: 9.996e-01, Fail probs: 2.000e-05
No. of non-dominant rules: 118, Survival rules: 107, Failure rules: 11
Failure sample found from sampling.
No. of existing rules removed:  0
New rule added. System state: 0, System value: 54.445319. Total samples: 100000.
New rule (No. of conditions: 3): {'vbus8': ('<=', 0), 'vbus9': ('<=', 1), 'vbus12': ('<=', 0), 'sys': ('<=', 0)}
Updated sys_vals: [50.911, 52.111, 52.271, 52.43, 52.546, 52.802, 52.944, 52.983, 52.99, 53.108, 53.119, 53.122, 53.35, 53.47, 53.505, 53.534, 53.55, 53.584, 53.598, 53.63, 53.71, 53.718, 53.744, 53.753, 53.76, 53.789, 53.79, 53.794, 53.824, 53.833, 53.851, 53.854, 53.855, 53.856, 53.857, 53.865, 53.87, 53.877, 53.878, 53.88, 53.885, 53.894, 53.899, 53.901, 53.922, 53.935, 53.945, 53.947, 53.949, 53.957, 53.968, 53.969, 53.977, 53.981, 53.982, 53.989, 53.994, 53.995, 53.998, 53.999, 54.004, 54.005, 54.013, 54.016, 54.019, 54.021, 54.028, 54.029, 54.036, 54.042, 54.043, 54.045, 54.053, 54.057, 54.061, 54.064, 54.067, 54.069, 54.071, 54.072, 54.078, 54.08, 54.089, 54.09, 54.092, 54.093, 54.094, 54.097, 54.11, 54.209, 54.384, 54.445, 54.669, 54.79, 54.989, 55.444, 55.462, 57.28, 63.249, 64.739]
---
Round: 120, Unk. prob.: 3.300e-04
Surv probs: 9.997e-01, Fail probs: 0.000e+00
No. of non-dominant rules: 119, Survival rules: 107, Failure rules: 12
Failure sample found from sampling.
No. of existing rules removed:  0
New rule added. System state: 0, System value: 54.325341. Total samples: 100000.
New rule (No. of conditions: 7): {'vbus6': ('<=', 2), 'vbus8': ('<=', 0), 'vbus9': ('<=', 1), 'vbus12': ('<=', 1), 'vbus16': ('<=', 0), 'br17': ('<=', 0), 'br59': ('<=', 0), 'sys': ('<=', 0)}
Updated sys_vals: [50.911, 52.111, 52.271, 52.43, 52.546, 52.802, 52.944, 52.983, 52.99, 53.108, 53.119, 53.122, 53.35, 53.47, 53.505, 53.534, 53.55, 53.584, 53.598, 53.63, 53.71, 53.718, 53.744, 53.753, 53.76, 53.789, 53.79, 53.794, 53.824, 53.833, 53.851, 53.854, 53.855, 53.856, 53.857, 53.865, 53.87, 53.877, 53.878, 53.88, 53.885, 53.894, 53.899, 53.901, 53.922, 53.935, 53.945, 53.947, 53.949, 53.957, 53.968, 53.969, 53.977, 53.981, 53.982, 53.989, 53.994, 53.995, 53.998, 53.999, 54.004, 54.005, 54.013, 54.016, 54.019, 54.021, 54.028, 54.029, 54.036, 54.042, 54.043, 54.045, 54.053, 54.057, 54.061, 54.064, 54.067, 54.069, 54.071, 54.072, 54.078, 54.08, 54.089, 54.09, 54.092, 54.093, 54.094, 54.097, 54.11, 54.209, 54.325, 54.384, 54.445, 54.669, 54.79, 54.989, 55.444, 55.462, 57.28, 63.249, 64.739]
---
Round: 121, Unk. prob.: 2.700e-04
Surv probs: 9.997e-01, Fail probs: 5.000e-05
No. of non-dominant rules: 120, Survival rules: 107, Failure rules: 13
Survival sample found from sampling.
No. of existing rules removed:  0
New rule added. System state: 1, System value: 53.834243. Total samples: 100000.
New rule (No. of conditions: 23): {'vbus1': ('>=', 1), 'vbus2': ('>=', 1), 'vbus3': ('>=', 1), 'vbus9': ('>=', 3), 'vbus12': ('>=', 1), 'vbus13': ('>=', 1), 'vbus14': ('>=', 1), 'vbus15': ('>=', 1), 'vbus17': ('>=', 1), 'vbus38': ('>=', 1), 'vbus44': ('>=', 1), 'vbus45': ('>=', 1), 'br2': ('>=', 1), 'br12': ('>=', 1), 'br13': ('>=', 1), 'br14': ('>=', 1), 'br15': ('>=', 1), 'br17': ('>=', 1), 'br18': ('>=', 1), 'br27': ('>=', 1), 'br57': ('>=', 1), 'br58': ('>=', 1), 'br72': ('>=', 1), 'sys': ('>=', 1)}
Updated sys_vals: [50.911, 52.111, 52.271, 52.43, 52.546, 52.802, 52.944, 52.983, 52.99, 53.108, 53.119, 53.122, 53.35, 53.47, 53.505, 53.534, 53.55, 53.584, 53.598, 53.63, 53.71, 53.718, 53.744, 53.753, 53.76, 53.789, 53.79, 53.794, 53.824, 53.833, 53.834, 53.851, 53.854, 53.855, 53.856, 53.857, 53.865, 53.87, 53.877, 53.878, 53.88, 53.885, 53.894, 53.899, 53.901, 53.922, 53.935, 53.945, 53.947, 53.949, 53.957, 53.968, 53.969, 53.977, 53.981, 53.982, 53.989, 53.994, 53.995, 53.998, 53.999, 54.004, 54.005, 54.013, 54.016, 54.019, 54.021, 54.028, 54.029, 54.036, 54.042, 54.043, 54.045, 54.053, 54.057, 54.061, 54.064, 54.067, 54.069, 54.071, 54.072, 54.078, 54.08, 54.089, 54.09, 54.092, 54.093, 54.094, 54.097, 54.11, 54.209, 54.325, 54.384, 54.445, 54.669, 54.79, 54.989, 55.444, 55.462, 57.28, 63.249, 64.739]
---
Round: 122, Unk. prob.: 3.500e-04
Surv probs: 9.996e-01, Fail probs: 3.000e-05
No. of non-dominant rules: 121, Survival rules: 108, Failure rules: 13
Survival sample found from sampling.
No. of existing rules removed:  0
New rule added. System state: 1, System value: 53.989447. Total samples: 100000.
New rule (No. of conditions: 33): {'vbus1': ('>=', 1), 'vbus2': ('>=', 1), 'vbus3': ('>=', 1), 'vbus6': ('>=', 1), 'vbus7': ('>=', 1), 'vbus8': ('>=', 1), 'vbus9': ('>=', 2), 'vbus13': ('>=', 1), 'vbus14': ('>=', 1), 'vbus15': ('>=', 1), 'vbus17': ('>=', 1), 'vbus27': ('>=', 1), 'vbus28': ('>=', 1), 'vbus29': ('>=', 1), 'vbus38': ('>=', 1), 'vbus44': ('>=', 1), 'vbus45': ('>=', 1), 'vbus49': ('>=', 1), 'vbus52': ('>=', 1), 'br7': ('>=', 1), 'br13': ('>=', 1), 'br14': ('>=', 1), 'br15': ('>=', 1), 'br17': ('>=', 1), 'br22': ('>=', 1), 'br39': ('>=', 1), 'br40': ('>=', 1), 'br41': ('>=', 1), 'br57': ('>=', 1), 'br58': ('>=', 1), 'br66': ('>=', 1), 'br67': ('>=', 1), 'br72': ('>=', 1), 'sys': ('>=', 1)}
---
Round: 123, Unk. prob.: 3.100e-04
Surv probs: 9.997e-01, Fail probs: 4.000e-05
No. of non-dominant rules: 122, Survival rules: 109, Failure rules: 13
Survival sample found from sampling.
No. of existing rules removed:  0
New rule added. System state: 1, System value: 53.813559. Total samples: 100000.
New rule (No. of conditions: 18): {'vbus2': ('>=', 2), 'vbus3': ('>=', 1), 'vbus4': ('>=', 1), 'vbus5': ('>=', 1), 'vbus6': ('>=', 2), 'vbus9': ('>=', 1), 'vbus12': ('>=', 2), 'vbus13': ('>=', 1), 'vbus14': ('>=', 1), 'vbus15': ('>=', 1), 'vbus18': ('>=', 1), 'br2': ('>=', 1), 'br3': ('>=', 1), 'br4': ('>=', 1), 'br13': ('>=', 1), 'br18': ('>=', 1), 'br19': ('>=', 1), 'br28': ('>=', 1), 'sys': ('>=', 1)}
Updated sys_vals: [50.911, 52.111, 52.271, 52.43, 52.546, 52.802, 52.944, 52.983, 52.99, 53.108, 53.119, 53.122, 53.35, 53.47, 53.505, 53.534, 53.55, 53.584, 53.598, 53.63, 53.71, 53.718, 53.744, 53.753, 53.76, 53.789, 53.79, 53.794, 53.814, 53.824, 53.833, 53.834, 53.851, 53.854, 53.855, 53.856, 53.857, 53.865, 53.87, 53.877, 53.878, 53.88, 53.885, 53.894, 53.899, 53.901, 53.922, 53.935, 53.945, 53.947, 53.949, 53.957, 53.968, 53.969, 53.977, 53.981, 53.982, 53.989, 53.994, 53.995, 53.998, 53.999, 54.004, 54.005, 54.013, 54.016, 54.019, 54.021, 54.028, 54.029, 54.036, 54.042, 54.043, 54.045, 54.053, 54.057, 54.061, 54.064, 54.067, 54.069, 54.071, 54.072, 54.078, 54.08, 54.089, 54.09, 54.092, 54.093, 54.094, 54.097, 54.11, 54.209, 54.325, 54.384, 54.445, 54.669, 54.79, 54.989, 55.444, 55.462, 57.28, 63.249, 64.739]
---
Round: 124, Unk. prob.: 3.400e-04
Surv probs: 9.995e-01, Fail probs: 1.200e-04
No. of non-dominant rules: 123, Survival rules: 110, Failure rules: 13
Survival sample found from sampling.
No. of existing rules removed:  0
New rule added. System state: 1, System value: 53.877216. Total samples: 100000.
New rule (No. of conditions: 11): {'vbus1': ('>=', 2), 'vbus3': ('>=', 1), 'vbus9': ('>=', 3), 'vbus12': ('>=', 1), 'vbus16': ('>=', 1), 'vbus17': ('>=', 1), 'vbus44': ('>=', 1), 'br16': ('>=', 1), 'br17': ('>=', 1), 'br26': ('>=', 1), 'br27': ('>=', 1), 'sys': ('>=', 1)}
---
Round: 125, Unk. prob.: 2.400e-04
Surv probs: 9.997e-01, Fail probs: 3.000e-05
No. of non-dominant rules: 124, Survival rules: 111, Failure rules: 13
Failure sample found from sampling.
No. of existing rules removed:  0
New rule added. System state: 0, System value: 55.228654. Total samples: 100000.
New rule (No. of conditions: 7): {'vbus1': ('<=', 0), 'vbus2': ('<=', 1), 'vbus3': ('<=', 1), 'vbus6': ('<=', 1), 'vbus8': ('<=', 1), 'vbus9': ('<=', 1), 'vbus12': ('<=', 1), 'sys': ('<=', 0)}
Updated sys_vals: [50.911, 52.111, 52.271, 52.43, 52.546, 52.802, 52.944, 52.983, 52.99, 53.108, 53.119, 53.122, 53.35, 53.47, 53.505, 53.534, 53.55, 53.584, 53.598, 53.63, 53.71, 53.718, 53.744, 53.753, 53.76, 53.789, 53.79, 53.794, 53.814, 53.824, 53.833, 53.834, 53.851, 53.854, 53.855, 53.856, 53.857, 53.865, 53.87, 53.877, 53.878, 53.88, 53.885, 53.894, 53.899, 53.901, 53.922, 53.935, 53.945, 53.947, 53.949, 53.957, 53.968, 53.969, 53.977, 53.981, 53.982, 53.989, 53.994, 53.995, 53.998, 53.999, 54.004, 54.005, 54.013, 54.016, 54.019, 54.021, 54.028, 54.029, 54.036, 54.042, 54.043, 54.045, 54.053, 54.057, 54.061, 54.064, 54.067, 54.069, 54.071, 54.072, 54.078, 54.08, 54.089, 54.09, 54.092, 54.093, 54.094, 54.097, 54.11, 54.209, 54.325, 54.384, 54.445, 54.669, 54.79, 54.989, 55.229, 55.444, 55.462, 57.28, 63.249, 64.739]
---
Round: 126, Unk. prob.: 3.700e-04
Surv probs: 9.996e-01, Fail probs: 6.000e-05
No. of non-dominant rules: 125, Survival rules: 111, Failure rules: 14
Survival sample found from sampling.
No. of existing rules removed:  0
New rule added. System state: 1, System value: 54.094351. Total samples: 100000.
New rule (No. of conditions: 32): {'vbus1': ('>=', 2), 'vbus2': ('>=', 1), 'vbus6': ('>=', 1), 'vbus9': ('>=', 2), 'vbus12': ('>=', 1), 'vbus13': ('>=', 1), 'vbus14': ('>=', 1), 'vbus15': ('>=', 1), 'vbus16': ('>=', 1), 'vbus38': ('>=', 1), 'vbus41': ('>=', 1), 'vbus43': ('>=', 1), 'vbus44': ('>=', 1), 'vbus46': ('>=', 1), 'vbus47': ('>=', 1), 'vbus48': ('>=', 1), 'vbus49': ('>=', 1), 'br12': ('>=', 1), 'br14': ('>=', 1), 'br15': ('>=', 1), 'br16': ('>=', 1), 'br24': ('>=', 1), 'br26': ('>=', 1), 'br28': ('>=', 1), 'br56': ('>=', 1), 'br57': ('>=', 1), 'br59': ('>=', 1), 'br60': ('>=', 1), 'br61': ('>=', 1), 'br66': ('>=', 1), 'br71': ('>=', 1), 'br79': ('>=', 1), 'sys': ('>=', 1)}
---
Round: 127, Unk. prob.: 2.700e-04
Surv probs: 9.997e-01, Fail probs: 5.000e-05
No. of non-dominant rules: 126, Survival rules: 112, Failure rules: 14
Survival sample found from sampling.
No. of existing rules removed:  0
New rule added. System state: 1, System value: 53.758254. Total samples: 100000.
New rule (No. of conditions: 17): {'vbus1': ('>=', 1), 'vbus2': ('>=', 1), 'vbus3': ('>=', 1), 'vbus4': ('>=', 1), 'vbus6': ('>=', 1), 'vbus9': ('>=', 2), 'vbus12': ('>=', 1), 'vbus16': ('>=', 1), 'vbus17': ('>=', 1), 'vbus18': ('>=', 1), 'br2': ('>=', 1), 'br3': ('>=', 1), 'br5': ('>=', 1), 'br16': ('>=', 1), 'br17': ('>=', 1), 'br20': ('>=', 1), 'br26': ('>=', 1), 'sys': ('>=', 1)}
Updated sys_vals: [50.911, 52.111, 52.271, 52.43, 52.546, 52.802, 52.944, 52.983, 52.99, 53.108, 53.119, 53.122, 53.35, 53.47, 53.505, 53.534, 53.55, 53.584, 53.598, 53.63, 53.71, 53.718, 53.744, 53.753, 53.758, 53.76, 53.789, 53.79, 53.794, 53.814, 53.824, 53.833, 53.834, 53.851, 53.854, 53.855, 53.856, 53.857, 53.865, 53.87, 53.877, 53.878, 53.88, 53.885, 53.894, 53.899, 53.901, 53.922, 53.935, 53.945, 53.947, 53.949, 53.957, 53.968, 53.969, 53.977, 53.981, 53.982, 53.989, 53.994, 53.995, 53.998, 53.999, 54.004, 54.005, 54.013, 54.016, 54.019, 54.021, 54.028, 54.029, 54.036, 54.042, 54.043, 54.045, 54.053, 54.057, 54.061, 54.064, 54.067, 54.069, 54.071, 54.072, 54.078, 54.08, 54.089, 54.09, 54.092, 54.093, 54.094, 54.097, 54.11, 54.209, 54.325, 54.384, 54.445, 54.669, 54.79, 54.989, 55.229, 55.444, 55.462, 57.28, 63.249, 64.739]
---
Round: 128, Unk. prob.: 3.100e-04
Surv probs: 9.996e-01, Fail probs: 6.000e-05
No. of non-dominant rules: 127, Survival rules: 113, Failure rules: 14
Survival sample found from sampling.
No. of existing rules removed:  0
New rule added. System state: 1, System value: 53.977624. Total samples: 100000.
New rule (No. of conditions: 30): {'vbus1': ('>=', 1), 'vbus2': ('>=', 1), 'vbus3': ('>=', 1), 'vbus4': ('>=', 1), 'vbus5': ('>=', 1), 'vbus6': ('>=', 2), 'vbus9': ('>=', 3), 'vbus12': ('>=', 1), 'vbus13': ('>=', 1), 'vbus15': ('>=', 1), 'vbus18': ('>=', 1), 'vbus19': ('>=', 1), 'vbus20': ('>=', 1), 'vbus44': ('>=', 1), 'vbus45': ('>=', 1), 'vbus49': ('>=', 1), 'vbus50': ('>=', 1), 'br2': ('>=', 1), 'br3': ('>=', 1), 'br14': ('>=', 1), 'br15': ('>=', 1), 'br20': ('>=', 1), 'br21': ('>=', 1), 'br25': ('>=', 1), 'br29': ('>=', 1), 'br30': ('>=', 1), 'br58': ('>=', 1), 'br63': ('>=', 1), 'br66': ('>=', 1), 'br72': ('>=', 1), 'sys': ('>=', 1)}
Updated sys_vals: [50.911, 52.111, 52.271, 52.43, 52.546, 52.802, 52.944, 52.983, 52.99, 53.108, 53.119, 53.122, 53.35, 53.47, 53.505, 53.534, 53.55, 53.584, 53.598, 53.63, 53.71, 53.718, 53.744, 53.753, 53.758, 53.76, 53.789, 53.79, 53.794, 53.814, 53.824, 53.833, 53.834, 53.851, 53.854, 53.855, 53.856, 53.857, 53.865, 53.87, 53.877, 53.878, 53.88, 53.885, 53.894, 53.899, 53.901, 53.922, 53.935, 53.945, 53.947, 53.949, 53.957, 53.968, 53.969, 53.977, 53.978, 53.981, 53.982, 53.989, 53.994, 53.995, 53.998, 53.999, 54.004, 54.005, 54.013, 54.016, 54.019, 54.021, 54.028, 54.029, 54.036, 54.042, 54.043, 54.045, 54.053, 54.057, 54.061, 54.064, 54.067, 54.069, 54.071, 54.072, 54.078, 54.08, 54.089, 54.09, 54.092, 54.093, 54.094, 54.097, 54.11, 54.209, 54.325, 54.384, 54.445, 54.669, 54.79, 54.989, 55.229, 55.444, 55.462, 57.28, 63.249, 64.739]
---
Round: 129, Unk. prob.: 1.800e-04
Surv probs: 9.998e-01, Fail probs: 2.000e-05
No. of non-dominant rules: 128, Survival rules: 114, Failure rules: 14
Survival sample found from sampling.
No. of existing rules removed:  0
New rule added. System state: 1, System value: 54.091115. Total samples: 100000.
New rule (No. of conditions: 44): {'vbus1': ('>=', 1), 'vbus2': ('>=', 1), 'vbus4': ('>=', 1), 'vbus6': ('>=', 2), 'vbus9': ('>=', 3), 'vbus12': ('>=', 1), 'vbus13': ('>=', 1), 'vbus14': ('>=', 1), 'vbus15': ('>=', 1), 'vbus18': ('>=', 1), 'vbus32': ('>=', 1), 'vbus34': ('>=', 1), 'vbus35': ('>=', 1), 'vbus36': ('>=', 1), 'vbus37': ('>=', 1), 'vbus38': ('>=', 1), 'vbus44': ('>=', 1), 'vbus45': ('>=', 1), 'vbus46': ('>=', 1), 'vbus47': ('>=', 1), 'vbus48': ('>=', 1), 'vbus49': ('>=', 1), 'vbus50': ('>=', 1), 'br5': ('>=', 1), 'br12': ('>=', 1), 'br14': ('>=', 1), 'br15': ('>=', 1), 'br20': ('>=', 1), 'br24': ('>=', 1), 'br25': ('>=', 1), 'br28': ('>=', 1), 'br46': ('>=', 1), 'br47': ('>=', 1), 'br48': ('>=', 1), 'br49': ('>=', 1), 'br50': ('>=', 1), 'br58': ('>=', 1), 'br59': ('>=', 1), 'br60': ('>=', 1), 'br61': ('>=', 1), 'br63': ('>=', 1), 'br66': ('>=', 1), 'br72': ('>=', 1), 'br79': ('>=', 1), 'sys': ('>=', 1)}
Updated sys_vals: [50.911, 52.111, 52.271, 52.43, 52.546, 52.802, 52.944, 52.983, 52.99, 53.108, 53.119, 53.122, 53.35, 53.47, 53.505, 53.534, 53.55, 53.584, 53.598, 53.63, 53.71, 53.718, 53.744, 53.753, 53.758, 53.76, 53.789, 53.79, 53.794, 53.814, 53.824, 53.833, 53.834, 53.851, 53.854, 53.855, 53.856, 53.857, 53.865, 53.87, 53.877, 53.878, 53.88, 53.885, 53.894, 53.899, 53.901, 53.922, 53.935, 53.945, 53.947, 53.949, 53.957, 53.968, 53.969, 53.977, 53.978, 53.981, 53.982, 53.989, 53.994, 53.995, 53.998, 53.999, 54.004, 54.005, 54.013, 54.016, 54.019, 54.021, 54.028, 54.029, 54.036, 54.042, 54.043, 54.045, 54.053, 54.057, 54.061, 54.064, 54.067, 54.069, 54.071, 54.072, 54.078, 54.08, 54.089, 54.09, 54.091, 54.092, 54.093, 54.094, 54.097, 54.11, 54.209, 54.325, 54.384, 54.445, 54.669, 54.79, 54.989, 55.229, 55.444, 55.462, 57.28, 63.249, 64.739]
---
Round: 130, Unk. prob.: 2.800e-04
Surv probs: 9.996e-01, Fail probs: 9.000e-05
No. of non-dominant rules: 129, Survival rules: 115, Failure rules: 14
Failure sample found from sampling.
No. of existing rules removed:  0
New rule added. System state: 0, System value: 54.218253. Total samples: 100000.
New rule (No. of conditions: 3): {'vbus8': ('<=', 0), 'vbus12': ('<=', 0), 'br3': ('<=', 0), 'sys': ('<=', 0)}
Updated sys_vals: [50.911, 52.111, 52.271, 52.43, 52.546, 52.802, 52.944, 52.983, 52.99, 53.108, 53.119, 53.122, 53.35, 53.47, 53.505, 53.534, 53.55, 53.584, 53.598, 53.63, 53.71, 53.718, 53.744, 53.753, 53.758, 53.76, 53.789, 53.79, 53.794, 53.814, 53.824, 53.833, 53.834, 53.851, 53.854, 53.855, 53.856, 53.857, 53.865, 53.87, 53.877, 53.878, 53.88, 53.885, 53.894, 53.899, 53.901, 53.922, 53.935, 53.945, 53.947, 53.949, 53.957, 53.968, 53.969, 53.977, 53.978, 53.981, 53.982, 53.989, 53.994, 53.995, 53.998, 53.999, 54.004, 54.005, 54.013, 54.016, 54.019, 54.021, 54.028, 54.029, 54.036, 54.042, 54.043, 54.045, 54.053, 54.057, 54.061, 54.064, 54.067, 54.069, 54.071, 54.072, 54.078, 54.08, 54.089, 54.09, 54.091, 54.092, 54.093, 54.094, 54.097, 54.11, 54.209, 54.218, 54.325, 54.384, 54.445, 54.669, 54.79, 54.989, 55.229, 55.444, 55.462, 57.28, 63.249, 64.739]
---
Round: 131, Unk. prob.: 2.100e-04
Surv probs: 9.997e-01, Fail probs: 9.000e-05
No. of non-dominant rules: 130, Survival rules: 115, Failure rules: 15
Survival sample found from sampling.
No. of existing rules removed:  0
New rule added. System state: 1, System value: 54.032552. Total samples: 100000.
New rule (No. of conditions: 19): {'vbus1': ('>=', 1), 'vbus2': ('>=', 1), 'vbus3': ('>=', 1), 'vbus5': ('>=', 1), 'vbus6': ('>=', 3), 'vbus7': ('>=', 1), 'vbus9': ('>=', 1), 'vbus12': ('>=', 1), 'vbus16': ('>=', 1), 'vbus17': ('>=', 1), 'vbus28': ('>=', 1), 'vbus29': ('>=', 1), 'br6': ('>=', 1), 'br16': ('>=', 1), 'br17': ('>=', 1), 'br21': ('>=', 1), 'br27': ('>=', 1), 'br40': ('>=', 1), 'br41': ('>=', 1), 'sys': ('>=', 1)}
Updated sys_vals: [50.911, 52.111, 52.271, 52.43, 52.546, 52.802, 52.944, 52.983, 52.99, 53.108, 53.119, 53.122, 53.35, 53.47, 53.505, 53.534, 53.55, 53.584, 53.598, 53.63, 53.71, 53.718, 53.744, 53.753, 53.758, 53.76, 53.789, 53.79, 53.794, 53.814, 53.824, 53.833, 53.834, 53.851, 53.854, 53.855, 53.856, 53.857, 53.865, 53.87, 53.877, 53.878, 53.88, 53.885, 53.894, 53.899, 53.901, 53.922, 53.935, 53.945, 53.947, 53.949, 53.957, 53.968, 53.969, 53.977, 53.978, 53.981, 53.982, 53.989, 53.994, 53.995, 53.998, 53.999, 54.004, 54.005, 54.013, 54.016, 54.019, 54.021, 54.028, 54.029, 54.033, 54.036, 54.042, 54.043, 54.045, 54.053, 54.057, 54.061, 54.064, 54.067, 54.069, 54.071, 54.072, 54.078, 54.08, 54.089, 54.09, 54.091, 54.092, 54.093, 54.094, 54.097, 54.11, 54.209, 54.218, 54.325, 54.384, 54.445, 54.669, 54.79, 54.989, 55.229, 55.444, 55.462, 57.28, 63.249, 64.739]
---
Round: 132, Unk. prob.: 2.100e-04
Surv probs: 9.997e-01, Fail probs: 1.000e-04
No. of non-dominant rules: 131, Survival rules: 116, Failure rules: 15
Survival sample found from sampling.
No. of existing rules removed:  0
New rule added. System state: 1, System value: 53.990478. Total samples: 100000.
New rule (No. of conditions: 25): {'vbus1': ('>=', 1), 'vbus3': ('>=', 2), 'vbus6': ('>=', 2), 'vbus8': ('>=', 1), 'vbus9': ('>=', 1), 'vbus15': ('>=', 1), 'vbus16': ('>=', 1), 'vbus17': ('>=', 1), 'vbus37': ('>=', 1), 'vbus38': ('>=', 1), 'vbus39': ('>=', 1), 'vbus44': ('>=', 1), 'vbus45': ('>=', 1), 'vbus57': ('>=', 1), 'br7': ('>=', 1), 'br8': ('>=', 1), 'br16': ('>=', 1), 'br17': ('>=', 1), 'br18': ('>=', 1), 'br50': ('>=', 1), 'br51': ('>=', 1), 'br57': ('>=', 1), 'br58': ('>=', 1), 'br72': ('>=', 1), 'br76': ('>=', 1), 'sys': ('>=', 1)}
Updated sys_vals: [50.911, 52.111, 52.271, 52.43, 52.546, 52.802, 52.944, 52.983, 52.99, 53.108, 53.119, 53.122, 53.35, 53.47, 53.505, 53.534, 53.55, 53.584, 53.598, 53.63, 53.71, 53.718, 53.744, 53.753, 53.758, 53.76, 53.789, 53.79, 53.794, 53.814, 53.824, 53.833, 53.834, 53.851, 53.854, 53.855, 53.856, 53.857, 53.865, 53.87, 53.877, 53.878, 53.88, 53.885, 53.894, 53.899, 53.901, 53.922, 53.935, 53.945, 53.947, 53.949, 53.957, 53.968, 53.969, 53.977, 53.978, 53.981, 53.982, 53.989, 53.99, 53.994, 53.995, 53.998, 53.999, 54.004, 54.005, 54.013, 54.016, 54.019, 54.021, 54.028, 54.029, 54.033, 54.036, 54.042, 54.043, 54.045, 54.053, 54.057, 54.061, 54.064, 54.067, 54.069, 54.071, 54.072, 54.078, 54.08, 54.089, 54.09, 54.091, 54.092, 54.093, 54.094, 54.097, 54.11, 54.209, 54.218, 54.325, 54.384, 54.445, 54.669, 54.79, 54.989, 55.229, 55.444, 55.462, 57.28, 63.249, 64.739]
---
Round: 133, Unk. prob.: 2.900e-04
Surv probs: 9.997e-01, Fail probs: 6.000e-05
No. of non-dominant rules: 132, Survival rules: 117, Failure rules: 15
Survival sample found from sampling.
No. of existing rules removed:  0
New rule added. System state: 1, System value: 53.978635. Total samples: 100000.
New rule (No. of conditions: 51): {'vbus1': ('>=', 1), 'vbus2': ('>=', 1), 'vbus3': ('>=', 2), 'vbus4': ('>=', 1), 'vbus5': ('>=', 1), 'vbus6': ('>=', 2), 'vbus7': ('>=', 1), 'vbus8': ('>=', 1), 'vbus11': ('>=', 1), 'vbus13': ('>=', 1), 'vbus15': ('>=', 1), 'vbus16': ('>=', 1), 'vbus17': ('>=', 1), 'vbus18': ('>=', 1), 'vbus19': ('>=', 1), 'vbus29': ('>=', 1), 'vbus36': ('>=', 1), 'vbus37': ('>=', 1), 'vbus38': ('>=', 1), 'vbus40': ('>=', 1), 'vbus43': ('>=', 1), 'vbus44': ('>=', 1), 'vbus45': ('>=', 1), 'vbus52': ('>=', 1), 'vbus53': ('>=', 1), 'vbus54': ('>=', 1), 'vbus55': ('>=', 1), 'vbus56': ('>=', 1), 'br3': ('>=', 1), 'br4': ('>=', 1), 'br14': ('>=', 1), 'br15': ('>=', 1), 'br16': ('>=', 1), 'br17': ('>=', 1), 'br20': ('>=', 1), 'br22': ('>=', 1), 'br24': ('>=', 1), 'br29': ('>=', 1), 'br41': ('>=', 1), 'br49': ('>=', 1), 'br50': ('>=', 1), 'br52': ('>=', 1), 'br57': ('>=', 1), 'br58': ('>=', 1), 'br67': ('>=', 1), 'br68': ('>=', 1), 'br69': ('>=', 1), 'br70': ('>=', 1), 'br71': ('>=', 1), 'br72': ('>=', 1), 'br73': ('>=', 1), 'sys': ('>=', 1)}
Updated sys_vals: [50.911, 52.111, 52.271, 52.43, 52.546, 52.802, 52.944, 52.983, 52.99, 53.108, 53.119, 53.122, 53.35, 53.47, 53.505, 53.534, 53.55, 53.584, 53.598, 53.63, 53.71, 53.718, 53.744, 53.753, 53.758, 53.76, 53.789, 53.79, 53.794, 53.814, 53.824, 53.833, 53.834, 53.851, 53.854, 53.855, 53.856, 53.857, 53.865, 53.87, 53.877, 53.878, 53.88, 53.885, 53.894, 53.899, 53.901, 53.922, 53.935, 53.945, 53.947, 53.949, 53.957, 53.968, 53.969, 53.977, 53.978, 53.979, 53.981, 53.982, 53.989, 53.99, 53.994, 53.995, 53.998, 53.999, 54.004, 54.005, 54.013, 54.016, 54.019, 54.021, 54.028, 54.029, 54.033, 54.036, 54.042, 54.043, 54.045, 54.053, 54.057, 54.061, 54.064, 54.067, 54.069, 54.071, 54.072, 54.078, 54.08, 54.089, 54.09, 54.091, 54.092, 54.093, 54.094, 54.097, 54.11, 54.209, 54.218, 54.325, 54.384, 54.445, 54.669, 54.79, 54.989, 55.229, 55.444, 55.462, 57.28, 63.249, 64.739]
---
Round: 134, Unk. prob.: 2.600e-04
Surv probs: 9.997e-01, Fail probs: 4.000e-05
No. of non-dominant rules: 133, Survival rules: 118, Failure rules: 15
Survival sample found from sampling.
No. of existing rules removed:  0
New rule added. System state: 1, System value: 53.957467. Total samples: 100000.
New rule (No. of conditions: 43): {'vbus3': ('>=', 3), 'vbus4': ('>=', 1), 'vbus5': ('>=', 1), 'vbus6': ('>=', 1), 'vbus7': ('>=', 1), 'vbus8': ('>=', 2), 'vbus9': ('>=', 1), 'vbus10': ('>=', 1), 'vbus13': ('>=', 1), 'vbus15': ('>=', 1), 'vbus18': ('>=', 1), 'vbus27': ('>=', 1), 'vbus28': ('>=', 1), 'vbus29': ('>=', 1), 'vbus45': ('>=', 1), 'vbus49': ('>=', 1), 'vbus50': ('>=', 1), 'vbus51': ('>=', 1), 'vbus52': ('>=', 1), 'vbus54': ('>=', 1), 'vbus55': ('>=', 1), 'br3': ('>=', 1), 'br4': ('>=', 1), 'br5': ('>=', 1), 'br6': ('>=', 1), 'br7': ('>=', 1), 'br8': ('>=', 1), 'br9': ('>=', 1), 'br14': ('>=', 1), 'br18': ('>=', 1), 'br20': ('>=', 1), 'br22': ('>=', 1), 'br29': ('>=', 1), 'br39': ('>=', 1), 'br40': ('>=', 1), 'br41': ('>=', 1), 'br63': ('>=', 1), 'br64': ('>=', 1), 'br65': ('>=', 1), 'br66': ('>=', 1), 'br67': ('>=', 1), 'br70': ('>=', 1), 'br80': ('>=', 1), 'sys': ('>=', 1)}
---
Round: 135, Unk. prob.: 2.400e-04
Surv probs: 9.997e-01, Fail probs: 7.000e-05
No. of non-dominant rules: 134, Survival rules: 119, Failure rules: 15
Survival sample found from sampling.
No. of existing rules removed:  0
New rule added. System state: 1, System value: 53.489398. Total samples: 100000.
New rule (No. of conditions: 8): {'vbus1': ('>=', 1), 'vbus6': ('>=', 2), 'vbus9': ('>=', 1), 'vbus12': ('>=', 3), 'vbus13': ('>=', 1), 'vbus15': ('>=', 1), 'br15': ('>=', 1), 'br25': ('>=', 1), 'sys': ('>=', 1)}
Updated sys_vals: [50.911, 52.111, 52.271, 52.43, 52.546, 52.802, 52.944, 52.983, 52.99, 53.108, 53.119, 53.122, 53.35, 53.47, 53.489, 53.505, 53.534, 53.55, 53.584, 53.598, 53.63, 53.71, 53.718, 53.744, 53.753, 53.758, 53.76, 53.789, 53.79, 53.794, 53.814, 53.824, 53.833, 53.834, 53.851, 53.854, 53.855, 53.856, 53.857, 53.865, 53.87, 53.877, 53.878, 53.88, 53.885, 53.894, 53.899, 53.901, 53.922, 53.935, 53.945, 53.947, 53.949, 53.957, 53.968, 53.969, 53.977, 53.978, 53.979, 53.981, 53.982, 53.989, 53.99, 53.994, 53.995, 53.998, 53.999, 54.004, 54.005, 54.013, 54.016, 54.019, 54.021, 54.028, 54.029, 54.033, 54.036, 54.042, 54.043, 54.045, 54.053, 54.057, 54.061, 54.064, 54.067, 54.069, 54.071, 54.072, 54.078, 54.08, 54.089, 54.09, 54.091, 54.092, 54.093, 54.094, 54.097, 54.11, 54.209, 54.218, 54.325, 54.384, 54.445, 54.669, 54.79, 54.989, 55.229, 55.444, 55.462, 57.28, 63.249, 64.739]
---
Round: 136, Unk. prob.: 3.300e-04
Surv probs: 9.996e-01, Fail probs: 4.000e-05
No. of non-dominant rules: 135, Survival rules: 120, Failure rules: 15
Survival sample found from sampling.
No. of existing rules removed:  0
New rule added. System state: 1, System value: 54.01115. Total samples: 100000.
New rule (No. of conditions: 26): {'vbus1': ('>=', 1), 'vbus2': ('>=', 1), 'vbus6': ('>=', 3), 'vbus7': ('>=', 1), 'vbus8': ('>=', 1), 'vbus9': ('>=', 1), 'vbus13': ('>=', 1), 'vbus15': ('>=', 1), 'vbus16': ('>=', 1), 'vbus17': ('>=', 1), 'vbus29': ('>=', 1), 'vbus38': ('>=', 1), 'vbus49': ('>=', 1), 'vbus55': ('>=', 1), 'br6': ('>=', 1), 'br7': ('>=', 1), 'br8': ('>=', 1), 'br12': ('>=', 1), 'br14': ('>=', 1), 'br15': ('>=', 1), 'br16': ('>=', 1), 'br17': ('>=', 1), 'br41': ('>=', 1), 'br66': ('>=', 1), 'br78': ('>=', 1), 'br80': ('>=', 1), 'sys': ('>=', 1)}
Updated sys_vals: [50.911, 52.111, 52.271, 52.43, 52.546, 52.802, 52.944, 52.983, 52.99, 53.108, 53.119, 53.122, 53.35, 53.47, 53.489, 53.505, 53.534, 53.55, 53.584, 53.598, 53.63, 53.71, 53.718, 53.744, 53.753, 53.758, 53.76, 53.789, 53.79, 53.794, 53.814, 53.824, 53.833, 53.834, 53.851, 53.854, 53.855, 53.856, 53.857, 53.865, 53.87, 53.877, 53.878, 53.88, 53.885, 53.894, 53.899, 53.901, 53.922, 53.935, 53.945, 53.947, 53.949, 53.957, 53.968, 53.969, 53.977, 53.978, 53.979, 53.981, 53.982, 53.989, 53.99, 53.994, 53.995, 53.998, 53.999, 54.004, 54.005, 54.011, 54.013, 54.016, 54.019, 54.021, 54.028, 54.029, 54.033, 54.036, 54.042, 54.043, 54.045, 54.053, 54.057, 54.061, 54.064, 54.067, 54.069, 54.071, 54.072, 54.078, 54.08, 54.089, 54.09, 54.091, 54.092, 54.093, 54.094, 54.097, 54.11, 54.209, 54.218, 54.325, 54.384, 54.445, 54.669, 54.79, 54.989, 55.229, 55.444, 55.462, 57.28, 63.249, 64.739]
---
Round: 137, Unk. prob.: 3.500e-04
Surv probs: 9.996e-01, Fail probs: 6.000e-05
No. of non-dominant rules: 136, Survival rules: 121, Failure rules: 15
Survival sample found from sampling.
No. of existing rules removed:  0
New rule added. System state: 1, System value: 53.893508. Total samples: 100000.
New rule (No. of conditions: 36): {'vbus1': ('>=', 2), 'vbus2': ('>=', 1), 'vbus3': ('>=', 1), 'vbus4': ('>=', 1), 'vbus5': ('>=', 1), 'vbus6': ('>=', 2), 'vbus8': ('>=', 1), 'vbus13': ('>=', 1), 'vbus14': ('>=', 1), 'vbus15': ('>=', 1), 'vbus16': ('>=', 1), 'vbus17': ('>=', 1), 'vbus18': ('>=', 1), 'vbus19': ('>=', 1), 'vbus38': ('>=', 1), 'vbus44': ('>=', 1), 'vbus45': ('>=', 1), 'vbus46': ('>=', 1), 'vbus47': ('>=', 1), 'vbus49': ('>=', 1), 'br3': ('>=', 1), 'br4': ('>=', 1), 'br14': ('>=', 1), 'br15': ('>=', 1), 'br16': ('>=', 1), 'br17': ('>=', 1), 'br18': ('>=', 1), 'br20': ('>=', 1), 'br28': ('>=', 1), 'br29': ('>=', 1), 'br57': ('>=', 1), 'br58': ('>=', 1), 'br59': ('>=', 1), 'br60': ('>=', 1), 'br66': ('>=', 1), 'br72': ('>=', 1), 'sys': ('>=', 1)}
---
Round: 138, Unk. prob.: 2.200e-04
Surv probs: 9.997e-01, Fail probs: 1.200e-04
No. of non-dominant rules: 137, Survival rules: 122, Failure rules: 15
Survival sample found from sampling.
No. of existing rules removed:  0
New rule added. System state: 1, System value: 53.293892. Total samples: 100000.
New rule (No. of conditions: 14): {'vbus1': ('>=', 1), 'vbus2': ('>=', 1), 'vbus3': ('>=', 1), 'vbus4': ('>=', 1), 'vbus5': ('>=', 1), 'vbus6': ('>=', 2), 'vbus12': ('>=', 2), 'vbus17': ('>=', 1), 'vbus18': ('>=', 1), 'br2': ('>=', 1), 'br3': ('>=', 1), 'br4': ('>=', 1), 'br17': ('>=', 1), 'br20': ('>=', 1), 'sys': ('>=', 1)}
Updated sys_vals: [50.911, 52.111, 52.271, 52.43, 52.546, 52.802, 52.944, 52.983, 52.99, 53.108, 53.119, 53.122, 53.294, 53.35, 53.47, 53.489, 53.505, 53.534, 53.55, 53.584, 53.598, 53.63, 53.71, 53.718, 53.744, 53.753, 53.758, 53.76, 53.789, 53.79, 53.794, 53.814, 53.824, 53.833, 53.834, 53.851, 53.854, 53.855, 53.856, 53.857, 53.865, 53.87, 53.877, 53.878, 53.88, 53.885, 53.894, 53.899, 53.901, 53.922, 53.935, 53.945, 53.947, 53.949, 53.957, 53.968, 53.969, 53.977, 53.978, 53.979, 53.981, 53.982, 53.989, 53.99, 53.994, 53.995, 53.998, 53.999, 54.004, 54.005, 54.011, 54.013, 54.016, 54.019, 54.021, 54.028, 54.029, 54.033, 54.036, 54.042, 54.043, 54.045, 54.053, 54.057, 54.061, 54.064, 54.067, 54.069, 54.071, 54.072, 54.078, 54.08, 54.089, 54.09, 54.091, 54.092, 54.093, 54.094, 54.097, 54.11, 54.209, 54.218, 54.325, 54.384, 54.445, 54.669, 54.79, 54.989, 55.229, 55.444, 55.462, 57.28, 63.249, 64.739]
---
Round: 139, Unk. prob.: 2.600e-04
Surv probs: 9.997e-01, Fail probs: 3.000e-05
No. of non-dominant rules: 138, Survival rules: 123, Failure rules: 15
Survival sample found from sampling.
No. of existing rules removed:  0
New rule added. System state: 1, System value: 54.04904. Total samples: 100000.
New rule (No. of conditions: 11): {'vbus1': ('>=', 1), 'vbus2': ('>=', 1), 'vbus9': ('>=', 2), 'vbus10': ('>=', 1), 'vbus12': ('>=', 2), 'vbus13': ('>=', 1), 'vbus17': ('>=', 1), 'br17': ('>=', 1), 'br23': ('>=', 1), 'br25': ('>=', 1), 'br27': ('>=', 1), 'sys': ('>=', 1)}
Updated sys_vals: [50.911, 52.111, 52.271, 52.43, 52.546, 52.802, 52.944, 52.983, 52.99, 53.108, 53.119, 53.122, 53.294, 53.35, 53.47, 53.489, 53.505, 53.534, 53.55, 53.584, 53.598, 53.63, 53.71, 53.718, 53.744, 53.753, 53.758, 53.76, 53.789, 53.79, 53.794, 53.814, 53.824, 53.833, 53.834, 53.851, 53.854, 53.855, 53.856, 53.857, 53.865, 53.87, 53.877, 53.878, 53.88, 53.885, 53.894, 53.899, 53.901, 53.922, 53.935, 53.945, 53.947, 53.949, 53.957, 53.968, 53.969, 53.977, 53.978, 53.979, 53.981, 53.982, 53.989, 53.99, 53.994, 53.995, 53.998, 53.999, 54.004, 54.005, 54.011, 54.013, 54.016, 54.019, 54.021, 54.028, 54.029, 54.033, 54.036, 54.042, 54.043, 54.045, 54.049, 54.053, 54.057, 54.061, 54.064, 54.067, 54.069, 54.071, 54.072, 54.078, 54.08, 54.089, 54.09, 54.091, 54.092, 54.093, 54.094, 54.097, 54.11, 54.209, 54.218, 54.325, 54.384, 54.445, 54.669, 54.79, 54.989, 55.229, 55.444, 55.462, 57.28, 63.249, 64.739]
---
Round: 140, Unk. prob.: 2.400e-04
Surv probs: 9.997e-01, Fail probs: 4.000e-05
No. of non-dominant rules: 139, Survival rules: 124, Failure rules: 15
Survival sample found from sampling.
No. of existing rules removed:  0
New rule added. System state: 1, System value: 53.924813. Total samples: 100000.
New rule (No. of conditions: 60): {'vbus1': ('>=', 2), 'vbus2': ('>=', 1), 'vbus3': ('>=', 1), 'vbus4': ('>=', 1), 'vbus5': ('>=', 1), 'vbus6': ('>=', 2), 'vbus7': ('>=', 1), 'vbus8': ('>=', 1), 'vbus11': ('>=', 1), 'vbus13': ('>=', 1), 'vbus14': ('>=', 1), 'vbus15': ('>=', 1), 'vbus17': ('>=', 1), 'vbus18': ('>=', 1), 'vbus22': ('>=', 1), 'vbus23': ('>=', 1), 'vbus24': ('>=', 1), 'vbus25': ('>=', 1), 'vbus26': ('>=', 1), 'vbus27': ('>=', 1), 'vbus28': ('>=', 1), 'vbus29': ('>=', 1), 'vbus30': ('>=', 1), 'vbus31': ('>=', 1), 'vbus38': ('>=', 1), 'vbus41': ('>=', 1), 'vbus44': ('>=', 1), 'vbus45': ('>=', 1), 'vbus46': ('>=', 1), 'vbus47': ('>=', 1), 'vbus52': ('>=', 1), 'vbus56': ('>=', 1), 'br3': ('>=', 1), 'br4': ('>=', 1), 'br13': ('>=', 1), 'br15': ('>=', 1), 'br17': ('>=', 1), 'br18': ('>=', 1), 'br19': ('>=', 1), 'br22': ('>=', 1), 'br24': ('>=', 1), 'br28': ('>=', 1), 'br33': ('>=', 1), 'br36': ('>=', 1), 'br37': ('>=', 1), 'br38': ('>=', 1), 'br39': ('>=', 1), 'br40': ('>=', 1), 'br41': ('>=', 1), 'br42': ('>=', 1), 'br43': ('>=', 1), 'br53': ('>=', 1), 'br54': ('>=', 1), 'br57': ('>=', 1), 'br58': ('>=', 1), 'br59': ('>=', 1), 'br60': ('>=', 1), 'br67': ('>=', 1), 'br72': ('>=', 1), 'br74': ('>=', 1), 'sys': ('>=', 1)}
Updated sys_vals: [50.911, 52.111, 52.271, 52.43, 52.546, 52.802, 52.944, 52.983, 52.99, 53.108, 53.119, 53.122, 53.294, 53.35, 53.47, 53.489, 53.505, 53.534, 53.55, 53.584, 53.598, 53.63, 53.71, 53.718, 53.744, 53.753, 53.758, 53.76, 53.789, 53.79, 53.794, 53.814, 53.824, 53.833, 53.834, 53.851, 53.854, 53.855, 53.856, 53.857, 53.865, 53.87, 53.877, 53.878, 53.88, 53.885, 53.894, 53.899, 53.901, 53.922, 53.925, 53.935, 53.945, 53.947, 53.949, 53.957, 53.968, 53.969, 53.977, 53.978, 53.979, 53.981, 53.982, 53.989, 53.99, 53.994, 53.995, 53.998, 53.999, 54.004, 54.005, 54.011, 54.013, 54.016, 54.019, 54.021, 54.028, 54.029, 54.033, 54.036, 54.042, 54.043, 54.045, 54.049, 54.053, 54.057, 54.061, 54.064, 54.067, 54.069, 54.071, 54.072, 54.078, 54.08, 54.089, 54.09, 54.091, 54.092, 54.093, 54.094, 54.097, 54.11, 54.209, 54.218, 54.325, 54.384, 54.445, 54.669, 54.79, 54.989, 55.229, 55.444, 55.462, 57.28, 63.249, 64.739]
---
Round: 141, Unk. prob.: 2.100e-04
Surv probs: 9.997e-01, Fail probs: 1.000e-04
No. of non-dominant rules: 140, Survival rules: 125, Failure rules: 15
Survival sample found from sampling.
No. of existing rules removed:  0
New rule added. System state: 1, System value: 53.853534. Total samples: 100000.
New rule (No. of conditions: 25): {'vbus1': ('>=', 1), 'vbus3': ('>=', 1), 'vbus4': ('>=', 1), 'vbus5': ('>=', 1), 'vbus6': ('>=', 2), 'vbus8': ('>=', 1), 'vbus9': ('>=', 2), 'vbus10': ('>=', 1), 'vbus15': ('>=', 1), 'vbus17': ('>=', 1), 'vbus18': ('>=', 1), 'vbus38': ('>=', 1), 'vbus44': ('>=', 1), 'vbus45': ('>=', 1), 'br3': ('>=', 1), 'br4': ('>=', 1), 'br8': ('>=', 1), 'br9': ('>=', 1), 'br15': ('>=', 1), 'br17': ('>=', 1), 'br18': ('>=', 1), 'br19': ('>=', 1), 'br57': ('>=', 1), 'br58': ('>=', 1), 'br72': ('>=', 1), 'sys': ('>=', 1)}
---
Round: 142, Unk. prob.: 2.500e-04
Surv probs: 9.997e-01, Fail probs: 4.000e-05
No. of non-dominant rules: 141, Survival rules: 126, Failure rules: 15
Survival sample found from sampling.
No. of existing rules removed:  0
New rule added. System state: 1, System value: 53.963831. Total samples: 100000.
New rule (No. of conditions: 51): {'vbus2': ('>=', 1), 'vbus3': ('>=', 2), 'vbus4': ('>=', 1), 'vbus6': ('>=', 2), 'vbus7': ('>=', 1), 'vbus8': ('>=', 2), 'vbus9': ('>=', 1), 'vbus10': ('>=', 1), 'vbus11': ('>=', 1), 'vbus13': ('>=', 1), 'vbus15': ('>=', 1), 'vbus18': ('>=', 1), 'vbus19': ('>=', 1), 'vbus20': ('>=', 1), 'vbus22': ('>=', 1), 'vbus29': ('>=', 1), 'vbus38': ('>=', 1), 'vbus41': ('>=', 1), 'vbus42': ('>=', 1), 'vbus49': ('>=', 1), 'vbus50': ('>=', 1), 'vbus52': ('>=', 1), 'vbus53': ('>=', 1), 'vbus54': ('>=', 1), 'vbus55': ('>=', 1), 'vbus56': ('>=', 1), 'br2': ('>=', 1), 'br3': ('>=', 1), 'br8': ('>=', 1), 'br9': ('>=', 1), 'br10': ('>=', 1), 'br12': ('>=', 1), 'br14': ('>=', 1), 'br18': ('>=', 1), 'br19': ('>=', 1), 'br20': ('>=', 1), 'br22': ('>=', 1), 'br29': ('>=', 1), 'br30': ('>=', 1), 'br31': ('>=', 1), 'br32': ('>=', 1), 'br41': ('>=', 1), 'br54': ('>=', 1), 'br55': ('>=', 1), 'br63': ('>=', 1), 'br66': ('>=', 1), 'br67': ('>=', 1), 'br68': ('>=', 1), 'br70': ('>=', 1), 'br75': ('>=', 1), 'br80': ('>=', 1), 'sys': ('>=', 1)}
Updated sys_vals: [50.911, 52.111, 52.271, 52.43, 52.546, 52.802, 52.944, 52.983, 52.99, 53.108, 53.119, 53.122, 53.294, 53.35, 53.47, 53.489, 53.505, 53.534, 53.55, 53.584, 53.598, 53.63, 53.71, 53.718, 53.744, 53.753, 53.758, 53.76, 53.789, 53.79, 53.794, 53.814, 53.824, 53.833, 53.834, 53.851, 53.854, 53.855, 53.856, 53.857, 53.865, 53.87, 53.877, 53.878, 53.88, 53.885, 53.894, 53.899, 53.901, 53.922, 53.925, 53.935, 53.945, 53.947, 53.949, 53.957, 53.964, 53.968, 53.969, 53.977, 53.978, 53.979, 53.981, 53.982, 53.989, 53.99, 53.994, 53.995, 53.998, 53.999, 54.004, 54.005, 54.011, 54.013, 54.016, 54.019, 54.021, 54.028, 54.029, 54.033, 54.036, 54.042, 54.043, 54.045, 54.049, 54.053, 54.057, 54.061, 54.064, 54.067, 54.069, 54.071, 54.072, 54.078, 54.08, 54.089, 54.09, 54.091, 54.092, 54.093, 54.094, 54.097, 54.11, 54.209, 54.218, 54.325, 54.384, 54.445, 54.669, 54.79, 54.989, 55.229, 55.444, 55.462, 57.28, 63.249, 64.739]
---
Round: 143, Unk. prob.: 2.900e-04
Surv probs: 9.996e-01, Fail probs: 7.000e-05
No. of non-dominant rules: 142, Survival rules: 127, Failure rules: 15
Survival sample found from sampling.
No. of existing rules removed:  0
New rule added. System state: 1, System value: 54.061401. Total samples: 100000.
New rule (No. of conditions: 26): {'vbus1': ('>=', 1), 'vbus3': ('>=', 1), 'vbus4': ('>=', 1), 'vbus6': ('>=', 1), 'vbus7': ('>=', 1), 'vbus8': ('>=', 2), 'vbus9': ('>=', 1), 'vbus14': ('>=', 1), 'vbus15': ('>=', 1), 'vbus17': ('>=', 1), 'vbus18': ('>=', 1), 'vbus27': ('>=', 1), 'vbus28': ('>=', 1), 'vbus29': ('>=', 1), 'br3': ('>=', 1), 'br6': ('>=', 1), 'br7': ('>=', 1), 'br8': ('>=', 1), 'br15': ('>=', 1), 'br17': ('>=', 1), 'br18': ('>=', 1), 'br20': ('>=', 1), 'br28': ('>=', 1), 'br39': ('>=', 1), 'br40': ('>=', 1), 'br41': ('>=', 1), 'sys': ('>=', 1)}
---
Round: 144, Unk. prob.: 2.300e-04
Surv probs: 9.997e-01, Fail probs: 4.000e-05
No. of non-dominant rules: 143, Survival rules: 128, Failure rules: 15
Survival sample found from sampling.
No. of existing rules removed:  0
New rule added. System state: 1, System value: 53.93177. Total samples: 100000.
New rule (No. of conditions: 45): {'vbus2': ('>=', 1), 'vbus3': ('>=', 2), 'vbus4': ('>=', 1), 'vbus6': ('>=', 1), 'vbus7': ('>=', 1), 'vbus8': ('>=', 2), 'vbus9': ('>=', 1), 'vbus10': ('>=', 1), 'vbus11': ('>=', 1), 'vbus13': ('>=', 1), 'vbus14': ('>=', 1), 'vbus15': ('>=', 1), 'vbus18': ('>=', 1), 'vbus19': ('>=', 1), 'vbus27': ('>=', 1), 'vbus28': ('>=', 1), 'vbus29': ('>=', 1), 'vbus38': ('>=', 1), 'vbus44': ('>=', 1), 'vbus45': ('>=', 1), 'vbus49': ('>=', 1), 'vbus50': ('>=', 1), 'vbus51': ('>=', 1), 'br2': ('>=', 1), 'br3': ('>=', 1), 'br7': ('>=', 1), 'br8': ('>=', 1), 'br9': ('>=', 1), 'br10': ('>=', 1), 'br13': ('>=', 1), 'br14': ('>=', 1), 'br18': ('>=', 1), 'br20': ('>=', 1), 'br22': ('>=', 1), 'br24': ('>=', 1), 'br29': ('>=', 1), 'br39': ('>=', 1), 'br40': ('>=', 1), 'br41': ('>=', 1), 'br57': ('>=', 1), 'br58': ('>=', 1), 'br64': ('>=', 1), 'br65': ('>=', 1), 'br66': ('>=', 1), 'br72': ('>=', 1), 'sys': ('>=', 1)}
Updated sys_vals: [50.911, 52.111, 52.271, 52.43, 52.546, 52.802, 52.944, 52.983, 52.99, 53.108, 53.119, 53.122, 53.294, 53.35, 53.47, 53.489, 53.505, 53.534, 53.55, 53.584, 53.598, 53.63, 53.71, 53.718, 53.744, 53.753, 53.758, 53.76, 53.789, 53.79, 53.794, 53.814, 53.824, 53.833, 53.834, 53.851, 53.854, 53.855, 53.856, 53.857, 53.865, 53.87, 53.877, 53.878, 53.88, 53.885, 53.894, 53.899, 53.901, 53.922, 53.925, 53.932, 53.935, 53.945, 53.947, 53.949, 53.957, 53.964, 53.968, 53.969, 53.977, 53.978, 53.979, 53.981, 53.982, 53.989, 53.99, 53.994, 53.995, 53.998, 53.999, 54.004, 54.005, 54.011, 54.013, 54.016, 54.019, 54.021, 54.028, 54.029, 54.033, 54.036, 54.042, 54.043, 54.045, 54.049, 54.053, 54.057, 54.061, 54.064, 54.067, 54.069, 54.071, 54.072, 54.078, 54.08, 54.089, 54.09, 54.091, 54.092, 54.093, 54.094, 54.097, 54.11, 54.209, 54.218, 54.325, 54.384, 54.445, 54.669, 54.79, 54.989, 55.229, 55.444, 55.462, 57.28, 63.249, 64.739]
---
Round: 145, Unk. prob.: 2.000e-04
Surv probs: 9.998e-01, Fail probs: 4.000e-05
No. of non-dominant rules: 144, Survival rules: 129, Failure rules: 15
Survival sample found from sampling.
No. of existing rules removed:  0
New rule added. System state: 1, System value: 53.949472. Total samples: 100000.
New rule (No. of conditions: 24): {'vbus1': ('>=', 1), 'vbus2': ('>=', 1), 'vbus3': ('>=', 1), 'vbus4': ('>=', 1), 'vbus6': ('>=', 1), 'vbus8': ('>=', 1), 'vbus9': ('>=', 2), 'vbus16': ('>=', 1), 'vbus17': ('>=', 1), 'vbus18': ('>=', 1), 'vbus53': ('>=', 1), 'vbus54': ('>=', 1), 'vbus55': ('>=', 1), 'br2': ('>=', 1), 'br3': ('>=', 1), 'br5': ('>=', 1), 'br7': ('>=', 1), 'br8': ('>=', 1), 'br16': ('>=', 1), 'br17': ('>=', 1), 'br20': ('>=', 1), 'br69': ('>=', 1), 'br70': ('>=', 1), 'br80': ('>=', 1), 'sys': ('>=', 1)}
---
Round: 146, Unk. prob.: 2.000e-04
Surv probs: 9.998e-01, Fail probs: 5.000e-05
No. of non-dominant rules: 145, Survival rules: 130, Failure rules: 15
Failure sample found from sampling.
No. of existing rules removed:  0
New rule added. System state: 0, System value: 54.994939. Total samples: 100000.
New rule (No. of conditions: 6): {'vbus1': ('<=', 0), 'vbus6': ('<=', 1), 'vbus8': ('<=', 0), 'vbus9': ('<=', 2), 'vbus12': ('<=', 2), 'br3': ('<=', 0), 'sys': ('<=', 0)}
Updated sys_vals: [50.911, 52.111, 52.271, 52.43, 52.546, 52.802, 52.944, 52.983, 52.99, 53.108, 53.119, 53.122, 53.294, 53.35, 53.47, 53.489, 53.505, 53.534, 53.55, 53.584, 53.598, 53.63, 53.71, 53.718, 53.744, 53.753, 53.758, 53.76, 53.789, 53.79, 53.794, 53.814, 53.824, 53.833, 53.834, 53.851, 53.854, 53.855, 53.856, 53.857, 53.865, 53.87, 53.877, 53.878, 53.88, 53.885, 53.894, 53.899, 53.901, 53.922, 53.925, 53.932, 53.935, 53.945, 53.947, 53.949, 53.957, 53.964, 53.968, 53.969, 53.977, 53.978, 53.979, 53.981, 53.982, 53.989, 53.99, 53.994, 53.995, 53.998, 53.999, 54.004, 54.005, 54.011, 54.013, 54.016, 54.019, 54.021, 54.028, 54.029, 54.033, 54.036, 54.042, 54.043, 54.045, 54.049, 54.053, 54.057, 54.061, 54.064, 54.067, 54.069, 54.071, 54.072, 54.078, 54.08, 54.089, 54.09, 54.091, 54.092, 54.093, 54.094, 54.097, 54.11, 54.209, 54.218, 54.325, 54.384, 54.445, 54.669, 54.79, 54.989, 54.995, 55.229, 55.444, 55.462, 57.28, 63.249, 64.739]
---
Round: 147, Unk. prob.: 1.900e-04
Surv probs: 9.997e-01, Fail probs: 1.100e-04
No. of non-dominant rules: 146, Survival rules: 130, Failure rules: 16
Survival sample found from sampling.
No. of existing rules removed:  0
New rule added. System state: 1, System value: 54.081997. Total samples: 100000.
New rule (No. of conditions: 55): {'vbus2': ('>=', 1), 'vbus3': ('>=', 1), 'vbus5': ('>=', 1), 'vbus6': ('>=', 1), 'vbus7': ('>=', 1), 'vbus8': ('>=', 2), 'vbus9': ('>=', 1), 'vbus10': ('>=', 1), 'vbus11': ('>=', 1), 'vbus13': ('>=', 1), 'vbus14': ('>=', 1), 'vbus15': ('>=', 1), 'vbus23': ('>=', 1), 'vbus24': ('>=', 1), 'vbus25': ('>=', 1), 'vbus26': ('>=', 1), 'vbus27': ('>=', 1), 'vbus28': ('>=', 1), 'vbus29': ('>=', 1), 'vbus30': ('>=', 1), 'vbus42': ('>=', 1), 'vbus46': ('>=', 1), 'vbus47': ('>=', 1), 'vbus50': ('>=', 1), 'vbus51': ('>=', 1), 'vbus52': ('>=', 1), 'vbus53': ('>=', 1), 'vbus55': ('>=', 1), 'br2': ('>=', 1), 'br7': ('>=', 1), 'br8': ('>=', 1), 'br9': ('>=', 1), 'br10': ('>=', 1), 'br14': ('>=', 1), 'br18': ('>=', 1), 'br21': ('>=', 1), 'br22': ('>=', 1), 'br24': ('>=', 1), 'br28': ('>=', 1), 'br34': ('>=', 1), 'br35': ('>=', 1), 'br37': ('>=', 1), 'br38': ('>=', 1), 'br39': ('>=', 1), 'br40': ('>=', 1), 'br41': ('>=', 1), 'br42': ('>=', 1), 'br59': ('>=', 1), 'br60': ('>=', 1), 'br64': ('>=', 1), 'br65': ('>=', 1), 'br67': ('>=', 1), 'br68': ('>=', 1), 'br69': ('>=', 1), 'br80': ('>=', 1), 'sys': ('>=', 1)}
Updated sys_vals: [50.911, 52.111, 52.271, 52.43, 52.546, 52.802, 52.944, 52.983, 52.99, 53.108, 53.119, 53.122, 53.294, 53.35, 53.47, 53.489, 53.505, 53.534, 53.55, 53.584, 53.598, 53.63, 53.71, 53.718, 53.744, 53.753, 53.758, 53.76, 53.789, 53.79, 53.794, 53.814, 53.824, 53.833, 53.834, 53.851, 53.854, 53.855, 53.856, 53.857, 53.865, 53.87, 53.877, 53.878, 53.88, 53.885, 53.894, 53.899, 53.901, 53.922, 53.925, 53.932, 53.935, 53.945, 53.947, 53.949, 53.957, 53.964, 53.968, 53.969, 53.977, 53.978, 53.979, 53.981, 53.982, 53.989, 53.99, 53.994, 53.995, 53.998, 53.999, 54.004, 54.005, 54.011, 54.013, 54.016, 54.019, 54.021, 54.028, 54.029, 54.033, 54.036, 54.042, 54.043, 54.045, 54.049, 54.053, 54.057, 54.061, 54.064, 54.067, 54.069, 54.071, 54.072, 54.078, 54.08, 54.082, 54.089, 54.09, 54.091, 54.092, 54.093, 54.094, 54.097, 54.11, 54.209, 54.218, 54.325, 54.384, 54.445, 54.669, 54.79, 54.989, 54.995, 55.229, 55.444, 55.462, 57.28, 63.249, 64.739]
---
Round: 148, Unk. prob.: 2.200e-04
Surv probs: 9.997e-01, Fail probs: 4.000e-05
No. of non-dominant rules: 147, Survival rules: 131, Failure rules: 16
Survival sample found from sampling.
No. of existing rules removed:  0
New rule added. System state: 1, System value: 53.877518. Total samples: 100000.
New rule (No. of conditions: 26): {'vbus1': ('>=', 1), 'vbus3': ('>=', 1), 'vbus4': ('>=', 1), 'vbus6': ('>=', 1), 'vbus8': ('>=', 2), 'vbus9': ('>=', 1), 'vbus11': ('>=', 1), 'vbus16': ('>=', 1), 'vbus17': ('>=', 1), 'vbus18': ('>=', 1), 'vbus41': ('>=', 1), 'vbus43': ('>=', 1), 'vbus55': ('>=', 1), 'vbus56': ('>=', 1), 'br3': ('>=', 1), 'br5': ('>=', 1), 'br7': ('>=', 1), 'br8': ('>=', 1), 'br10': ('>=', 1), 'br16': ('>=', 1), 'br17': ('>=', 1), 'br20': ('>=', 1), 'br56': ('>=', 1), 'br71': ('>=', 1), 'br74': ('>=', 1), 'br80': ('>=', 1), 'sys': ('>=', 1)}
---
Round: 149, Unk. prob.: 1.800e-04
Surv probs: 9.998e-01, Fail probs: 5.000e-05
No. of non-dominant rules: 148, Survival rules: 132, Failure rules: 16
Failure sample found from sampling.
No. of existing rules removed:  0
New rule added. System state: 0, System value: 54.720819. Total samples: 100000.
New rule (No. of conditions: 5): {'vbus1': ('<=', 1), 'vbus2': ('<=', 2), 'vbus3': ('<=', 1), 'vbus8': ('<=', 0), 'vbus12': ('<=', 0), 'sys': ('<=', 0)}
Updated sys_vals: [50.911, 52.111, 52.271, 52.43, 52.546, 52.802, 52.944, 52.983, 52.99, 53.108, 53.119, 53.122, 53.294, 53.35, 53.47, 53.489, 53.505, 53.534, 53.55, 53.584, 53.598, 53.63, 53.71, 53.718, 53.744, 53.753, 53.758, 53.76, 53.789, 53.79, 53.794, 53.814, 53.824, 53.833, 53.834, 53.851, 53.854, 53.855, 53.856, 53.857, 53.865, 53.87, 53.877, 53.878, 53.88, 53.885, 53.894, 53.899, 53.901, 53.922, 53.925, 53.932, 53.935, 53.945, 53.947, 53.949, 53.957, 53.964, 53.968, 53.969, 53.977, 53.978, 53.979, 53.981, 53.982, 53.989, 53.99, 53.994, 53.995, 53.998, 53.999, 54.004, 54.005, 54.011, 54.013, 54.016, 54.019, 54.021, 54.028, 54.029, 54.033, 54.036, 54.042, 54.043, 54.045, 54.049, 54.053, 54.057, 54.061, 54.064, 54.067, 54.069, 54.071, 54.072, 54.078, 54.08, 54.082, 54.089, 54.09, 54.091, 54.092, 54.093, 54.094, 54.097, 54.11, 54.209, 54.218, 54.325, 54.384, 54.445, 54.669, 54.721, 54.79, 54.989, 54.995, 55.229, 55.444, 55.462, 57.28, 63.249, 64.739]
---
Round: 150, Unk. prob.: 2.500e-04
Surv probs: 9.997e-01, Fail probs: 5.000e-05
No. of non-dominant rules: 149, Survival rules: 132, Failure rules: 17
Survival sample found from sampling.
No. of existing rules removed:  0
New rule added. System state: 1, System value: 54.041254. Total samples: 100000.
New rule (No. of conditions: 30): {'vbus1': ('>=', 1), 'vbus3': ('>=', 2), 'vbus4': ('>=', 1), 'vbus5': ('>=', 1), 'vbus8': ('>=', 1), 'vbus9': ('>=', 1), 'vbus11': ('>=', 1), 'vbus13': ('>=', 1), 'vbus15': ('>=', 1), 'vbus16': ('>=', 1), 'vbus17': ('>=', 1), 'vbus18': ('>=', 1), 'vbus19': ('>=', 1), 'vbus43': ('>=', 1), 'vbus49': ('>=', 1), 'vbus50': ('>=', 1), 'br3': ('>=', 1), 'br4': ('>=', 1), 'br8': ('>=', 1), 'br10': ('>=', 1), 'br14': ('>=', 1), 'br15': ('>=', 1), 'br16': ('>=', 1), 'br17': ('>=', 1), 'br20': ('>=', 1), 'br24': ('>=', 1), 'br29': ('>=', 1), 'br63': ('>=', 1), 'br66': ('>=', 1), 'br71': ('>=', 1), 'sys': ('>=', 1)}
Updated sys_vals: [50.911, 52.111, 52.271, 52.43, 52.546, 52.802, 52.944, 52.983, 52.99, 53.108, 53.119, 53.122, 53.294, 53.35, 53.47, 53.489, 53.505, 53.534, 53.55, 53.584, 53.598, 53.63, 53.71, 53.718, 53.744, 53.753, 53.758, 53.76, 53.789, 53.79, 53.794, 53.814, 53.824, 53.833, 53.834, 53.851, 53.854, 53.855, 53.856, 53.857, 53.865, 53.87, 53.877, 53.878, 53.88, 53.885, 53.894, 53.899, 53.901, 53.922, 53.925, 53.932, 53.935, 53.945, 53.947, 53.949, 53.957, 53.964, 53.968, 53.969, 53.977, 53.978, 53.979, 53.981, 53.982, 53.989, 53.99, 53.994, 53.995, 53.998, 53.999, 54.004, 54.005, 54.011, 54.013, 54.016, 54.019, 54.021, 54.028, 54.029, 54.033, 54.036, 54.041, 54.042, 54.043, 54.045, 54.049, 54.053, 54.057, 54.061, 54.064, 54.067, 54.069, 54.071, 54.072, 54.078, 54.08, 54.082, 54.089, 54.09, 54.091, 54.092, 54.093, 54.094, 54.097, 54.11, 54.209, 54.218, 54.325, 54.384, 54.445, 54.669, 54.721, 54.79, 54.989, 54.995, 55.229, 55.444, 55.462, 57.28, 63.249, 64.739]
---
Round: 151, Unk. prob.: 1.300e-04
Surv probs: 9.998e-01, Fail probs: 5.000e-05
No. of non-dominant rules: 150, Survival rules: 133, Failure rules: 17
Failure sample found from sampling.
No. of existing rules removed:  0
New rule added. System state: 0, System value: 55.661107. Total samples: 100000.
New rule (No. of conditions: 4): {'vbus6': ('<=', 1), 'vbus8': ('<=', 0), 'vbus9': ('<=', 2), 'vbus12': ('<=', 0), 'sys': ('<=', 0)}
Updated sys_vals: [50.911, 52.111, 52.271, 52.43, 52.546, 52.802, 52.944, 52.983, 52.99, 53.108, 53.119, 53.122, 53.294, 53.35, 53.47, 53.489, 53.505, 53.534, 53.55, 53.584, 53.598, 53.63, 53.71, 53.718, 53.744, 53.753, 53.758, 53.76, 53.789, 53.79, 53.794, 53.814, 53.824, 53.833, 53.834, 53.851, 53.854, 53.855, 53.856, 53.857, 53.865, 53.87, 53.877, 53.878, 53.88, 53.885, 53.894, 53.899, 53.901, 53.922, 53.925, 53.932, 53.935, 53.945, 53.947, 53.949, 53.957, 53.964, 53.968, 53.969, 53.977, 53.978, 53.979, 53.981, 53.982, 53.989, 53.99, 53.994, 53.995, 53.998, 53.999, 54.004, 54.005, 54.011, 54.013, 54.016, 54.019, 54.021, 54.028, 54.029, 54.033, 54.036, 54.041, 54.042, 54.043, 54.045, 54.049, 54.053, 54.057, 54.061, 54.064, 54.067, 54.069, 54.071, 54.072, 54.078, 54.08, 54.082, 54.089, 54.09, 54.091, 54.092, 54.093, 54.094, 54.097, 54.11, 54.209, 54.218, 54.325, 54.384, 54.445, 54.669, 54.721, 54.79, 54.989, 54.995, 55.229, 55.444, 55.462, 55.661, 57.28, 63.249, 64.739]
---
Round: 152, Unk. prob.: 1.700e-04
Surv probs: 9.998e-01, Fail probs: 6.000e-05
No. of non-dominant rules: 151, Survival rules: 133, Failure rules: 18
Survival sample found from sampling.
No. of existing rules removed:  0
New rule added. System state: 1, System value: 53.744773. Total samples: 100000.
New rule (No. of conditions: 10): {'vbus4': ('>=', 1), 'vbus6': ('>=', 1), 'vbus7': ('>=', 1), 'vbus8': ('>=', 1), 'vbus12': ('>=', 2), 'vbus18': ('>=', 1), 'vbus29': ('>=', 1), 'br5': ('>=', 1), 'br7': ('>=', 1), 'br20': ('>=', 1), 'sys': ('>=', 1)}
Updated sys_vals: [50.911, 52.111, 52.271, 52.43, 52.546, 52.802, 52.944, 52.983, 52.99, 53.108, 53.119, 53.122, 53.294, 53.35, 53.47, 53.489, 53.505, 53.534, 53.55, 53.584, 53.598, 53.63, 53.71, 53.718, 53.744, 53.745, 53.753, 53.758, 53.76, 53.789, 53.79, 53.794, 53.814, 53.824, 53.833, 53.834, 53.851, 53.854, 53.855, 53.856, 53.857, 53.865, 53.87, 53.877, 53.878, 53.88, 53.885, 53.894, 53.899, 53.901, 53.922, 53.925, 53.932, 53.935, 53.945, 53.947, 53.949, 53.957, 53.964, 53.968, 53.969, 53.977, 53.978, 53.979, 53.981, 53.982, 53.989, 53.99, 53.994, 53.995, 53.998, 53.999, 54.004, 54.005, 54.011, 54.013, 54.016, 54.019, 54.021, 54.028, 54.029, 54.033, 54.036, 54.041, 54.042, 54.043, 54.045, 54.049, 54.053, 54.057, 54.061, 54.064, 54.067, 54.069, 54.071, 54.072, 54.078, 54.08, 54.082, 54.089, 54.09, 54.091, 54.092, 54.093, 54.094, 54.097, 54.11, 54.209, 54.218, 54.325, 54.384, 54.445, 54.669, 54.721, 54.79, 54.989, 54.995, 55.229, 55.444, 55.462, 55.661, 57.28, 63.249, 64.739]
---
Round: 153, Unk. prob.: 1.900e-04
Surv probs: 9.998e-01, Fail probs: 3.000e-05
No. of non-dominant rules: 152, Survival rules: 134, Failure rules: 18
Survival sample found from sampling.
No. of existing rules removed:  0
New rule added. System state: 1, System value: 53.807269. Total samples: 100000.
New rule (No. of conditions: 29): {'vbus2': ('>=', 1), 'vbus3': ('>=', 1), 'vbus8': ('>=', 2), 'vbus9': ('>=', 1), 'vbus10': ('>=', 1), 'vbus11': ('>=', 1), 'vbus12': ('>=', 1), 'vbus14': ('>=', 1), 'vbus15': ('>=', 1), 'vbus41': ('>=', 1), 'vbus42': ('>=', 1), 'vbus50': ('>=', 1), 'vbus51': ('>=', 1), 'vbus54': ('>=', 1), 'vbus55': ('>=', 1), 'br2': ('>=', 1), 'br8': ('>=', 1), 'br9': ('>=', 1), 'br10': ('>=', 1), 'br11': ('>=', 1), 'br18': ('>=', 1), 'br28': ('>=', 1), 'br54': ('>=', 1), 'br55': ('>=', 1), 'br64': ('>=', 1), 'br65': ('>=', 1), 'br70': ('>=', 1), 'br74': ('>=', 1), 'br80': ('>=', 1), 'sys': ('>=', 1)}
Updated sys_vals: [50.911, 52.111, 52.271, 52.43, 52.546, 52.802, 52.944, 52.983, 52.99, 53.108, 53.119, 53.122, 53.294, 53.35, 53.47, 53.489, 53.505, 53.534, 53.55, 53.584, 53.598, 53.63, 53.71, 53.718, 53.744, 53.745, 53.753, 53.758, 53.76, 53.789, 53.79, 53.794, 53.807, 53.814, 53.824, 53.833, 53.834, 53.851, 53.854, 53.855, 53.856, 53.857, 53.865, 53.87, 53.877, 53.878, 53.88, 53.885, 53.894, 53.899, 53.901, 53.922, 53.925, 53.932, 53.935, 53.945, 53.947, 53.949, 53.957, 53.964, 53.968, 53.969, 53.977, 53.978, 53.979, 53.981, 53.982, 53.989, 53.99, 53.994, 53.995, 53.998, 53.999, 54.004, 54.005, 54.011, 54.013, 54.016, 54.019, 54.021, 54.028, 54.029, 54.033, 54.036, 54.041, 54.042, 54.043, 54.045, 54.049, 54.053, 54.057, 54.061, 54.064, 54.067, 54.069, 54.071, 54.072, 54.078, 54.08, 54.082, 54.089, 54.09, 54.091, 54.092, 54.093, 54.094, 54.097, 54.11, 54.209, 54.218, 54.325, 54.384, 54.445, 54.669, 54.721, 54.79, 54.989, 54.995, 55.229, 55.444, 55.462, 55.661, 57.28, 63.249, 64.739]
---
Round: 154, Unk. prob.: 1.500e-04
Surv probs: 9.998e-01, Fail probs: 9.000e-05
No. of non-dominant rules: 153, Survival rules: 135, Failure rules: 18
Survival sample found from sampling.
No. of existing rules removed:  0
New rule added. System state: 1, System value: 53.807302. Total samples: 100000.
New rule (No. of conditions: 20): {'vbus2': ('>=', 2), 'vbus3': ('>=', 1), 'vbus8': ('>=', 1), 'vbus9': ('>=', 3), 'vbus10': ('>=', 1), 'vbus12': ('>=', 1), 'vbus13': ('>=', 1), 'vbus14': ('>=', 1), 'vbus15': ('>=', 1), 'vbus50': ('>=', 1), 'br2': ('>=', 1), 'br8': ('>=', 1), 'br9': ('>=', 1), 'br14': ('>=', 1), 'br18': ('>=', 1), 'br23': ('>=', 1), 'br25': ('>=', 1), 'br28': ('>=', 1), 'br65': ('>=', 1), 'br80': ('>=', 1), 'sys': ('>=', 1)}
---
Round: 155, Unk. prob.: 2.800e-04
Surv probs: 9.997e-01, Fail probs: 7.000e-05
No. of non-dominant rules: 154, Survival rules: 136, Failure rules: 18
Survival sample found from sampling.
No. of existing rules removed:  0
New rule added. System state: 1, System value: 53.584005. Total samples: 100000.
New rule (No. of conditions: 11): {'vbus1': ('>=', 1), 'vbus3': ('>=', 2), 'vbus8': ('>=', 1), 'vbus12': ('>=', 1), 'vbus13': ('>=', 1), 'vbus15': ('>=', 1), 'vbus17': ('>=', 1), 'br14': ('>=', 1), 'br17': ('>=', 1), 'br18': ('>=', 1), 'br27': ('>=', 1), 'sys': ('>=', 1)}
---
Round: 156, Unk. prob.: 1.500e-04
Surv probs: 9.998e-01, Fail probs: 7.000e-05
No. of non-dominant rules: 155, Survival rules: 137, Failure rules: 18
Failure sample found from sampling.
No. of existing rules removed:  0
New rule added. System state: 0, System value: 54.251221. Total samples: 100000.
New rule (No. of conditions: 4): {'vbus8': ('<=', 0), 'vbus12': ('<=', 0), 'br58': ('<=', 0), 'br66': ('<=', 0), 'sys': ('<=', 0)}
Updated sys_vals: [50.911, 52.111, 52.271, 52.43, 52.546, 52.802, 52.944, 52.983, 52.99, 53.108, 53.119, 53.122, 53.294, 53.35, 53.47, 53.489, 53.505, 53.534, 53.55, 53.584, 53.598, 53.63, 53.71, 53.718, 53.744, 53.745, 53.753, 53.758, 53.76, 53.789, 53.79, 53.794, 53.807, 53.814, 53.824, 53.833, 53.834, 53.851, 53.854, 53.855, 53.856, 53.857, 53.865, 53.87, 53.877, 53.878, 53.88, 53.885, 53.894, 53.899, 53.901, 53.922, 53.925, 53.932, 53.935, 53.945, 53.947, 53.949, 53.957, 53.964, 53.968, 53.969, 53.977, 53.978, 53.979, 53.981, 53.982, 53.989, 53.99, 53.994, 53.995, 53.998, 53.999, 54.004, 54.005, 54.011, 54.013, 54.016, 54.019, 54.021, 54.028, 54.029, 54.033, 54.036, 54.041, 54.042, 54.043, 54.045, 54.049, 54.053, 54.057, 54.061, 54.064, 54.067, 54.069, 54.071, 54.072, 54.078, 54.08, 54.082, 54.089, 54.09, 54.091, 54.092, 54.093, 54.094, 54.097, 54.11, 54.209, 54.218, 54.251, 54.325, 54.384, 54.445, 54.669, 54.721, 54.79, 54.989, 54.995, 55.229, 55.444, 55.462, 55.661, 57.28, 63.249, 64.739]
---
Round: 157, Unk. prob.: 1.900e-04
Surv probs: 9.997e-01, Fail probs: 9.000e-05
No. of non-dominant rules: 156, Survival rules: 137, Failure rules: 19
Failure sample found from sampling.
No. of existing rules removed:  0
New rule added. System state: 0, System value: 57.245397. Total samples: 100000.
New rule (No. of conditions: 4): {'vbus1': ('<=', 0), 'vbus6': ('<=', 1), 'vbus8': ('<=', 1), 'vbus12': ('<=', 0), 'sys': ('<=', 0)}
Updated sys_vals: [50.911, 52.111, 52.271, 52.43, 52.546, 52.802, 52.944, 52.983, 52.99, 53.108, 53.119, 53.122, 53.294, 53.35, 53.47, 53.489, 53.505, 53.534, 53.55, 53.584, 53.598, 53.63, 53.71, 53.718, 53.744, 53.745, 53.753, 53.758, 53.76, 53.789, 53.79, 53.794, 53.807, 53.814, 53.824, 53.833, 53.834, 53.851, 53.854, 53.855, 53.856, 53.857, 53.865, 53.87, 53.877, 53.878, 53.88, 53.885, 53.894, 53.899, 53.901, 53.922, 53.925, 53.932, 53.935, 53.945, 53.947, 53.949, 53.957, 53.964, 53.968, 53.969, 53.977, 53.978, 53.979, 53.981, 53.982, 53.989, 53.99, 53.994, 53.995, 53.998, 53.999, 54.004, 54.005, 54.011, 54.013, 54.016, 54.019, 54.021, 54.028, 54.029, 54.033, 54.036, 54.041, 54.042, 54.043, 54.045, 54.049, 54.053, 54.057, 54.061, 54.064, 54.067, 54.069, 54.071, 54.072, 54.078, 54.08, 54.082, 54.089, 54.09, 54.091, 54.092, 54.093, 54.094, 54.097, 54.11, 54.209, 54.218, 54.251, 54.325, 54.384, 54.445, 54.669, 54.721, 54.79, 54.989, 54.995, 55.229, 55.444, 55.462, 55.661, 57.245, 57.28, 63.249, 64.739]
---
Round: 158, Unk. prob.: 9.000e-05
Surv probs: 9.998e-01, Fail probs: 9.000e-05
No. of non-dominant rules: 157, Survival rules: 137, Failure rules: 20
Failure sample found from sampling.
No. of existing rules removed:  0
New rule added. System state: 0, System value: 57.496155. Total samples: 100000.
New rule (No. of conditions: 3): {'vbus3': ('<=', 0), 'vbus8': ('<=', 0), 'vbus12': ('<=', 0), 'sys': ('<=', 0)}
Updated sys_vals: [50.911, 52.111, 52.271, 52.43, 52.546, 52.802, 52.944, 52.983, 52.99, 53.108, 53.119, 53.122, 53.294, 53.35, 53.47, 53.489, 53.505, 53.534, 53.55, 53.584, 53.598, 53.63, 53.71, 53.718, 53.744, 53.745, 53.753, 53.758, 53.76, 53.789, 53.79, 53.794, 53.807, 53.814, 53.824, 53.833, 53.834, 53.851, 53.854, 53.855, 53.856, 53.857, 53.865, 53.87, 53.877, 53.878, 53.88, 53.885, 53.894, 53.899, 53.901, 53.922, 53.925, 53.932, 53.935, 53.945, 53.947, 53.949, 53.957, 53.964, 53.968, 53.969, 53.977, 53.978, 53.979, 53.981, 53.982, 53.989, 53.99, 53.994, 53.995, 53.998, 53.999, 54.004, 54.005, 54.011, 54.013, 54.016, 54.019, 54.021, 54.028, 54.029, 54.033, 54.036, 54.041, 54.042, 54.043, 54.045, 54.049, 54.053, 54.057, 54.061, 54.064, 54.067, 54.069, 54.071, 54.072, 54.078, 54.08, 54.082, 54.089, 54.09, 54.091, 54.092, 54.093, 54.094, 54.097, 54.11, 54.209, 54.218, 54.251, 54.325, 54.384, 54.445, 54.669, 54.721, 54.79, 54.989, 54.995, 55.229, 55.444, 55.462, 55.661, 57.245, 57.28, 57.496, 63.249, 64.739]
---
Round: 159, Unk. prob.: 1.400e-04
Surv probs: 9.998e-01, Fail probs: 5.000e-05
No. of non-dominant rules: 158, Survival rules: 137, Failure rules: 21
Survival sample found from sampling.
No. of existing rules removed:  0
New rule added. System state: 1, System value: 53.949472. Total samples: 100000.
New rule (No. of conditions: 22): {'vbus1': ('>=', 1), 'vbus2': ('>=', 1), 'vbus3': ('>=', 1), 'vbus4': ('>=', 1), 'vbus5': ('>=', 1), 'vbus6': ('>=', 2), 'vbus8': ('>=', 1), 'vbus9': ('>=', 1), 'vbus13': ('>=', 1), 'vbus16': ('>=', 1), 'vbus17': ('>=', 1), 'vbus18': ('>=', 1), 'br2': ('>=', 1), 'br3': ('>=', 1), 'br4': ('>=', 1), 'br5': ('>=', 1), 'br7': ('>=', 1), 'br8': ('>=', 1), 'br12': ('>=', 1), 'br16': ('>=', 1), 'br17': ('>=', 1), 'br19': ('>=', 1), 'sys': ('>=', 1)}
---
Round: 160, Unk. prob.: 2.200e-04
Surv probs: 9.997e-01, Fail probs: 6.000e-05
No. of non-dominant rules: 159, Survival rules: 138, Failure rules: 21
Survival sample found from sampling.
No. of existing rules removed:  0
New rule added. System state: 1, System value: 53.96776. Total samples: 100000.
New rule (No. of conditions: 17): {'vbus1': ('>=', 2), 'vbus2': ('>=', 1), 'vbus3': ('>=', 1), 'vbus6': ('>=', 1), 'vbus9': ('>=', 2), 'vbus12': ('>=', 1), 'vbus14': ('>=', 1), 'vbus15': ('>=', 1), 'vbus17': ('>=', 1), 'vbus46': ('>=', 1), 'vbus47': ('>=', 1), 'br15': ('>=', 1), 'br17': ('>=', 1), 'br27': ('>=', 1), 'br28': ('>=', 1), 'br59': ('>=', 1), 'br60': ('>=', 1), 'sys': ('>=', 1)}
---
Round: 161, Unk. prob.: 1.800e-04
Surv probs: 9.998e-01, Fail probs: 4.000e-05
No. of non-dominant rules: 160, Survival rules: 139, Failure rules: 21
Survival sample found from sampling.
No. of existing rules removed:  0
New rule added. System state: 1, System value: 53.544321. Total samples: 100000.
New rule (No. of conditions: 25): {'vbus1': ('>=', 1), 'vbus2': ('>=', 1), 'vbus6': ('>=', 2), 'vbus9': ('>=', 2), 'vbus11': ('>=', 1), 'vbus12': ('>=', 1), 'vbus13': ('>=', 1), 'vbus15': ('>=', 1), 'vbus17': ('>=', 1), 'vbus41': ('>=', 1), 'vbus49': ('>=', 1), 'vbus50': ('>=', 1), 'vbus56': ('>=', 1), 'br1': ('>=', 1), 'br12': ('>=', 1), 'br14': ('>=', 1), 'br15': ('>=', 1), 'br17': ('>=', 1), 'br24': ('>=', 1), 'br25': ('>=', 1), 'br27': ('>=', 1), 'br54': ('>=', 1), 'br63': ('>=', 1), 'br66': ('>=', 1), 'br74': ('>=', 1), 'sys': ('>=', 1)}
Updated sys_vals: [50.911, 52.111, 52.271, 52.43, 52.546, 52.802, 52.944, 52.983, 52.99, 53.108, 53.119, 53.122, 53.294, 53.35, 53.47, 53.489, 53.505, 53.534, 53.544, 53.55, 53.584, 53.598, 53.63, 53.71, 53.718, 53.744, 53.745, 53.753, 53.758, 53.76, 53.789, 53.79, 53.794, 53.807, 53.814, 53.824, 53.833, 53.834, 53.851, 53.854, 53.855, 53.856, 53.857, 53.865, 53.87, 53.877, 53.878, 53.88, 53.885, 53.894, 53.899, 53.901, 53.922, 53.925, 53.932, 53.935, 53.945, 53.947, 53.949, 53.957, 53.964, 53.968, 53.969, 53.977, 53.978, 53.979, 53.981, 53.982, 53.989, 53.99, 53.994, 53.995, 53.998, 53.999, 54.004, 54.005, 54.011, 54.013, 54.016, 54.019, 54.021, 54.028, 54.029, 54.033, 54.036, 54.041, 54.042, 54.043, 54.045, 54.049, 54.053, 54.057, 54.061, 54.064, 54.067, 54.069, 54.071, 54.072, 54.078, 54.08, 54.082, 54.089, 54.09, 54.091, 54.092, 54.093, 54.094, 54.097, 54.11, 54.209, 54.218, 54.251, 54.325, 54.384, 54.445, 54.669, 54.721, 54.79, 54.989, 54.995, 55.229, 55.444, 55.462, 55.661, 57.245, 57.28, 57.496, 63.249, 64.739]
---
Round: 162, Unk. prob.: 2.100e-04
Surv probs: 9.997e-01, Fail probs: 7.000e-05
No. of non-dominant rules: 161, Survival rules: 140, Failure rules: 21
Survival sample found from sampling.
No. of existing rules removed:  0
New rule added. System state: 1, System value: 53.517749. Total samples: 100000.
New rule (No. of conditions: 39): {'vbus1': ('>=', 2), 'vbus2': ('>=', 1), 'vbus3': ('>=', 1), 'vbus4': ('>=', 1), 'vbus6': ('>=', 1), 'vbus7': ('>=', 1), 'vbus8': ('>=', 1), 'vbus13': ('>=', 1), 'vbus14': ('>=', 1), 'vbus15': ('>=', 1), 'vbus16': ('>=', 1), 'vbus17': ('>=', 1), 'vbus18': ('>=', 1), 'vbus29': ('>=', 1), 'vbus44': ('>=', 1), 'vbus45': ('>=', 1), 'vbus46': ('>=', 1), 'vbus47': ('>=', 1), 'vbus49': ('>=', 1), 'vbus52': ('>=', 1), 'vbus53': ('>=', 1), 'br2': ('>=', 1), 'br3': ('>=', 1), 'br7': ('>=', 1), 'br14': ('>=', 1), 'br15': ('>=', 1), 'br16': ('>=', 1), 'br17': ('>=', 1), 'br20': ('>=', 1), 'br22': ('>=', 1), 'br28': ('>=', 1), 'br41': ('>=', 1), 'br58': ('>=', 1), 'br59': ('>=', 1), 'br60': ('>=', 1), 'br66': ('>=', 1), 'br67': ('>=', 1), 'br68': ('>=', 1), 'br72': ('>=', 1), 'sys': ('>=', 1)}
Updated sys_vals: [50.911, 52.111, 52.271, 52.43, 52.546, 52.802, 52.944, 52.983, 52.99, 53.108, 53.119, 53.122, 53.294, 53.35, 53.47, 53.489, 53.505, 53.518, 53.534, 53.544, 53.55, 53.584, 53.598, 53.63, 53.71, 53.718, 53.744, 53.745, 53.753, 53.758, 53.76, 53.789, 53.79, 53.794, 53.807, 53.814, 53.824, 53.833, 53.834, 53.851, 53.854, 53.855, 53.856, 53.857, 53.865, 53.87, 53.877, 53.878, 53.88, 53.885, 53.894, 53.899, 53.901, 53.922, 53.925, 53.932, 53.935, 53.945, 53.947, 53.949, 53.957, 53.964, 53.968, 53.969, 53.977, 53.978, 53.979, 53.981, 53.982, 53.989, 53.99, 53.994, 53.995, 53.998, 53.999, 54.004, 54.005, 54.011, 54.013, 54.016, 54.019, 54.021, 54.028, 54.029, 54.033, 54.036, 54.041, 54.042, 54.043, 54.045, 54.049, 54.053, 54.057, 54.061, 54.064, 54.067, 54.069, 54.071, 54.072, 54.078, 54.08, 54.082, 54.089, 54.09, 54.091, 54.092, 54.093, 54.094, 54.097, 54.11, 54.209, 54.218, 54.251, 54.325, 54.384, 54.445, 54.669, 54.721, 54.79, 54.989, 54.995, 55.229, 55.444, 55.462, 55.661, 57.245, 57.28, 57.496, 63.249, 64.739]
---
Round: 163, Unk. prob.: 1.800e-04
Surv probs: 9.998e-01, Fail probs: 7.000e-05
No. of non-dominant rules: 162, Survival rules: 141, Failure rules: 21
Survival sample found from sampling.
No. of existing rules removed:  0
New rule added. System state: 1, System value: 53.883134. Total samples: 100000.
New rule (No. of conditions: 47): {'vbus1': ('>=', 2), 'vbus3': ('>=', 1), 'vbus6': ('>=', 2), 'vbus7': ('>=', 1), 'vbus8': ('>=', 1), 'vbus11': ('>=', 1), 'vbus13': ('>=', 1), 'vbus14': ('>=', 1), 'vbus15': ('>=', 1), 'vbus17': ('>=', 1), 'vbus27': ('>=', 1), 'vbus28': ('>=', 1), 'vbus29': ('>=', 1), 'vbus38': ('>=', 1), 'vbus41': ('>=', 1), 'vbus44': ('>=', 1), 'vbus45': ('>=', 1), 'vbus47': ('>=', 1), 'vbus48': ('>=', 1), 'vbus49': ('>=', 1), 'vbus50': ('>=', 1), 'vbus52': ('>=', 1), 'vbus53': ('>=', 1), 'vbus54': ('>=', 1), 'vbus56': ('>=', 1), 'br13': ('>=', 1), 'br14': ('>=', 1), 'br15': ('>=', 1), 'br17': ('>=', 1), 'br22': ('>=', 1), 'br24': ('>=', 1), 'br39': ('>=', 1), 'br40': ('>=', 1), 'br41': ('>=', 1), 'br54': ('>=', 1), 'br57': ('>=', 1), 'br58': ('>=', 1), 'br61': ('>=', 1), 'br63': ('>=', 1), 'br66': ('>=', 1), 'br67': ('>=', 1), 'br68': ('>=', 1), 'br69': ('>=', 1), 'br70': ('>=', 1), 'br72': ('>=', 1), 'br74': ('>=', 1), 'br79': ('>=', 1), 'sys': ('>=', 1)}
Updated sys_vals: [50.911, 52.111, 52.271, 52.43, 52.546, 52.802, 52.944, 52.983, 52.99, 53.108, 53.119, 53.122, 53.294, 53.35, 53.47, 53.489, 53.505, 53.518, 53.534, 53.544, 53.55, 53.584, 53.598, 53.63, 53.71, 53.718, 53.744, 53.745, 53.753, 53.758, 53.76, 53.789, 53.79, 53.794, 53.807, 53.814, 53.824, 53.833, 53.834, 53.851, 53.854, 53.855, 53.856, 53.857, 53.865, 53.87, 53.877, 53.878, 53.88, 53.883, 53.885, 53.894, 53.899, 53.901, 53.922, 53.925, 53.932, 53.935, 53.945, 53.947, 53.949, 53.957, 53.964, 53.968, 53.969, 53.977, 53.978, 53.979, 53.981, 53.982, 53.989, 53.99, 53.994, 53.995, 53.998, 53.999, 54.004, 54.005, 54.011, 54.013, 54.016, 54.019, 54.021, 54.028, 54.029, 54.033, 54.036, 54.041, 54.042, 54.043, 54.045, 54.049, 54.053, 54.057, 54.061, 54.064, 54.067, 54.069, 54.071, 54.072, 54.078, 54.08, 54.082, 54.089, 54.09, 54.091, 54.092, 54.093, 54.094, 54.097, 54.11, 54.209, 54.218, 54.251, 54.325, 54.384, 54.445, 54.669, 54.721, 54.79, 54.989, 54.995, 55.229, 55.444, 55.462, 55.661, 57.245, 57.28, 57.496, 63.249, 64.739]
---
Round: 164, Unk. prob.: 2.900e-04
Surv probs: 9.996e-01, Fail probs: 8.000e-05
No. of non-dominant rules: 163, Survival rules: 142, Failure rules: 21
Survival sample found from sampling.
No. of existing rules removed:  0
New rule added. System state: 1, System value: 54.054806. Total samples: 100000.
New rule (No. of conditions: 63): {'vbus1': ('>=', 1), 'vbus2': ('>=', 1), 'vbus3': ('>=', 2), 'vbus4': ('>=', 1), 'vbus5': ('>=', 1), 'vbus6': ('>=', 3), 'vbus7': ('>=', 1), 'vbus9': ('>=', 1), 'vbus12': ('>=', 1), 'vbus14': ('>=', 1), 'vbus15': ('>=', 1), 'vbus18': ('>=', 1), 'vbus19': ('>=', 1), 'vbus20': ('>=', 1), 'vbus22': ('>=', 1), 'vbus23': ('>=', 1), 'vbus27': ('>=', 1), 'vbus28': ('>=', 1), 'vbus29': ('>=', 1), 'vbus31': ('>=', 1), 'vbus32': ('>=', 1), 'vbus33': ('>=', 1), 'vbus34': ('>=', 1), 'vbus35': ('>=', 1), 'vbus36': ('>=', 1), 'vbus37': ('>=', 1), 'vbus38': ('>=', 1), 'vbus40': ('>=', 1), 'vbus44': ('>=', 1), 'vbus45': ('>=', 1), 'vbus46': ('>=', 1), 'vbus47': ('>=', 1), 'vbus52': ('>=', 1), 'vbus56': ('>=', 1), 'br3': ('>=', 1), 'br4': ('>=', 1), 'br5': ('>=', 1), 'br6': ('>=', 1), 'br15': ('>=', 1), 'br20': ('>=', 1), 'br28': ('>=', 1), 'br29': ('>=', 1), 'br30': ('>=', 1), 'br33': ('>=', 1), 'br39': ('>=', 1), 'br40': ('>=', 1), 'br41': ('>=', 1), 'br44': ('>=', 1), 'br45': ('>=', 1), 'br46': ('>=', 1), 'br47': ('>=', 1), 'br48': ('>=', 1), 'br49': ('>=', 1), 'br50': ('>=', 1), 'br52': ('>=', 1), 'br53': ('>=', 1), 'br57': ('>=', 1), 'br58': ('>=', 1), 'br59': ('>=', 1), 'br60': ('>=', 1), 'br67': ('>=', 1), 'br72': ('>=', 1), 'br73': ('>=', 1), 'sys': ('>=', 1)}
Updated sys_vals: [50.911, 52.111, 52.271, 52.43, 52.546, 52.802, 52.944, 52.983, 52.99, 53.108, 53.119, 53.122, 53.294, 53.35, 53.47, 53.489, 53.505, 53.518, 53.534, 53.544, 53.55, 53.584, 53.598, 53.63, 53.71, 53.718, 53.744, 53.745, 53.753, 53.758, 53.76, 53.789, 53.79, 53.794, 53.807, 53.814, 53.824, 53.833, 53.834, 53.851, 53.854, 53.855, 53.856, 53.857, 53.865, 53.87, 53.877, 53.878, 53.88, 53.883, 53.885, 53.894, 53.899, 53.901, 53.922, 53.925, 53.932, 53.935, 53.945, 53.947, 53.949, 53.957, 53.964, 53.968, 53.969, 53.977, 53.978, 53.979, 53.981, 53.982, 53.989, 53.99, 53.994, 53.995, 53.998, 53.999, 54.004, 54.005, 54.011, 54.013, 54.016, 54.019, 54.021, 54.028, 54.029, 54.033, 54.036, 54.041, 54.042, 54.043, 54.045, 54.049, 54.053, 54.055, 54.057, 54.061, 54.064, 54.067, 54.069, 54.071, 54.072, 54.078, 54.08, 54.082, 54.089, 54.09, 54.091, 54.092, 54.093, 54.094, 54.097, 54.11, 54.209, 54.218, 54.251, 54.325, 54.384, 54.445, 54.669, 54.721, 54.79, 54.989, 54.995, 55.229, 55.444, 55.462, 55.661, 57.245, 57.28, 57.496, 63.249, 64.739]
---
Round: 165, Unk. prob.: 2.100e-04
Surv probs: 9.997e-01, Fail probs: 8.000e-05
No. of non-dominant rules: 164, Survival rules: 143, Failure rules: 21
Survival sample found from sampling.
No. of existing rules removed:  0
New rule added. System state: 1, System value: 54.082856. Total samples: 100000.
New rule (No. of conditions: 24): {'vbus1': ('>=', 1), 'vbus2': ('>=', 2), 'vbus3': ('>=', 1), 'vbus4': ('>=', 1), 'vbus6': ('>=', 1), 'vbus9': ('>=', 1), 'vbus12': ('>=', 1), 'vbus15': ('>=', 1), 'vbus17': ('>=', 1), 'vbus18': ('>=', 1), 'vbus38': ('>=', 1), 'vbus44': ('>=', 1), 'vbus45': ('>=', 1), 'br1': ('>=', 1), 'br2': ('>=', 1), 'br3': ('>=', 1), 'br5': ('>=', 1), 'br17': ('>=', 1), 'br18': ('>=', 1), 'br20': ('>=', 1), 'br27': ('>=', 1), 'br57': ('>=', 1), 'br58': ('>=', 1), 'br72': ('>=', 1), 'sys': ('>=', 1)}
Updated sys_vals: [50.911, 52.111, 52.271, 52.43, 52.546, 52.802, 52.944, 52.983, 52.99, 53.108, 53.119, 53.122, 53.294, 53.35, 53.47, 53.489, 53.505, 53.518, 53.534, 53.544, 53.55, 53.584, 53.598, 53.63, 53.71, 53.718, 53.744, 53.745, 53.753, 53.758, 53.76, 53.789, 53.79, 53.794, 53.807, 53.814, 53.824, 53.833, 53.834, 53.851, 53.854, 53.855, 53.856, 53.857, 53.865, 53.87, 53.877, 53.878, 53.88, 53.883, 53.885, 53.894, 53.899, 53.901, 53.922, 53.925, 53.932, 53.935, 53.945, 53.947, 53.949, 53.957, 53.964, 53.968, 53.969, 53.977, 53.978, 53.979, 53.981, 53.982, 53.989, 53.99, 53.994, 53.995, 53.998, 53.999, 54.004, 54.005, 54.011, 54.013, 54.016, 54.019, 54.021, 54.028, 54.029, 54.033, 54.036, 54.041, 54.042, 54.043, 54.045, 54.049, 54.053, 54.055, 54.057, 54.061, 54.064, 54.067, 54.069, 54.071, 54.072, 54.078, 54.08, 54.082, 54.083, 54.089, 54.09, 54.091, 54.092, 54.093, 54.094, 54.097, 54.11, 54.209, 54.218, 54.251, 54.325, 54.384, 54.445, 54.669, 54.721, 54.79, 54.989, 54.995, 55.229, 55.444, 55.462, 55.661, 57.245, 57.28, 57.496, 63.249, 64.739]
---
Round: 166, Unk. prob.: 2.700e-04
Surv probs: 9.997e-01, Fail probs: 6.000e-05
No. of non-dominant rules: 165, Survival rules: 144, Failure rules: 21
Survival sample found from sampling.
No. of existing rules removed:  0
New rule added. System state: 1, System value: 54.021426. Total samples: 100000.
New rule (No. of conditions: 43): {'vbus1': ('>=', 1), 'vbus2': ('>=', 1), 'vbus3': ('>=', 2), 'vbus4': ('>=', 1), 'vbus5': ('>=', 1), 'vbus6': ('>=', 2), 'vbus8': ('>=', 1), 'vbus11': ('>=', 1), 'vbus13': ('>=', 1), 'vbus14': ('>=', 1), 'vbus15': ('>=', 1), 'vbus16': ('>=', 1), 'vbus17': ('>=', 1), 'vbus18': ('>=', 1), 'vbus22': ('>=', 1), 'vbus23': ('>=', 1), 'vbus38': ('>=', 1), 'vbus41': ('>=', 1), 'vbus42': ('>=', 1), 'vbus44': ('>=', 1), 'vbus45': ('>=', 1), 'vbus46': ('>=', 1), 'vbus47': ('>=', 1), 'br2': ('>=', 1), 'br3': ('>=', 1), 'br4': ('>=', 1), 'br14': ('>=', 1), 'br15': ('>=', 1), 'br16': ('>=', 1), 'br17': ('>=', 1), 'br18': ('>=', 1), 'br19': ('>=', 1), 'br24': ('>=', 1), 'br28': ('>=', 1), 'br33': ('>=', 1), 'br53': ('>=', 1), 'br54': ('>=', 1), 'br55': ('>=', 1), 'br57': ('>=', 1), 'br58': ('>=', 1), 'br59': ('>=', 1), 'br60': ('>=', 1), 'br72': ('>=', 1), 'sys': ('>=', 1)}
---
Round: 167, Unk. prob.: 1.800e-04
Surv probs: 9.998e-01, Fail probs: 7.000e-05
No. of non-dominant rules: 166, Survival rules: 145, Failure rules: 21
Survival sample found from sampling.
No. of existing rules removed:  0
New rule added. System state: 1, System value: 53.99501. Total samples: 100000.
New rule (No. of conditions: 16): {'vbus2': ('>=', 2), 'vbus3': ('>=', 1), 'vbus4': ('>=', 1), 'vbus6': ('>=', 1), 'vbus9': ('>=', 2), 'vbus12': ('>=', 2), 'vbus13': ('>=', 1), 'vbus14': ('>=', 1), 'vbus15': ('>=', 1), 'br2': ('>=', 1), 'br3': ('>=', 1), 'br5': ('>=', 1), 'br12': ('>=', 1), 'br13': ('>=', 1), 'br18': ('>=', 1), 'br28': ('>=', 1), 'sys': ('>=', 1)}
---
Round: 168, Unk. prob.: 2.000e-04
Surv probs: 9.997e-01, Fail probs: 1.100e-04
No. of non-dominant rules: 167, Survival rules: 146, Failure rules: 21
Survival sample found from sampling.
No. of existing rules removed:  0
New rule added. System state: 1, System value: 54.080488. Total samples: 100000.
New rule (No. of conditions: 45): {'vbus1': ('>=', 1), 'vbus2': ('>=', 1), 'vbus3': ('>=', 1), 'vbus4': ('>=', 1), 'vbus6': ('>=', 1), 'vbus7': ('>=', 1), 'vbus8': ('>=', 1), 'vbus13': ('>=', 1), 'vbus14': ('>=', 1), 'vbus15': ('>=', 1), 'vbus16': ('>=', 1), 'vbus17': ('>=', 1), 'vbus27': ('>=', 1), 'vbus28': ('>=', 1), 'vbus29': ('>=', 1), 'vbus46': ('>=', 1), 'vbus47': ('>=', 1), 'vbus49': ('>=', 1), 'vbus50': ('>=', 1), 'vbus52': ('>=', 1), 'vbus53': ('>=', 1), 'vbus54': ('>=', 1), 'vbus55': ('>=', 1), 'br1': ('>=', 1), 'br2': ('>=', 1), 'br3': ('>=', 1), 'br5': ('>=', 1), 'br7': ('>=', 1), 'br13': ('>=', 1), 'br14': ('>=', 1), 'br15': ('>=', 1), 'br16': ('>=', 1), 'br17': ('>=', 1), 'br22': ('>=', 1), 'br39': ('>=', 1), 'br40': ('>=', 1), 'br41': ('>=', 1), 'br59': ('>=', 1), 'br60': ('>=', 1), 'br63': ('>=', 1), 'br66': ('>=', 1), 'br67': ('>=', 1), 'br68': ('>=', 1), 'br69': ('>=', 1), 'br70': ('>=', 1), 'sys': ('>=', 1)}
---
Round: 169, Unk. prob.: 2.800e-04
Surv probs: 9.997e-01, Fail probs: 7.000e-05
No. of non-dominant rules: 168, Survival rules: 147, Failure rules: 21
Failure sample found from sampling.
No. of existing rules removed:  0
New rule added. System state: 0, System value: 56.973885. Total samples: 100000.
New rule (No. of conditions: 4): {'vbus3': ('<=', 0), 'vbus12': ('<=', 0), 'vbus15': ('<=', 0), 'br8': ('<=', 0), 'sys': ('<=', 0)}
Updated sys_vals: [50.911, 52.111, 52.271, 52.43, 52.546, 52.802, 52.944, 52.983, 52.99, 53.108, 53.119, 53.122, 53.294, 53.35, 53.47, 53.489, 53.505, 53.518, 53.534, 53.544, 53.55, 53.584, 53.598, 53.63, 53.71, 53.718, 53.744, 53.745, 53.753, 53.758, 53.76, 53.789, 53.79, 53.794, 53.807, 53.814, 53.824, 53.833, 53.834, 53.851, 53.854, 53.855, 53.856, 53.857, 53.865, 53.87, 53.877, 53.878, 53.88, 53.883, 53.885, 53.894, 53.899, 53.901, 53.922, 53.925, 53.932, 53.935, 53.945, 53.947, 53.949, 53.957, 53.964, 53.968, 53.969, 53.977, 53.978, 53.979, 53.981, 53.982, 53.989, 53.99, 53.994, 53.995, 53.998, 53.999, 54.004, 54.005, 54.011, 54.013, 54.016, 54.019, 54.021, 54.028, 54.029, 54.033, 54.036, 54.041, 54.042, 54.043, 54.045, 54.049, 54.053, 54.055, 54.057, 54.061, 54.064, 54.067, 54.069, 54.071, 54.072, 54.078, 54.08, 54.082, 54.083, 54.089, 54.09, 54.091, 54.092, 54.093, 54.094, 54.097, 54.11, 54.209, 54.218, 54.251, 54.325, 54.384, 54.445, 54.669, 54.721, 54.79, 54.989, 54.995, 55.229, 55.444, 55.462, 55.661, 56.974, 57.245, 57.28, 57.496, 63.249, 64.739]
---
Round: 170, Unk. prob.: 1.800e-04
Surv probs: 9.998e-01, Fail probs: 6.000e-05
No. of non-dominant rules: 169, Survival rules: 147, Failure rules: 22
Survival sample found from sampling.
No. of existing rules removed:  0
New rule added. System state: 1, System value: 54.067874. Total samples: 100000.
New rule (No. of conditions: 41): {'vbus2': ('>=', 2), 'vbus3': ('>=', 2), 'vbus4': ('>=', 1), 'vbus5': ('>=', 1), 'vbus6': ('>=', 2), 'vbus7': ('>=', 1), 'vbus8': ('>=', 1), 'vbus9': ('>=', 3), 'vbus10': ('>=', 1), 'vbus13': ('>=', 1), 'vbus15': ('>=', 1), 'vbus18': ('>=', 1), 'vbus19': ('>=', 1), 'vbus27': ('>=', 1), 'vbus28': ('>=', 1), 'vbus29': ('>=', 1), 'vbus38': ('>=', 1), 'vbus49': ('>=', 1), 'vbus51': ('>=', 1), 'vbus52': ('>=', 1), 'vbus53': ('>=', 1), 'br2': ('>=', 1), 'br3': ('>=', 1), 'br4': ('>=', 1), 'br5': ('>=', 1), 'br6': ('>=', 1), 'br8': ('>=', 1), 'br9': ('>=', 1), 'br14': ('>=', 1), 'br18': ('>=', 1), 'br19': ('>=', 1), 'br22': ('>=', 1), 'br29': ('>=', 1), 'br39': ('>=', 1), 'br40': ('>=', 1), 'br41': ('>=', 1), 'br65': ('>=', 1), 'br66': ('>=', 1), 'br67': ('>=', 1), 'br68': ('>=', 1), 'br78': ('>=', 1), 'sys': ('>=', 1)}
Updated sys_vals: [50.911, 52.111, 52.271, 52.43, 52.546, 52.802, 52.944, 52.983, 52.99, 53.108, 53.119, 53.122, 53.294, 53.35, 53.47, 53.489, 53.505, 53.518, 53.534, 53.544, 53.55, 53.584, 53.598, 53.63, 53.71, 53.718, 53.744, 53.745, 53.753, 53.758, 53.76, 53.789, 53.79, 53.794, 53.807, 53.814, 53.824, 53.833, 53.834, 53.851, 53.854, 53.855, 53.856, 53.857, 53.865, 53.87, 53.877, 53.878, 53.88, 53.883, 53.885, 53.894, 53.899, 53.901, 53.922, 53.925, 53.932, 53.935, 53.945, 53.947, 53.949, 53.957, 53.964, 53.968, 53.969, 53.977, 53.978, 53.979, 53.981, 53.982, 53.989, 53.99, 53.994, 53.995, 53.998, 53.999, 54.004, 54.005, 54.011, 54.013, 54.016, 54.019, 54.021, 54.028, 54.029, 54.033, 54.036, 54.041, 54.042, 54.043, 54.045, 54.049, 54.053, 54.055, 54.057, 54.061, 54.064, 54.067, 54.068, 54.069, 54.071, 54.072, 54.078, 54.08, 54.082, 54.083, 54.089, 54.09, 54.091, 54.092, 54.093, 54.094, 54.097, 54.11, 54.209, 54.218, 54.251, 54.325, 54.384, 54.445, 54.669, 54.721, 54.79, 54.989, 54.995, 55.229, 55.444, 55.462, 55.661, 56.974, 57.245, 57.28, 57.496, 63.249, 64.739]
---
Round: 171, Unk. prob.: 9.000e-05
Surv probs: 9.998e-01, Fail probs: 1.100e-04
No. of non-dominant rules: 170, Survival rules: 148, Failure rules: 22
Survival sample found from sampling.
No. of existing rules removed:  0
New rule added. System state: 1, System value: 53.80972. Total samples: 100000.
New rule (No. of conditions: 48): {'vbus2': ('>=', 2), 'vbus3': ('>=', 1), 'vbus4': ('>=', 1), 'vbus5': ('>=', 1), 'vbus6': ('>=', 3), 'vbus7': ('>=', 1), 'vbus8': ('>=', 2), 'vbus9': ('>=', 1), 'vbus10': ('>=', 1), 'vbus13': ('>=', 1), 'vbus14': ('>=', 1), 'vbus15': ('>=', 1), 'vbus18': ('>=', 1), 'vbus23': ('>=', 1), 'vbus24': ('>=', 1), 'vbus25': ('>=', 1), 'vbus26': ('>=', 1), 'vbus27': ('>=', 1), 'vbus28': ('>=', 1), 'vbus29': ('>=', 1), 'vbus49': ('>=', 1), 'vbus50': ('>=', 1), 'vbus51': ('>=', 1), 'vbus52': ('>=', 1), 'br2': ('>=', 1), 'br3': ('>=', 1), 'br4': ('>=', 1), 'br5': ('>=', 1), 'br8': ('>=', 1), 'br9': ('>=', 1), 'br12': ('>=', 1), 'br13': ('>=', 1), 'br14': ('>=', 1), 'br18': ('>=', 1), 'br20': ('>=', 1), 'br22': ('>=', 1), 'br28': ('>=', 1), 'br34': ('>=', 1), 'br36': ('>=', 1), 'br37': ('>=', 1), 'br38': ('>=', 1), 'br39': ('>=', 1), 'br40': ('>=', 1), 'br41': ('>=', 1), 'br63': ('>=', 1), 'br65': ('>=', 1), 'br66': ('>=', 1), 'br67': ('>=', 1), 'sys': ('>=', 1)}
Updated sys_vals: [50.911, 52.111, 52.271, 52.43, 52.546, 52.802, 52.944, 52.983, 52.99, 53.108, 53.119, 53.122, 53.294, 53.35, 53.47, 53.489, 53.505, 53.518, 53.534, 53.544, 53.55, 53.584, 53.598, 53.63, 53.71, 53.718, 53.744, 53.745, 53.753, 53.758, 53.76, 53.789, 53.79, 53.794, 53.807, 53.81, 53.814, 53.824, 53.833, 53.834, 53.851, 53.854, 53.855, 53.856, 53.857, 53.865, 53.87, 53.877, 53.878, 53.88, 53.883, 53.885, 53.894, 53.899, 53.901, 53.922, 53.925, 53.932, 53.935, 53.945, 53.947, 53.949, 53.957, 53.964, 53.968, 53.969, 53.977, 53.978, 53.979, 53.981, 53.982, 53.989, 53.99, 53.994, 53.995, 53.998, 53.999, 54.004, 54.005, 54.011, 54.013, 54.016, 54.019, 54.021, 54.028, 54.029, 54.033, 54.036, 54.041, 54.042, 54.043, 54.045, 54.049, 54.053, 54.055, 54.057, 54.061, 54.064, 54.067, 54.068, 54.069, 54.071, 54.072, 54.078, 54.08, 54.082, 54.083, 54.089, 54.09, 54.091, 54.092, 54.093, 54.094, 54.097, 54.11, 54.209, 54.218, 54.251, 54.325, 54.384, 54.445, 54.669, 54.721, 54.79, 54.989, 54.995, 55.229, 55.444, 55.462, 55.661, 56.974, 57.245, 57.28, 57.496, 63.249, 64.739]
---
Round: 172, Unk. prob.: 2.300e-04
Surv probs: 9.997e-01, Fail probs: 8.000e-05
No. of non-dominant rules: 171, Survival rules: 149, Failure rules: 22
Survival sample found from sampling.
No. of existing rules removed:  0
New rule added. System state: 1, System value: 53.630182. Total samples: 100000.
New rule (No. of conditions: 33): {'vbus1': ('>=', 1), 'vbus2': ('>=', 1), 'vbus3': ('>=', 1), 'vbus4': ('>=', 1), 'vbus5': ('>=', 1), 'vbus7': ('>=', 1), 'vbus8': ('>=', 2), 'vbus9': ('>=', 1), 'vbus10': ('>=', 1), 'vbus13': ('>=', 1), 'vbus16': ('>=', 1), 'vbus17': ('>=', 1), 'vbus18': ('>=', 1), 'vbus29': ('>=', 1), 'vbus50': ('>=', 1), 'vbus51': ('>=', 1), 'vbus52': ('>=', 1), 'vbus53': ('>=', 1), 'br2': ('>=', 1), 'br3': ('>=', 1), 'br4': ('>=', 1), 'br8': ('>=', 1), 'br9': ('>=', 1), 'br12': ('>=', 1), 'br16': ('>=', 1), 'br17': ('>=', 1), 'br19': ('>=', 1), 'br22': ('>=', 1), 'br41': ('>=', 1), 'br64': ('>=', 1), 'br65': ('>=', 1), 'br67': ('>=', 1), 'br68': ('>=', 1), 'sys': ('>=', 1)}
---
Round: 173, Unk. prob.: 1.800e-04
Surv probs: 9.998e-01, Fail probs: 4.000e-05
No. of non-dominant rules: 172, Survival rules: 150, Failure rules: 22
Survival sample found from sampling.
No. of existing rules removed:  0
New rule added. System state: 1, System value: 54.047498. Total samples: 100000.
New rule (No. of conditions: 52): {'vbus2': ('>=', 2), 'vbus3': ('>=', 2), 'vbus4': ('>=', 1), 'vbus5': ('>=', 1), 'vbus6': ('>=', 3), 'vbus7': ('>=', 1), 'vbus8': ('>=', 1), 'vbus9': ('>=', 3), 'vbus10': ('>=', 1), 'vbus11': ('>=', 1), 'vbus15': ('>=', 1), 'vbus18': ('>=', 1), 'vbus29': ('>=', 1), 'vbus38': ('>=', 1), 'vbus41': ('>=', 1), 'vbus42': ('>=', 1), 'vbus43': ('>=', 1), 'vbus44': ('>=', 1), 'vbus45': ('>=', 1), 'vbus47': ('>=', 1), 'vbus48': ('>=', 1), 'vbus53': ('>=', 1), 'vbus54': ('>=', 1), 'vbus55': ('>=', 1), 'vbus56': ('>=', 1), 'vbus57': ('>=', 1), 'br2': ('>=', 1), 'br3': ('>=', 1), 'br4': ('>=', 1), 'br6': ('>=', 1), 'br7': ('>=', 1), 'br8': ('>=', 1), 'br9': ('>=', 1), 'br10': ('>=', 1), 'br18': ('>=', 1), 'br19': ('>=', 1), 'br29': ('>=', 1), 'br41': ('>=', 1), 'br54': ('>=', 1), 'br55': ('>=', 1), 'br56': ('>=', 1), 'br57': ('>=', 1), 'br58': ('>=', 1), 'br61': ('>=', 1), 'br69': ('>=', 1), 'br70': ('>=', 1), 'br71': ('>=', 1), 'br72': ('>=', 1), 'br74': ('>=', 1), 'br77': ('>=', 1), 'br79': ('>=', 1), 'br80': ('>=', 1), 'sys': ('>=', 1)}
Updated sys_vals: [50.911, 52.111, 52.271, 52.43, 52.546, 52.802, 52.944, 52.983, 52.99, 53.108, 53.119, 53.122, 53.294, 53.35, 53.47, 53.489, 53.505, 53.518, 53.534, 53.544, 53.55, 53.584, 53.598, 53.63, 53.71, 53.718, 53.744, 53.745, 53.753, 53.758, 53.76, 53.789, 53.79, 53.794, 53.807, 53.81, 53.814, 53.824, 53.833, 53.834, 53.851, 53.854, 53.855, 53.856, 53.857, 53.865, 53.87, 53.877, 53.878, 53.88, 53.883, 53.885, 53.894, 53.899, 53.901, 53.922, 53.925, 53.932, 53.935, 53.945, 53.947, 53.949, 53.957, 53.964, 53.968, 53.969, 53.977, 53.978, 53.979, 53.981, 53.982, 53.989, 53.99, 53.994, 53.995, 53.998, 53.999, 54.004, 54.005, 54.011, 54.013, 54.016, 54.019, 54.021, 54.028, 54.029, 54.033, 54.036, 54.041, 54.042, 54.043, 54.045, 54.047, 54.049, 54.053, 54.055, 54.057, 54.061, 54.064, 54.067, 54.068, 54.069, 54.071, 54.072, 54.078, 54.08, 54.082, 54.083, 54.089, 54.09, 54.091, 54.092, 54.093, 54.094, 54.097, 54.11, 54.209, 54.218, 54.251, 54.325, 54.384, 54.445, 54.669, 54.721, 54.79, 54.989, 54.995, 55.229, 55.444, 55.462, 55.661, 56.974, 57.245, 57.28, 57.496, 63.249, 64.739]
---
Round: 174, Unk. prob.: 1.700e-04
Surv probs: 9.998e-01, Fail probs: 5.000e-05
No. of non-dominant rules: 173, Survival rules: 151, Failure rules: 22
Survival sample found from sampling.
No. of existing rules removed:  0
New rule added. System state: 1, System value: 53.995578. Total samples: 100000.
New rule (No. of conditions: 29): {'vbus2': ('>=', 1), 'vbus3': ('>=', 2), 'vbus4': ('>=', 1), 'vbus6': ('>=', 3), 'vbus7': ('>=', 1), 'vbus8': ('>=', 1), 'vbus12': ('>=', 1), 'vbus13': ('>=', 1), 'vbus14': ('>=', 1), 'vbus15': ('>=', 1), 'vbus18': ('>=', 1), 'vbus28': ('>=', 1), 'vbus29': ('>=', 1), 'vbus46': ('>=', 1), 'vbus47': ('>=', 1), 'vbus52': ('>=', 1), 'vbus53': ('>=', 1), 'br5': ('>=', 1), 'br14': ('>=', 1), 'br18': ('>=', 1), 'br20': ('>=', 1), 'br22': ('>=', 1), 'br28': ('>=', 1), 'br40': ('>=', 1), 'br41': ('>=', 1), 'br59': ('>=', 1), 'br60': ('>=', 1), 'br67': ('>=', 1), 'br68': ('>=', 1), 'sys': ('>=', 1)}
Updated sys_vals: [50.911, 52.111, 52.271, 52.43, 52.546, 52.802, 52.944, 52.983, 52.99, 53.108, 53.119, 53.122, 53.294, 53.35, 53.47, 53.489, 53.505, 53.518, 53.534, 53.544, 53.55, 53.584, 53.598, 53.63, 53.71, 53.718, 53.744, 53.745, 53.753, 53.758, 53.76, 53.789, 53.79, 53.794, 53.807, 53.81, 53.814, 53.824, 53.833, 53.834, 53.851, 53.854, 53.855, 53.856, 53.857, 53.865, 53.87, 53.877, 53.878, 53.88, 53.883, 53.885, 53.894, 53.899, 53.901, 53.922, 53.925, 53.932, 53.935, 53.945, 53.947, 53.949, 53.957, 53.964, 53.968, 53.969, 53.977, 53.978, 53.979, 53.981, 53.982, 53.989, 53.99, 53.994, 53.995, 53.996, 53.998, 53.999, 54.004, 54.005, 54.011, 54.013, 54.016, 54.019, 54.021, 54.028, 54.029, 54.033, 54.036, 54.041, 54.042, 54.043, 54.045, 54.047, 54.049, 54.053, 54.055, 54.057, 54.061, 54.064, 54.067, 54.068, 54.069, 54.071, 54.072, 54.078, 54.08, 54.082, 54.083, 54.089, 54.09, 54.091, 54.092, 54.093, 54.094, 54.097, 54.11, 54.209, 54.218, 54.251, 54.325, 54.384, 54.445, 54.669, 54.721, 54.79, 54.989, 54.995, 55.229, 55.444, 55.462, 55.661, 56.974, 57.245, 57.28, 57.496, 63.249, 64.739]
---
Round: 175, Unk. prob.: 2.100e-04
Surv probs: 9.997e-01, Fail probs: 5.000e-05
No. of non-dominant rules: 174, Survival rules: 152, Failure rules: 22
Failure sample found from sampling.
No. of existing rules removed:  0
New rule added. System state: 0, System value: 54.343465. Total samples: 100000.
New rule (No. of conditions: 4): {'vbus1': ('<=', 0), 'vbus12': ('<=', 0), 'br3': ('<=', 0), 'br40': ('<=', 0), 'sys': ('<=', 0)}
Updated sys_vals: [50.911, 52.111, 52.271, 52.43, 52.546, 52.802, 52.944, 52.983, 52.99, 53.108, 53.119, 53.122, 53.294, 53.35, 53.47, 53.489, 53.505, 53.518, 53.534, 53.544, 53.55, 53.584, 53.598, 53.63, 53.71, 53.718, 53.744, 53.745, 53.753, 53.758, 53.76, 53.789, 53.79, 53.794, 53.807, 53.81, 53.814, 53.824, 53.833, 53.834, 53.851, 53.854, 53.855, 53.856, 53.857, 53.865, 53.87, 53.877, 53.878, 53.88, 53.883, 53.885, 53.894, 53.899, 53.901, 53.922, 53.925, 53.932, 53.935, 53.945, 53.947, 53.949, 53.957, 53.964, 53.968, 53.969, 53.977, 53.978, 53.979, 53.981, 53.982, 53.989, 53.99, 53.994, 53.995, 53.996, 53.998, 53.999, 54.004, 54.005, 54.011, 54.013, 54.016, 54.019, 54.021, 54.028, 54.029, 54.033, 54.036, 54.041, 54.042, 54.043, 54.045, 54.047, 54.049, 54.053, 54.055, 54.057, 54.061, 54.064, 54.067, 54.068, 54.069, 54.071, 54.072, 54.078, 54.08, 54.082, 54.083, 54.089, 54.09, 54.091, 54.092, 54.093, 54.094, 54.097, 54.11, 54.209, 54.218, 54.251, 54.325, 54.343, 54.384, 54.445, 54.669, 54.721, 54.79, 54.989, 54.995, 55.229, 55.444, 55.462, 55.661, 56.974, 57.245, 57.28, 57.496, 63.249, 64.739]
---
Round: 176, Unk. prob.: 1.800e-04
Surv probs: 9.997e-01, Fail probs: 8.000e-05
No. of non-dominant rules: 175, Survival rules: 152, Failure rules: 23
Failure sample found from sampling.
No. of existing rules removed:  0
New rule added. System state: 0, System value: 55.076375. Total samples: 100000.
New rule (No. of conditions: 5): {'vbus1': ('<=', 0), 'vbus2': ('<=', 2), 'vbus3': ('<=', 1), 'vbus7': ('<=', 0), 'vbus12': ('<=', 0), 'sys': ('<=', 0)}
Updated sys_vals: [50.911, 52.111, 52.271, 52.43, 52.546, 52.802, 52.944, 52.983, 52.99, 53.108, 53.119, 53.122, 53.294, 53.35, 53.47, 53.489, 53.505, 53.518, 53.534, 53.544, 53.55, 53.584, 53.598, 53.63, 53.71, 53.718, 53.744, 53.745, 53.753, 53.758, 53.76, 53.789, 53.79, 53.794, 53.807, 53.81, 53.814, 53.824, 53.833, 53.834, 53.851, 53.854, 53.855, 53.856, 53.857, 53.865, 53.87, 53.877, 53.878, 53.88, 53.883, 53.885, 53.894, 53.899, 53.901, 53.922, 53.925, 53.932, 53.935, 53.945, 53.947, 53.949, 53.957, 53.964, 53.968, 53.969, 53.977, 53.978, 53.979, 53.981, 53.982, 53.989, 53.99, 53.994, 53.995, 53.996, 53.998, 53.999, 54.004, 54.005, 54.011, 54.013, 54.016, 54.019, 54.021, 54.028, 54.029, 54.033, 54.036, 54.041, 54.042, 54.043, 54.045, 54.047, 54.049, 54.053, 54.055, 54.057, 54.061, 54.064, 54.067, 54.068, 54.069, 54.071, 54.072, 54.078, 54.08, 54.082, 54.083, 54.089, 54.09, 54.091, 54.092, 54.093, 54.094, 54.097, 54.11, 54.209, 54.218, 54.251, 54.325, 54.343, 54.384, 54.445, 54.669, 54.721, 54.79, 54.989, 54.995, 55.076, 55.229, 55.444, 55.462, 55.661, 56.974, 57.245, 57.28, 57.496, 63.249, 64.739]
---
Round: 177, Unk. prob.: 1.600e-04
Surv probs: 9.998e-01, Fail probs: 1.000e-05
No. of non-dominant rules: 176, Survival rules: 152, Failure rules: 24
Failure sample found from sampling.
No. of existing rules removed:  0
New rule added. System state: 0, System value: 55.690404. Total samples: 100000.
New rule (No. of conditions: 4): {'vbus9': ('<=', 0), 'vbus12': ('<=', 0), 'vbus17': ('<=', 0), 'br15': ('<=', 0), 'sys': ('<=', 0)}
Updated sys_vals: [50.911, 52.111, 52.271, 52.43, 52.546, 52.802, 52.944, 52.983, 52.99, 53.108, 53.119, 53.122, 53.294, 53.35, 53.47, 53.489, 53.505, 53.518, 53.534, 53.544, 53.55, 53.584, 53.598, 53.63, 53.71, 53.718, 53.744, 53.745, 53.753, 53.758, 53.76, 53.789, 53.79, 53.794, 53.807, 53.81, 53.814, 53.824, 53.833, 53.834, 53.851, 53.854, 53.855, 53.856, 53.857, 53.865, 53.87, 53.877, 53.878, 53.88, 53.883, 53.885, 53.894, 53.899, 53.901, 53.922, 53.925, 53.932, 53.935, 53.945, 53.947, 53.949, 53.957, 53.964, 53.968, 53.969, 53.977, 53.978, 53.979, 53.981, 53.982, 53.989, 53.99, 53.994, 53.995, 53.996, 53.998, 53.999, 54.004, 54.005, 54.011, 54.013, 54.016, 54.019, 54.021, 54.028, 54.029, 54.033, 54.036, 54.041, 54.042, 54.043, 54.045, 54.047, 54.049, 54.053, 54.055, 54.057, 54.061, 54.064, 54.067, 54.068, 54.069, 54.071, 54.072, 54.078, 54.08, 54.082, 54.083, 54.089, 54.09, 54.091, 54.092, 54.093, 54.094, 54.097, 54.11, 54.209, 54.218, 54.251, 54.325, 54.343, 54.384, 54.445, 54.669, 54.721, 54.79, 54.989, 54.995, 55.076, 55.229, 55.444, 55.462, 55.661, 55.69, 56.974, 57.245, 57.28, 57.496, 63.249, 64.739]
---
Round: 178, Unk. prob.: 2.200e-04
Surv probs: 9.997e-01, Fail probs: 1.200e-04
No. of non-dominant rules: 177, Survival rules: 152, Failure rules: 25
Survival sample found from sampling.
No. of existing rules removed:  0
New rule added. System state: 1, System value: 54.097207. Total samples: 100000.
New rule (No. of conditions: 21): {'vbus1': ('>=', 1), 'vbus3': ('>=', 2), 'vbus4': ('>=', 1), 'vbus6': ('>=', 2), 'vbus7': ('>=', 1), 'vbus9': ('>=', 2), 'vbus12': ('>=', 1), 'vbus16': ('>=', 1), 'vbus18': ('>=', 1), 'vbus29': ('>=', 1), 'vbus52': ('>=', 1), 'vbus53': ('>=', 1), 'br3': ('>=', 1), 'br5': ('>=', 1), 'br6': ('>=', 1), 'br16': ('>=', 1), 'br20': ('>=', 1), 'br26': ('>=', 1), 'br41': ('>=', 1), 'br67': ('>=', 1), 'br68': ('>=', 1), 'sys': ('>=', 1)}
---
Round: 179, Unk. prob.: 1.700e-04
Surv probs: 9.998e-01, Fail probs: 4.000e-05
No. of non-dominant rules: 178, Survival rules: 153, Failure rules: 25
Survival sample found from sampling.
No. of existing rules removed:  0
New rule added. System state: 1, System value: 54.089362. Total samples: 100000.
New rule (No. of conditions: 22): {'vbus1': ('>=', 1), 'vbus2': ('>=', 1), 'vbus3': ('>=', 1), 'vbus6': ('>=', 2), 'vbus9': ('>=', 2), 'vbus12': ('>=', 1), 'vbus15': ('>=', 1), 'vbus16': ('>=', 1), 'vbus38': ('>=', 1), 'vbus44': ('>=', 1), 'vbus45': ('>=', 1), 'vbus49': ('>=', 1), 'br1': ('>=', 1), 'br2': ('>=', 1), 'br6': ('>=', 1), 'br16': ('>=', 1), 'br18': ('>=', 1), 'br26': ('>=', 1), 'br57': ('>=', 1), 'br58': ('>=', 1), 'br72': ('>=', 1), 'br78': ('>=', 1), 'sys': ('>=', 1)}
---
Round: 180, Unk. prob.: 2.200e-04
Surv probs: 9.997e-01, Fail probs: 9.000e-05
No. of non-dominant rules: 179, Survival rules: 154, Failure rules: 25
Survival sample found from sampling.
No. of existing rules removed:  0
New rule added. System state: 1, System value: 53.957165. Total samples: 100000.
New rule (No. of conditions: 13): {'vbus1': ('>=', 2), 'vbus2': ('>=', 1), 'vbus6': ('>=', 2), 'vbus9': ('>=', 1), 'vbus12': ('>=', 1), 'vbus15': ('>=', 1), 'vbus16': ('>=', 1), 'vbus17': ('>=', 1), 'br15': ('>=', 1), 'br16': ('>=', 1), 'br17': ('>=', 1), 'br26': ('>=', 1), 'br27': ('>=', 1), 'sys': ('>=', 1)}
---
Round: 181, Unk. prob.: 1.900e-04
Surv probs: 9.998e-01, Fail probs: 4.000e-05
No. of non-dominant rules: 180, Survival rules: 155, Failure rules: 25
Survival sample found from sampling.
No. of existing rules removed:  0
New rule added. System state: 1, System value: 54.037114. Total samples: 100000.
New rule (No. of conditions: 16): {'vbus1': ('>=', 2), 'vbus3': ('>=', 2), 'vbus9': ('>=', 1), 'vbus12': ('>=', 1), 'vbus13': ('>=', 1), 'vbus15': ('>=', 1), 'vbus16': ('>=', 1), 'vbus17': ('>=', 1), 'vbus49': ('>=', 1), 'br14': ('>=', 1), 'br16': ('>=', 1), 'br17': ('>=', 1), 'br18': ('>=', 1), 'br26': ('>=', 1), 'br27': ('>=', 1), 'br66': ('>=', 1), 'sys': ('>=', 1)}
Updated sys_vals: [50.911, 52.111, 52.271, 52.43, 52.546, 52.802, 52.944, 52.983, 52.99, 53.108, 53.119, 53.122, 53.294, 53.35, 53.47, 53.489, 53.505, 53.518, 53.534, 53.544, 53.55, 53.584, 53.598, 53.63, 53.71, 53.718, 53.744, 53.745, 53.753, 53.758, 53.76, 53.789, 53.79, 53.794, 53.807, 53.81, 53.814, 53.824, 53.833, 53.834, 53.851, 53.854, 53.855, 53.856, 53.857, 53.865, 53.87, 53.877, 53.878, 53.88, 53.883, 53.885, 53.894, 53.899, 53.901, 53.922, 53.925, 53.932, 53.935, 53.945, 53.947, 53.949, 53.957, 53.964, 53.968, 53.969, 53.977, 53.978, 53.979, 53.981, 53.982, 53.989, 53.99, 53.994, 53.995, 53.996, 53.998, 53.999, 54.004, 54.005, 54.011, 54.013, 54.016, 54.019, 54.021, 54.028, 54.029, 54.033, 54.036, 54.037, 54.041, 54.042, 54.043, 54.045, 54.047, 54.049, 54.053, 54.055, 54.057, 54.061, 54.064, 54.067, 54.068, 54.069, 54.071, 54.072, 54.078, 54.08, 54.082, 54.083, 54.089, 54.09, 54.091, 54.092, 54.093, 54.094, 54.097, 54.11, 54.209, 54.218, 54.251, 54.325, 54.343, 54.384, 54.445, 54.669, 54.721, 54.79, 54.989, 54.995, 55.076, 55.229, 55.444, 55.462, 55.661, 55.69, 56.974, 57.245, 57.28, 57.496, 63.249, 64.739]
---
Round: 182, Unk. prob.: 2.000e-04
Surv probs: 9.998e-01, Fail probs: 5.000e-05
No. of non-dominant rules: 181, Survival rules: 156, Failure rules: 25
Survival sample found from sampling.
No. of existing rules removed:  0
New rule added. System state: 1, System value: 54.050936. Total samples: 100000.
New rule (No. of conditions: 63): {'vbus1': ('>=', 1), 'vbus2': ('>=', 1), 'vbus3': ('>=', 2), 'vbus4': ('>=', 1), 'vbus6': ('>=', 2), 'vbus7': ('>=', 1), 'vbus8': ('>=', 1), 'vbus9': ('>=', 1), 'vbus15': ('>=', 1), 'vbus16': ('>=', 1), 'vbus18': ('>=', 1), 'vbus20': ('>=', 1), 'vbus21': ('>=', 1), 'vbus22': ('>=', 1), 'vbus23': ('>=', 1), 'vbus24': ('>=', 1), 'vbus25': ('>=', 1), 'vbus26': ('>=', 1), 'vbus27': ('>=', 1), 'vbus28': ('>=', 1), 'vbus29': ('>=', 1), 'vbus30': ('>=', 1), 'vbus31': ('>=', 1), 'vbus35': ('>=', 1), 'vbus36': ('>=', 1), 'vbus37': ('>=', 1), 'vbus38': ('>=', 1), 'vbus40': ('>=', 1), 'vbus44': ('>=', 1), 'vbus45': ('>=', 1), 'vbus52': ('>=', 1), 'vbus53': ('>=', 1), 'vbus54': ('>=', 1), 'vbus56': ('>=', 1), 'br3': ('>=', 1), 'br15': ('>=', 1), 'br16': ('>=', 1), 'br19': ('>=', 1), 'br22': ('>=', 1), 'br31': ('>=', 1), 'br32': ('>=', 1), 'br33': ('>=', 1), 'br34': ('>=', 1), 'br36': ('>=', 1), 'br37': ('>=', 1), 'br38': ('>=', 1), 'br39': ('>=', 1), 'br40': ('>=', 1), 'br41': ('>=', 1), 'br42': ('>=', 1), 'br43': ('>=', 1), 'br48': ('>=', 1), 'br49': ('>=', 1), 'br50': ('>=', 1), 'br52': ('>=', 1), 'br53': ('>=', 1), 'br57': ('>=', 1), 'br58': ('>=', 1), 'br67': ('>=', 1), 'br68': ('>=', 1), 'br69': ('>=', 1), 'br72': ('>=', 1), 'br73': ('>=', 1), 'sys': ('>=', 1)}
Updated sys_vals: [50.911, 52.111, 52.271, 52.43, 52.546, 52.802, 52.944, 52.983, 52.99, 53.108, 53.119, 53.122, 53.294, 53.35, 53.47, 53.489, 53.505, 53.518, 53.534, 53.544, 53.55, 53.584, 53.598, 53.63, 53.71, 53.718, 53.744, 53.745, 53.753, 53.758, 53.76, 53.789, 53.79, 53.794, 53.807, 53.81, 53.814, 53.824, 53.833, 53.834, 53.851, 53.854, 53.855, 53.856, 53.857, 53.865, 53.87, 53.877, 53.878, 53.88, 53.883, 53.885, 53.894, 53.899, 53.901, 53.922, 53.925, 53.932, 53.935, 53.945, 53.947, 53.949, 53.957, 53.964, 53.968, 53.969, 53.977, 53.978, 53.979, 53.981, 53.982, 53.989, 53.99, 53.994, 53.995, 53.996, 53.998, 53.999, 54.004, 54.005, 54.011, 54.013, 54.016, 54.019, 54.021, 54.028, 54.029, 54.033, 54.036, 54.037, 54.041, 54.042, 54.043, 54.045, 54.047, 54.049, 54.051, 54.053, 54.055, 54.057, 54.061, 54.064, 54.067, 54.068, 54.069, 54.071, 54.072, 54.078, 54.08, 54.082, 54.083, 54.089, 54.09, 54.091, 54.092, 54.093, 54.094, 54.097, 54.11, 54.209, 54.218, 54.251, 54.325, 54.343, 54.384, 54.445, 54.669, 54.721, 54.79, 54.989, 54.995, 55.076, 55.229, 55.444, 55.462, 55.661, 55.69, 56.974, 57.245, 57.28, 57.496, 63.249, 64.739]
---
Round: 183, Unk. prob.: 2.300e-04
Surv probs: 9.997e-01, Fail probs: 7.000e-05
No. of non-dominant rules: 182, Survival rules: 157, Failure rules: 25
Survival sample found from sampling.
No. of existing rules removed:  0
New rule added. System state: 1, System value: 53.993042. Total samples: 100000.
New rule (No. of conditions: 11): {'vbus2': ('>=', 1), 'vbus3': ('>=', 1), 'vbus6': ('>=', 3), 'vbus8': ('>=', 1), 'vbus9': ('>=', 1), 'vbus12': ('>=', 1), 'vbus15': ('>=', 1), 'br7': ('>=', 1), 'br8': ('>=', 1), 'br11': ('>=', 1), 'br18': ('>=', 1), 'sys': ('>=', 1)}
Updated sys_vals: [50.911, 52.111, 52.271, 52.43, 52.546, 52.802, 52.944, 52.983, 52.99, 53.108, 53.119, 53.122, 53.294, 53.35, 53.47, 53.489, 53.505, 53.518, 53.534, 53.544, 53.55, 53.584, 53.598, 53.63, 53.71, 53.718, 53.744, 53.745, 53.753, 53.758, 53.76, 53.789, 53.79, 53.794, 53.807, 53.81, 53.814, 53.824, 53.833, 53.834, 53.851, 53.854, 53.855, 53.856, 53.857, 53.865, 53.87, 53.877, 53.878, 53.88, 53.883, 53.885, 53.894, 53.899, 53.901, 53.922, 53.925, 53.932, 53.935, 53.945, 53.947, 53.949, 53.957, 53.964, 53.968, 53.969, 53.977, 53.978, 53.979, 53.981, 53.982, 53.989, 53.99, 53.993, 53.994, 53.995, 53.996, 53.998, 53.999, 54.004, 54.005, 54.011, 54.013, 54.016, 54.019, 54.021, 54.028, 54.029, 54.033, 54.036, 54.037, 54.041, 54.042, 54.043, 54.045, 54.047, 54.049, 54.051, 54.053, 54.055, 54.057, 54.061, 54.064, 54.067, 54.068, 54.069, 54.071, 54.072, 54.078, 54.08, 54.082, 54.083, 54.089, 54.09, 54.091, 54.092, 54.093, 54.094, 54.097, 54.11, 54.209, 54.218, 54.251, 54.325, 54.343, 54.384, 54.445, 54.669, 54.721, 54.79, 54.989, 54.995, 55.076, 55.229, 55.444, 55.462, 55.661, 55.69, 56.974, 57.245, 57.28, 57.496, 63.249, 64.739]
---
Round: 184, Unk. prob.: 1.300e-04
Surv probs: 9.998e-01, Fail probs: 8.000e-05
No. of non-dominant rules: 183, Survival rules: 158, Failure rules: 25
Survival sample found from sampling.
No. of existing rules removed:  0
New rule added. System state: 1, System value: 54.023872. Total samples: 100000.
New rule (No. of conditions: 50): {'vbus3': ('>=', 2), 'vbus4': ('>=', 1), 'vbus6': ('>=', 2), 'vbus7': ('>=', 1), 'vbus8': ('>=', 2), 'vbus9': ('>=', 1), 'vbus11': ('>=', 1), 'vbus13': ('>=', 1), 'vbus14': ('>=', 1), 'vbus15': ('>=', 1), 'vbus18': ('>=', 1), 'vbus24': ('>=', 1), 'vbus25': ('>=', 1), 'vbus26': ('>=', 1), 'vbus27': ('>=', 1), 'vbus28': ('>=', 1), 'vbus29': ('>=', 1), 'vbus30': ('>=', 1), 'vbus31': ('>=', 1), 'vbus42': ('>=', 1), 'vbus46': ('>=', 1), 'vbus47': ('>=', 1), 'vbus49': ('>=', 1), 'vbus52': ('>=', 1), 'vbus53': ('>=', 1), 'vbus54': ('>=', 1), 'br5': ('>=', 1), 'br6': ('>=', 1), 'br8': ('>=', 1), 'br10': ('>=', 1), 'br13': ('>=', 1), 'br18': ('>=', 1), 'br20': ('>=', 1), 'br22': ('>=', 1), 'br24': ('>=', 1), 'br28': ('>=', 1), 'br36': ('>=', 1), 'br37': ('>=', 1), 'br38': ('>=', 1), 'br39': ('>=', 1), 'br40': ('>=', 1), 'br41': ('>=', 1), 'br42': ('>=', 1), 'br43': ('>=', 1), 'br59': ('>=', 1), 'br60': ('>=', 1), 'br66': ('>=', 1), 'br67': ('>=', 1), 'br68': ('>=', 1), 'br69': ('>=', 1), 'sys': ('>=', 1)}
Updated sys_vals: [50.911, 52.111, 52.271, 52.43, 52.546, 52.802, 52.944, 52.983, 52.99, 53.108, 53.119, 53.122, 53.294, 53.35, 53.47, 53.489, 53.505, 53.518, 53.534, 53.544, 53.55, 53.584, 53.598, 53.63, 53.71, 53.718, 53.744, 53.745, 53.753, 53.758, 53.76, 53.789, 53.79, 53.794, 53.807, 53.81, 53.814, 53.824, 53.833, 53.834, 53.851, 53.854, 53.855, 53.856, 53.857, 53.865, 53.87, 53.877, 53.878, 53.88, 53.883, 53.885, 53.894, 53.899, 53.901, 53.922, 53.925, 53.932, 53.935, 53.945, 53.947, 53.949, 53.957, 53.964, 53.968, 53.969, 53.977, 53.978, 53.979, 53.981, 53.982, 53.989, 53.99, 53.993, 53.994, 53.995, 53.996, 53.998, 53.999, 54.004, 54.005, 54.011, 54.013, 54.016, 54.019, 54.021, 54.024, 54.028, 54.029, 54.033, 54.036, 54.037, 54.041, 54.042, 54.043, 54.045, 54.047, 54.049, 54.051, 54.053, 54.055, 54.057, 54.061, 54.064, 54.067, 54.068, 54.069, 54.071, 54.072, 54.078, 54.08, 54.082, 54.083, 54.089, 54.09, 54.091, 54.092, 54.093, 54.094, 54.097, 54.11, 54.209, 54.218, 54.251, 54.325, 54.343, 54.384, 54.445, 54.669, 54.721, 54.79, 54.989, 54.995, 55.076, 55.229, 55.444, 55.462, 55.661, 55.69, 56.974, 57.245, 57.28, 57.496, 63.249, 64.739]
---
Round: 185, Unk. prob.: 1.800e-04
Surv probs: 9.997e-01, Fail probs: 8.000e-05
No. of non-dominant rules: 184, Survival rules: 159, Failure rules: 25
Survival sample found from sampling.
No. of existing rules removed:  0
New rule added. System state: 1, System value: 54.072451. Total samples: 100000.
New rule (No. of conditions: 22): {'vbus1': ('>=', 2), 'vbus3': ('>=', 1), 'vbus4': ('>=', 1), 'vbus5': ('>=', 1), 'vbus6': ('>=', 2), 'vbus9': ('>=', 1), 'vbus12': ('>=', 1), 'vbus13': ('>=', 1), 'vbus14': ('>=', 1), 'vbus15': ('>=', 1), 'vbus16': ('>=', 1), 'vbus18': ('>=', 1), 'br3': ('>=', 1), 'br4': ('>=', 1), 'br12': ('>=', 1), 'br13': ('>=', 1), 'br14': ('>=', 1), 'br15': ('>=', 1), 'br16': ('>=', 1), 'br18': ('>=', 1), 'br19': ('>=', 1), 'br26': ('>=', 1), 'sys': ('>=', 1)}
---
Round: 186, Unk. prob.: 1.900e-04
Surv probs: 9.997e-01, Fail probs: 8.000e-05
No. of non-dominant rules: 185, Survival rules: 160, Failure rules: 25
Survival sample found from sampling.
No. of existing rules removed:  0
New rule added. System state: 1, System value: 53.949472. Total samples: 100000.
New rule (No. of conditions: 21): {'vbus2': ('>=', 1), 'vbus3': ('>=', 2), 'vbus4': ('>=', 1), 'vbus5': ('>=', 1), 'vbus8': ('>=', 1), 'vbus9': ('>=', 1), 'vbus12': ('>=', 1), 'vbus13': ('>=', 1), 'vbus14': ('>=', 1), 'vbus15': ('>=', 1), 'vbus18': ('>=', 1), 'br2': ('>=', 1), 'br3': ('>=', 1), 'br4': ('>=', 1), 'br8': ('>=', 1), 'br12': ('>=', 1), 'br13': ('>=', 1), 'br14': ('>=', 1), 'br18': ('>=', 1), 'br19': ('>=', 1), 'br25': ('>=', 1), 'sys': ('>=', 1)}
---
Round: 187, Unk. prob.: 1.100e-04
Surv probs: 9.997e-01, Fail probs: 1.500e-04
No. of non-dominant rules: 186, Survival rules: 161, Failure rules: 25
Survival sample found from sampling.
No. of existing rules removed:  0
New rule added. System state: 1, System value: 54.039457. Total samples: 100000.
New rule (No. of conditions: 19): {'vbus1': ('>=', 1), 'vbus3': ('>=', 1), 'vbus6': ('>=', 1), 'vbus8': ('>=', 1), 'vbus9': ('>=', 3), 'vbus11': ('>=', 1), 'vbus13': ('>=', 1), 'vbus14': ('>=', 1), 'vbus15': ('>=', 1), 'vbus16': ('>=', 1), 'vbus17': ('>=', 1), 'br7': ('>=', 1), 'br10': ('>=', 1), 'br13': ('>=', 1), 'br14': ('>=', 1), 'br15': ('>=', 1), 'br16': ('>=', 1), 'br17': ('>=', 1), 'br24': ('>=', 1), 'sys': ('>=', 1)}
Updated sys_vals: [50.911, 52.111, 52.271, 52.43, 52.546, 52.802, 52.944, 52.983, 52.99, 53.108, 53.119, 53.122, 53.294, 53.35, 53.47, 53.489, 53.505, 53.518, 53.534, 53.544, 53.55, 53.584, 53.598, 53.63, 53.71, 53.718, 53.744, 53.745, 53.753, 53.758, 53.76, 53.789, 53.79, 53.794, 53.807, 53.81, 53.814, 53.824, 53.833, 53.834, 53.851, 53.854, 53.855, 53.856, 53.857, 53.865, 53.87, 53.877, 53.878, 53.88, 53.883, 53.885, 53.894, 53.899, 53.901, 53.922, 53.925, 53.932, 53.935, 53.945, 53.947, 53.949, 53.957, 53.964, 53.968, 53.969, 53.977, 53.978, 53.979, 53.981, 53.982, 53.989, 53.99, 53.993, 53.994, 53.995, 53.996, 53.998, 53.999, 54.004, 54.005, 54.011, 54.013, 54.016, 54.019, 54.021, 54.024, 54.028, 54.029, 54.033, 54.036, 54.037, 54.039, 54.041, 54.042, 54.043, 54.045, 54.047, 54.049, 54.051, 54.053, 54.055, 54.057, 54.061, 54.064, 54.067, 54.068, 54.069, 54.071, 54.072, 54.078, 54.08, 54.082, 54.083, 54.089, 54.09, 54.091, 54.092, 54.093, 54.094, 54.097, 54.11, 54.209, 54.218, 54.251, 54.325, 54.343, 54.384, 54.445, 54.669, 54.721, 54.79, 54.989, 54.995, 55.076, 55.229, 55.444, 55.462, 55.661, 55.69, 56.974, 57.245, 57.28, 57.496, 63.249, 64.739]
---
Round: 188, Unk. prob.: 1.600e-04
Surv probs: 9.997e-01, Fail probs: 1.000e-04
No. of non-dominant rules: 187, Survival rules: 162, Failure rules: 25
Survival sample found from sampling.
No. of existing rules removed:  0
New rule added. System state: 1, System value: 54.099876. Total samples: 100000.
New rule (No. of conditions: 61): {'vbus1': ('>=', 1), 'vbus2': ('>=', 1), 'vbus3': ('>=', 1), 'vbus7': ('>=', 1), 'vbus8': ('>=', 2), 'vbus9': ('>=', 1), 'vbus10': ('>=', 1), 'vbus11': ('>=', 1), 'vbus13': ('>=', 1), 'vbus14': ('>=', 1), 'vbus15': ('>=', 1), 'vbus27': ('>=', 1), 'vbus28': ('>=', 1), 'vbus29': ('>=', 1), 'vbus35': ('>=', 1), 'vbus36': ('>=', 1), 'vbus37': ('>=', 1), 'vbus38': ('>=', 1), 'vbus40': ('>=', 1), 'vbus41': ('>=', 1), 'vbus43': ('>=', 1), 'vbus44': ('>=', 1), 'vbus45': ('>=', 1), 'vbus47': ('>=', 1), 'vbus48': ('>=', 1), 'vbus49': ('>=', 1), 'vbus50': ('>=', 1), 'vbus51': ('>=', 1), 'vbus55': ('>=', 1), 'vbus56': ('>=', 1), 'vbus57': ('>=', 1), 'br8': ('>=', 1), 'br9': ('>=', 1), 'br14': ('>=', 1), 'br15': ('>=', 1), 'br22': ('>=', 1), 'br24': ('>=', 1), 'br28': ('>=', 1), 'br39': ('>=', 1), 'br40': ('>=', 1), 'br41': ('>=', 1), 'br48': ('>=', 1), 'br49': ('>=', 1), 'br50': ('>=', 1), 'br52': ('>=', 1), 'br54': ('>=', 1), 'br56': ('>=', 1), 'br57': ('>=', 1), 'br58': ('>=', 1), 'br61': ('>=', 1), 'br62': ('>=', 1), 'br63': ('>=', 1), 'br65': ('>=', 1), 'br66': ('>=', 1), 'br71': ('>=', 1), 'br72': ('>=', 1), 'br73': ('>=', 1), 'br74': ('>=', 1), 'br77': ('>=', 1), 'br78': ('>=', 1), 'br80': ('>=', 1), 'sys': ('>=', 1)}
Updated sys_vals: [50.911, 52.111, 52.271, 52.43, 52.546, 52.802, 52.944, 52.983, 52.99, 53.108, 53.119, 53.122, 53.294, 53.35, 53.47, 53.489, 53.505, 53.518, 53.534, 53.544, 53.55, 53.584, 53.598, 53.63, 53.71, 53.718, 53.744, 53.745, 53.753, 53.758, 53.76, 53.789, 53.79, 53.794, 53.807, 53.81, 53.814, 53.824, 53.833, 53.834, 53.851, 53.854, 53.855, 53.856, 53.857, 53.865, 53.87, 53.877, 53.878, 53.88, 53.883, 53.885, 53.894, 53.899, 53.901, 53.922, 53.925, 53.932, 53.935, 53.945, 53.947, 53.949, 53.957, 53.964, 53.968, 53.969, 53.977, 53.978, 53.979, 53.981, 53.982, 53.989, 53.99, 53.993, 53.994, 53.995, 53.996, 53.998, 53.999, 54.004, 54.005, 54.011, 54.013, 54.016, 54.019, 54.021, 54.024, 54.028, 54.029, 54.033, 54.036, 54.037, 54.039, 54.041, 54.042, 54.043, 54.045, 54.047, 54.049, 54.051, 54.053, 54.055, 54.057, 54.061, 54.064, 54.067, 54.068, 54.069, 54.071, 54.072, 54.078, 54.08, 54.082, 54.083, 54.089, 54.09, 54.091, 54.092, 54.093, 54.094, 54.097, 54.1, 54.11, 54.209, 54.218, 54.251, 54.325, 54.343, 54.384, 54.445, 54.669, 54.721, 54.79, 54.989, 54.995, 55.076, 55.229, 55.444, 55.462, 55.661, 55.69, 56.974, 57.245, 57.28, 57.496, 63.249, 64.739]
---
Round: 189, Unk. prob.: 2.900e-04
Surv probs: 9.997e-01, Fail probs: 5.000e-05
No. of non-dominant rules: 188, Survival rules: 163, Failure rules: 25
Survival sample found from sampling.
No. of existing rules removed:  0
New rule added. System state: 1, System value: 54.027558. Total samples: 100000.
New rule (No. of conditions: 29): {'vbus2': ('>=', 3), 'vbus3': ('>=', 1), 'vbus4': ('>=', 1), 'vbus5': ('>=', 1), 'vbus6': ('>=', 1), 'vbus7': ('>=', 1), 'vbus8': ('>=', 1), 'vbus12': ('>=', 1), 'vbus13': ('>=', 1), 'vbus15': ('>=', 1), 'vbus18': ('>=', 1), 'vbus27': ('>=', 1), 'vbus28': ('>=', 1), 'vbus29': ('>=', 1), 'vbus49': ('>=', 1), 'vbus50': ('>=', 1), 'br2': ('>=', 1), 'br3': ('>=', 1), 'br4': ('>=', 1), 'br6': ('>=', 1), 'br7': ('>=', 1), 'br14': ('>=', 1), 'br18': ('>=', 1), 'br20': ('>=', 1), 'br39': ('>=', 1), 'br40': ('>=', 1), 'br41': ('>=', 1), 'br63': ('>=', 1), 'br66': ('>=', 1), 'sys': ('>=', 1)}
---
Round: 190, Unk. prob.: 2.100e-04
Surv probs: 9.997e-01, Fail probs: 6.000e-05
No. of non-dominant rules: 189, Survival rules: 164, Failure rules: 25
Survival sample found from sampling.
No. of existing rules removed:  0
New rule added. System state: 1, System value: 54.023468. Total samples: 100000.
New rule (No. of conditions: 29): {'vbus1': ('>=', 1), 'vbus2': ('>=', 2), 'vbus3': ('>=', 2), 'vbus4': ('>=', 1), 'vbus5': ('>=', 1), 'vbus6': ('>=', 2), 'vbus8': ('>=', 1), 'vbus9': ('>=', 3), 'vbus11': ('>=', 1), 'vbus13': ('>=', 1), 'vbus14': ('>=', 1), 'vbus15': ('>=', 1), 'vbus17': ('>=', 1), 'vbus18': ('>=', 1), 'vbus41': ('>=', 1), 'vbus56': ('>=', 1), 'vbus57': ('>=', 1), 'br2': ('>=', 1), 'br3': ('>=', 1), 'br4': ('>=', 1), 'br13': ('>=', 1), 'br14': ('>=', 1), 'br17': ('>=', 1), 'br18': ('>=', 1), 'br19': ('>=', 1), 'br24': ('>=', 1), 'br54': ('>=', 1), 'br74': ('>=', 1), 'br77': ('>=', 1), 'sys': ('>=', 1)}
Updated sys_vals: [50.911, 52.111, 52.271, 52.43, 52.546, 52.802, 52.944, 52.983, 52.99, 53.108, 53.119, 53.122, 53.294, 53.35, 53.47, 53.489, 53.505, 53.518, 53.534, 53.544, 53.55, 53.584, 53.598, 53.63, 53.71, 53.718, 53.744, 53.745, 53.753, 53.758, 53.76, 53.789, 53.79, 53.794, 53.807, 53.81, 53.814, 53.824, 53.833, 53.834, 53.851, 53.854, 53.855, 53.856, 53.857, 53.865, 53.87, 53.877, 53.878, 53.88, 53.883, 53.885, 53.894, 53.899, 53.901, 53.922, 53.925, 53.932, 53.935, 53.945, 53.947, 53.949, 53.957, 53.964, 53.968, 53.969, 53.977, 53.978, 53.979, 53.981, 53.982, 53.989, 53.99, 53.993, 53.994, 53.995, 53.996, 53.998, 53.999, 54.004, 54.005, 54.011, 54.013, 54.016, 54.019, 54.021, 54.023, 54.024, 54.028, 54.029, 54.033, 54.036, 54.037, 54.039, 54.041, 54.042, 54.043, 54.045, 54.047, 54.049, 54.051, 54.053, 54.055, 54.057, 54.061, 54.064, 54.067, 54.068, 54.069, 54.071, 54.072, 54.078, 54.08, 54.082, 54.083, 54.089, 54.09, 54.091, 54.092, 54.093, 54.094, 54.097, 54.1, 54.11, 54.209, 54.218, 54.251, 54.325, 54.343, 54.384, 54.445, 54.669, 54.721, 54.79, 54.989, 54.995, 55.076, 55.229, 55.444, 55.462, 55.661, 55.69, 56.974, 57.245, 57.28, 57.496, 63.249, 64.739]
---
Round: 191, Unk. prob.: 1.600e-04
Surv probs: 9.998e-01, Fail probs: 8.000e-05
No. of non-dominant rules: 190, Survival rules: 165, Failure rules: 25
Survival sample found from sampling.
No. of existing rules removed:  0
New rule added. System state: 1, System value: 53.922579. Total samples: 100000.
New rule (No. of conditions: 31): {'vbus1': ('>=', 2), 'vbus3': ('>=', 1), 'vbus8': ('>=', 1), 'vbus9': ('>=', 2), 'vbus13': ('>=', 1), 'vbus14': ('>=', 1), 'vbus15': ('>=', 1), 'vbus16': ('>=', 1), 'vbus17': ('>=', 1), 'vbus38': ('>=', 1), 'vbus44': ('>=', 1), 'vbus45': ('>=', 1), 'vbus47': ('>=', 1), 'vbus48': ('>=', 1), 'vbus53': ('>=', 1), 'vbus54': ('>=', 1), 'vbus55': ('>=', 1), 'br8': ('>=', 1), 'br14': ('>=', 1), 'br15': ('>=', 1), 'br16': ('>=', 1), 'br17': ('>=', 1), 'br28': ('>=', 1), 'br57': ('>=', 1), 'br58': ('>=', 1), 'br61': ('>=', 1), 'br69': ('>=', 1), 'br70': ('>=', 1), 'br72': ('>=', 1), 'br79': ('>=', 1), 'br80': ('>=', 1), 'sys': ('>=', 1)}
Updated sys_vals: [50.911, 52.111, 52.271, 52.43, 52.546, 52.802, 52.944, 52.983, 52.99, 53.108, 53.119, 53.122, 53.294, 53.35, 53.47, 53.489, 53.505, 53.518, 53.534, 53.544, 53.55, 53.584, 53.598, 53.63, 53.71, 53.718, 53.744, 53.745, 53.753, 53.758, 53.76, 53.789, 53.79, 53.794, 53.807, 53.81, 53.814, 53.824, 53.833, 53.834, 53.851, 53.854, 53.855, 53.856, 53.857, 53.865, 53.87, 53.877, 53.878, 53.88, 53.883, 53.885, 53.894, 53.899, 53.901, 53.922, 53.923, 53.925, 53.932, 53.935, 53.945, 53.947, 53.949, 53.957, 53.964, 53.968, 53.969, 53.977, 53.978, 53.979, 53.981, 53.982, 53.989, 53.99, 53.993, 53.994, 53.995, 53.996, 53.998, 53.999, 54.004, 54.005, 54.011, 54.013, 54.016, 54.019, 54.021, 54.023, 54.024, 54.028, 54.029, 54.033, 54.036, 54.037, 54.039, 54.041, 54.042, 54.043, 54.045, 54.047, 54.049, 54.051, 54.053, 54.055, 54.057, 54.061, 54.064, 54.067, 54.068, 54.069, 54.071, 54.072, 54.078, 54.08, 54.082, 54.083, 54.089, 54.09, 54.091, 54.092, 54.093, 54.094, 54.097, 54.1, 54.11, 54.209, 54.218, 54.251, 54.325, 54.343, 54.384, 54.445, 54.669, 54.721, 54.79, 54.989, 54.995, 55.076, 55.229, 55.444, 55.462, 55.661, 55.69, 56.974, 57.245, 57.28, 57.496, 63.249, 64.739]
---
Round: 192, Unk. prob.: 1.900e-04
Surv probs: 9.997e-01, Fail probs: 8.000e-05
No. of non-dominant rules: 191, Survival rules: 166, Failure rules: 25
Survival sample found from sampling.
No. of existing rules removed:  0
New rule added. System state: 1, System value: 54.081228. Total samples: 100000.
New rule (No. of conditions: 56): {'vbus1': ('>=', 1), 'vbus2': ('>=', 1), 'vbus3': ('>=', 1), 'vbus6': ('>=', 1), 'vbus7': ('>=', 1), 'vbus8': ('>=', 1), 'vbus9': ('>=', 1), 'vbus13': ('>=', 1), 'vbus14': ('>=', 1), 'vbus15': ('>=', 1), 'vbus17': ('>=', 1), 'vbus22': ('>=', 1), 'vbus23': ('>=', 1), 'vbus24': ('>=', 1), 'vbus25': ('>=', 1), 'vbus27': ('>=', 1), 'vbus28': ('>=', 1), 'vbus29': ('>=', 1), 'vbus32': ('>=', 1), 'vbus33': ('>=', 1), 'vbus34': ('>=', 1), 'vbus35': ('>=', 1), 'vbus36': ('>=', 1), 'vbus37': ('>=', 1), 'vbus38': ('>=', 1), 'vbus44': ('>=', 1), 'vbus45': ('>=', 1), 'vbus46': ('>=', 1), 'vbus47': ('>=', 1), 'vbus52': ('>=', 1), 'br6': ('>=', 1), 'br12': ('>=', 1), 'br13': ('>=', 1), 'br15': ('>=', 1), 'br17': ('>=', 1), 'br22': ('>=', 1), 'br28': ('>=', 1), 'br33': ('>=', 1), 'br34': ('>=', 1), 'br35': ('>=', 1), 'br39': ('>=', 1), 'br40': ('>=', 1), 'br41': ('>=', 1), 'br45': ('>=', 1), 'br46': ('>=', 1), 'br47': ('>=', 1), 'br48': ('>=', 1), 'br49': ('>=', 1), 'br50': ('>=', 1), 'br53': ('>=', 1), 'br57': ('>=', 1), 'br58': ('>=', 1), 'br59': ('>=', 1), 'br60': ('>=', 1), 'br67': ('>=', 1), 'br72': ('>=', 1), 'sys': ('>=', 1)}
Updated sys_vals: [50.911, 52.111, 52.271, 52.43, 52.546, 52.802, 52.944, 52.983, 52.99, 53.108, 53.119, 53.122, 53.294, 53.35, 53.47, 53.489, 53.505, 53.518, 53.534, 53.544, 53.55, 53.584, 53.598, 53.63, 53.71, 53.718, 53.744, 53.745, 53.753, 53.758, 53.76, 53.789, 53.79, 53.794, 53.807, 53.81, 53.814, 53.824, 53.833, 53.834, 53.851, 53.854, 53.855, 53.856, 53.857, 53.865, 53.87, 53.877, 53.878, 53.88, 53.883, 53.885, 53.894, 53.899, 53.901, 53.922, 53.923, 53.925, 53.932, 53.935, 53.945, 53.947, 53.949, 53.957, 53.964, 53.968, 53.969, 53.977, 53.978, 53.979, 53.981, 53.982, 53.989, 53.99, 53.993, 53.994, 53.995, 53.996, 53.998, 53.999, 54.004, 54.005, 54.011, 54.013, 54.016, 54.019, 54.021, 54.023, 54.024, 54.028, 54.029, 54.033, 54.036, 54.037, 54.039, 54.041, 54.042, 54.043, 54.045, 54.047, 54.049, 54.051, 54.053, 54.055, 54.057, 54.061, 54.064, 54.067, 54.068, 54.069, 54.071, 54.072, 54.078, 54.08, 54.081, 54.082, 54.083, 54.089, 54.09, 54.091, 54.092, 54.093, 54.094, 54.097, 54.1, 54.11, 54.209, 54.218, 54.251, 54.325, 54.343, 54.384, 54.445, 54.669, 54.721, 54.79, 54.989, 54.995, 55.076, 55.229, 55.444, 55.462, 55.661, 55.69, 56.974, 57.245, 57.28, 57.496, 63.249, 64.739]
---
Round: 193, Unk. prob.: 1.600e-04
Surv probs: 9.998e-01, Fail probs: 4.000e-05
No. of non-dominant rules: 192, Survival rules: 167, Failure rules: 25
Survival sample found from sampling.
No. of existing rules removed:  0
New rule added. System state: 1, System value: 53.699101. Total samples: 100000.
New rule (No. of conditions: 13): {'vbus1': ('>=', 1), 'vbus3': ('>=', 2), 'vbus4': ('>=', 1), 'vbus6': ('>=', 1), 'vbus9': ('>=', 2), 'vbus12': ('>=', 1), 'vbus16': ('>=', 1), 'vbus17': ('>=', 1), 'br3': ('>=', 1), 'br5': ('>=', 1), 'br16': ('>=', 1), 'br17': ('>=', 1), 'br27': ('>=', 1), 'sys': ('>=', 1)}
Updated sys_vals: [50.911, 52.111, 52.271, 52.43, 52.546, 52.802, 52.944, 52.983, 52.99, 53.108, 53.119, 53.122, 53.294, 53.35, 53.47, 53.489, 53.505, 53.518, 53.534, 53.544, 53.55, 53.584, 53.598, 53.63, 53.699, 53.71, 53.718, 53.744, 53.745, 53.753, 53.758, 53.76, 53.789, 53.79, 53.794, 53.807, 53.81, 53.814, 53.824, 53.833, 53.834, 53.851, 53.854, 53.855, 53.856, 53.857, 53.865, 53.87, 53.877, 53.878, 53.88, 53.883, 53.885, 53.894, 53.899, 53.901, 53.922, 53.923, 53.925, 53.932, 53.935, 53.945, 53.947, 53.949, 53.957, 53.964, 53.968, 53.969, 53.977, 53.978, 53.979, 53.981, 53.982, 53.989, 53.99, 53.993, 53.994, 53.995, 53.996, 53.998, 53.999, 54.004, 54.005, 54.011, 54.013, 54.016, 54.019, 54.021, 54.023, 54.024, 54.028, 54.029, 54.033, 54.036, 54.037, 54.039, 54.041, 54.042, 54.043, 54.045, 54.047, 54.049, 54.051, 54.053, 54.055, 54.057, 54.061, 54.064, 54.067, 54.068, 54.069, 54.071, 54.072, 54.078, 54.08, 54.081, 54.082, 54.083, 54.089, 54.09, 54.091, 54.092, 54.093, 54.094, 54.097, 54.1, 54.11, 54.209, 54.218, 54.251, 54.325, 54.343, 54.384, 54.445, 54.669, 54.721, 54.79, 54.989, 54.995, 55.076, 55.229, 55.444, 55.462, 55.661, 55.69, 56.974, 57.245, 57.28, 57.496, 63.249, 64.739]
---
Round: 194, Unk. prob.: 1.300e-04
Surv probs: 9.998e-01, Fail probs: 7.000e-05
No. of non-dominant rules: 193, Survival rules: 168, Failure rules: 25
Survival sample found from sampling.
No. of existing rules removed:  0
New rule added. System state: 1, System value: 53.955303. Total samples: 100000.
New rule (No. of conditions: 67): {'vbus1': ('>=', 1), 'vbus2': ('>=', 2), 'vbus3': ('>=', 2), 'vbus4': ('>=', 1), 'vbus5': ('>=', 1), 'vbus7': ('>=', 1), 'vbus8': ('>=', 1), 'vbus11': ('>=', 1), 'vbus13': ('>=', 1), 'vbus14': ('>=', 1), 'vbus15': ('>=', 1), 'vbus16': ('>=', 1), 'vbus17': ('>=', 1), 'vbus18': ('>=', 1), 'vbus19': ('>=', 1), 'vbus20': ('>=', 1), 'vbus22': ('>=', 1), 'vbus23': ('>=', 1), 'vbus24': ('>=', 1), 'vbus25': ('>=', 1), 'vbus26': ('>=', 1), 'vbus27': ('>=', 1), 'vbus28': ('>=', 1), 'vbus29': ('>=', 1), 'vbus38': ('>=', 1), 'vbus41': ('>=', 1), 'vbus42': ('>=', 1), 'vbus44': ('>=', 1), 'vbus45': ('>=', 1), 'vbus46': ('>=', 1), 'vbus47': ('>=', 1), 'vbus52': ('>=', 1), 'vbus53': ('>=', 1), 'vbus54': ('>=', 1), 'vbus56': ('>=', 1), 'br1': ('>=', 1), 'br3': ('>=', 1), 'br4': ('>=', 1), 'br14': ('>=', 1), 'br15': ('>=', 1), 'br16': ('>=', 1), 'br17': ('>=', 1), 'br20': ('>=', 1), 'br22': ('>=', 1), 'br24': ('>=', 1), 'br28': ('>=', 1), 'br29': ('>=', 1), 'br30': ('>=', 1), 'br33': ('>=', 1), 'br36': ('>=', 1), 'br37': ('>=', 1), 'br38': ('>=', 1), 'br39': ('>=', 1), 'br40': ('>=', 1), 'br41': ('>=', 1), 'br53': ('>=', 1), 'br54': ('>=', 1), 'br57': ('>=', 1), 'br58': ('>=', 1), 'br59': ('>=', 1), 'br60': ('>=', 1), 'br67': ('>=', 1), 'br68': ('>=', 1), 'br69': ('>=', 1), 'br72': ('>=', 1), 'br74': ('>=', 1), 'br75': ('>=', 1), 'sys': ('>=', 1)}
Updated sys_vals: [50.911, 52.111, 52.271, 52.43, 52.546, 52.802, 52.944, 52.983, 52.99, 53.108, 53.119, 53.122, 53.294, 53.35, 53.47, 53.489, 53.505, 53.518, 53.534, 53.544, 53.55, 53.584, 53.598, 53.63, 53.699, 53.71, 53.718, 53.744, 53.745, 53.753, 53.758, 53.76, 53.789, 53.79, 53.794, 53.807, 53.81, 53.814, 53.824, 53.833, 53.834, 53.851, 53.854, 53.855, 53.856, 53.857, 53.865, 53.87, 53.877, 53.878, 53.88, 53.883, 53.885, 53.894, 53.899, 53.901, 53.922, 53.923, 53.925, 53.932, 53.935, 53.945, 53.947, 53.949, 53.955, 53.957, 53.964, 53.968, 53.969, 53.977, 53.978, 53.979, 53.981, 53.982, 53.989, 53.99, 53.993, 53.994, 53.995, 53.996, 53.998, 53.999, 54.004, 54.005, 54.011, 54.013, 54.016, 54.019, 54.021, 54.023, 54.024, 54.028, 54.029, 54.033, 54.036, 54.037, 54.039, 54.041, 54.042, 54.043, 54.045, 54.047, 54.049, 54.051, 54.053, 54.055, 54.057, 54.061, 54.064, 54.067, 54.068, 54.069, 54.071, 54.072, 54.078, 54.08, 54.081, 54.082, 54.083, 54.089, 54.09, 54.091, 54.092, 54.093, 54.094, 54.097, 54.1, 54.11, 54.209, 54.218, 54.251, 54.325, 54.343, 54.384, 54.445, 54.669, 54.721, 54.79, 54.989, 54.995, 55.076, 55.229, 55.444, 55.462, 55.661, 55.69, 56.974, 57.245, 57.28, 57.496, 63.249, 64.739]
---
Round: 195, Unk. prob.: 1.600e-04
Surv probs: 9.998e-01, Fail probs: 9.000e-05
No. of non-dominant rules: 194, Survival rules: 169, Failure rules: 25
Failure sample found from sampling.
No. of existing rules removed:  0
New rule added. System state: 0, System value: 56.402158. Total samples: 100000.
New rule (No. of conditions: 3): {'vbus1': ('<=', 0), 'vbus12': ('<=', 0), 'br8': ('<=', 0), 'sys': ('<=', 0)}
Updated sys_vals: [50.911, 52.111, 52.271, 52.43, 52.546, 52.802, 52.944, 52.983, 52.99, 53.108, 53.119, 53.122, 53.294, 53.35, 53.47, 53.489, 53.505, 53.518, 53.534, 53.544, 53.55, 53.584, 53.598, 53.63, 53.699, 53.71, 53.718, 53.744, 53.745, 53.753, 53.758, 53.76, 53.789, 53.79, 53.794, 53.807, 53.81, 53.814, 53.824, 53.833, 53.834, 53.851, 53.854, 53.855, 53.856, 53.857, 53.865, 53.87, 53.877, 53.878, 53.88, 53.883, 53.885, 53.894, 53.899, 53.901, 53.922, 53.923, 53.925, 53.932, 53.935, 53.945, 53.947, 53.949, 53.955, 53.957, 53.964, 53.968, 53.969, 53.977, 53.978, 53.979, 53.981, 53.982, 53.989, 53.99, 53.993, 53.994, 53.995, 53.996, 53.998, 53.999, 54.004, 54.005, 54.011, 54.013, 54.016, 54.019, 54.021, 54.023, 54.024, 54.028, 54.029, 54.033, 54.036, 54.037, 54.039, 54.041, 54.042, 54.043, 54.045, 54.047, 54.049, 54.051, 54.053, 54.055, 54.057, 54.061, 54.064, 54.067, 54.068, 54.069, 54.071, 54.072, 54.078, 54.08, 54.081, 54.082, 54.083, 54.089, 54.09, 54.091, 54.092, 54.093, 54.094, 54.097, 54.1, 54.11, 54.209, 54.218, 54.251, 54.325, 54.343, 54.384, 54.445, 54.669, 54.721, 54.79, 54.989, 54.995, 55.076, 55.229, 55.444, 55.462, 55.661, 55.69, 56.402, 56.974, 57.245, 57.28, 57.496, 63.249, 64.739]
---
Round: 196, Unk. prob.: 1.500e-04
Surv probs: 9.998e-01, Fail probs: 8.000e-05
No. of non-dominant rules: 195, Survival rules: 169, Failure rules: 26
Failure sample found from sampling.
No. of existing rules removed:  0
New rule added. System state: 0, System value: 54.377917. Total samples: 100000.
New rule (No. of conditions: 5): {'vbus6': ('<=', 2), 'vbus8': ('<=', 0), 'vbus9': ('<=', 2), 'vbus12': ('<=', 0), 'br63': ('<=', 0), 'sys': ('<=', 0)}
Updated sys_vals: [50.911, 52.111, 52.271, 52.43, 52.546, 52.802, 52.944, 52.983, 52.99, 53.108, 53.119, 53.122, 53.294, 53.35, 53.47, 53.489, 53.505, 53.518, 53.534, 53.544, 53.55, 53.584, 53.598, 53.63, 53.699, 53.71, 53.718, 53.744, 53.745, 53.753, 53.758, 53.76, 53.789, 53.79, 53.794, 53.807, 53.81, 53.814, 53.824, 53.833, 53.834, 53.851, 53.854, 53.855, 53.856, 53.857, 53.865, 53.87, 53.877, 53.878, 53.88, 53.883, 53.885, 53.894, 53.899, 53.901, 53.922, 53.923, 53.925, 53.932, 53.935, 53.945, 53.947, 53.949, 53.955, 53.957, 53.964, 53.968, 53.969, 53.977, 53.978, 53.979, 53.981, 53.982, 53.989, 53.99, 53.993, 53.994, 53.995, 53.996, 53.998, 53.999, 54.004, 54.005, 54.011, 54.013, 54.016, 54.019, 54.021, 54.023, 54.024, 54.028, 54.029, 54.033, 54.036, 54.037, 54.039, 54.041, 54.042, 54.043, 54.045, 54.047, 54.049, 54.051, 54.053, 54.055, 54.057, 54.061, 54.064, 54.067, 54.068, 54.069, 54.071, 54.072, 54.078, 54.08, 54.081, 54.082, 54.083, 54.089, 54.09, 54.091, 54.092, 54.093, 54.094, 54.097, 54.1, 54.11, 54.209, 54.218, 54.251, 54.325, 54.343, 54.378, 54.384, 54.445, 54.669, 54.721, 54.79, 54.989, 54.995, 55.076, 55.229, 55.444, 55.462, 55.661, 55.69, 56.402, 56.974, 57.245, 57.28, 57.496, 63.249, 64.739]
---
Round: 197, Unk. prob.: 1.400e-04
Surv probs: 9.998e-01, Fail probs: 5.000e-05
No. of non-dominant rules: 196, Survival rules: 169, Failure rules: 27
Failure sample found from sampling.
No. of existing rules removed:  0
New rule added. System state: 0, System value: 55.076375. Total samples: 100000.
New rule (No. of conditions: 5): {'vbus1': ('<=', 0), 'vbus2': ('<=', 2), 'vbus3': ('<=', 1), 'vbus12': ('<=', 0), 'br41': ('<=', 0), 'sys': ('<=', 0)}
---
Round: 198, Unk. prob.: 1.800e-04
Surv probs: 9.997e-01, Fail probs: 9.000e-05
No. of non-dominant rules: 197, Survival rules: 169, Failure rules: 28
Survival sample found from sampling.
No. of existing rules removed:  0
New rule added. System state: 1, System value: 53.885443. Total samples: 100000.
New rule (No. of conditions: 36): {'vbus1': ('>=', 1), 'vbus2': ('>=', 1), 'vbus6': ('>=', 1), 'vbus8': ('>=', 1), 'vbus9': ('>=', 2), 'vbus13': ('>=', 1), 'vbus14': ('>=', 1), 'vbus15': ('>=', 1), 'vbus17': ('>=', 1), 'vbus35': ('>=', 1), 'vbus36': ('>=', 1), 'vbus37': ('>=', 1), 'vbus38': ('>=', 1), 'vbus44': ('>=', 1), 'vbus45': ('>=', 1), 'vbus46': ('>=', 1), 'vbus47': ('>=', 1), 'vbus49': ('>=', 1), 'vbus50': ('>=', 1), 'br1': ('>=', 1), 'br7': ('>=', 1), 'br8': ('>=', 1), 'br13': ('>=', 1), 'br14': ('>=', 1), 'br15': ('>=', 1), 'br17': ('>=', 1), 'br48': ('>=', 1), 'br49': ('>=', 1), 'br50': ('>=', 1), 'br57': ('>=', 1), 'br58': ('>=', 1), 'br59': ('>=', 1), 'br60': ('>=', 1), 'br63': ('>=', 1), 'br66': ('>=', 1), 'br72': ('>=', 1), 'sys': ('>=', 1)}
---
Round: 199, Unk. prob.: 2.300e-04
Surv probs: 9.997e-01, Fail probs: 7.000e-05
No. of non-dominant rules: 198, Survival rules: 170, Failure rules: 28
Survival sample found from sampling.
No. of existing rules removed:  0
New rule added. System state: 1, System value: 53.909498. Total samples: 100000.
New rule (No. of conditions: 8): {'vbus3': ('>=', 2), 'vbus6': ('>=', 2), 'vbus9': ('>=', 3), 'vbus12': ('>=', 2), 'vbus14': ('>=', 1), 'vbus15': ('>=', 1), 'br18': ('>=', 1), 'br28': ('>=', 1), 'sys': ('>=', 1)}
Updated sys_vals: [50.911, 52.111, 52.271, 52.43, 52.546, 52.802, 52.944, 52.983, 52.99, 53.108, 53.119, 53.122, 53.294, 53.35, 53.47, 53.489, 53.505, 53.518, 53.534, 53.544, 53.55, 53.584, 53.598, 53.63, 53.699, 53.71, 53.718, 53.744, 53.745, 53.753, 53.758, 53.76, 53.789, 53.79, 53.794, 53.807, 53.81, 53.814, 53.824, 53.833, 53.834, 53.851, 53.854, 53.855, 53.856, 53.857, 53.865, 53.87, 53.877, 53.878, 53.88, 53.883, 53.885, 53.894, 53.899, 53.901, 53.909, 53.922, 53.923, 53.925, 53.932, 53.935, 53.945, 53.947, 53.949, 53.955, 53.957, 53.964, 53.968, 53.969, 53.977, 53.978, 53.979, 53.981, 53.982, 53.989, 53.99, 53.993, 53.994, 53.995, 53.996, 53.998, 53.999, 54.004, 54.005, 54.011, 54.013, 54.016, 54.019, 54.021, 54.023, 54.024, 54.028, 54.029, 54.033, 54.036, 54.037, 54.039, 54.041, 54.042, 54.043, 54.045, 54.047, 54.049, 54.051, 54.053, 54.055, 54.057, 54.061, 54.064, 54.067, 54.068, 54.069, 54.071, 54.072, 54.078, 54.08, 54.081, 54.082, 54.083, 54.089, 54.09, 54.091, 54.092, 54.093, 54.094, 54.097, 54.1, 54.11, 54.209, 54.218, 54.251, 54.325, 54.343, 54.378, 54.384, 54.445, 54.669, 54.721, 54.79, 54.989, 54.995, 55.076, 55.229, 55.444, 55.462, 55.661, 55.69, 56.402, 56.974, 57.245, 57.28, 57.496, 63.249, 64.739]
---
Round: 200, Unk. prob.: 1.400e-04
Surv probs: 9.998e-01, Fail probs: 7.000e-05
No. of non-dominant rules: 199, Survival rules: 171, Failure rules: 28
Survival sample found from sampling.
No. of existing rules removed:  0
New rule added. System state: 1, System value: 53.906156. Total samples: 100000.
New rule (No. of conditions: 53): {'vbus1': ('>=', 1), 'vbus2': ('>=', 1), 'vbus6': ('>=', 3), 'vbus7': ('>=', 1), 'vbus8': ('>=', 1), 'vbus9': ('>=', 1), 'vbus10': ('>=', 1), 'vbus14': ('>=', 1), 'vbus15': ('>=', 1), 'vbus17': ('>=', 1), 'vbus22': ('>=', 1), 'vbus23': ('>=', 1), 'vbus24': ('>=', 1), 'vbus25': ('>=', 1), 'vbus32': ('>=', 1), 'vbus33': ('>=', 1), 'vbus34': ('>=', 1), 'vbus35': ('>=', 1), 'vbus36': ('>=', 1), 'vbus37': ('>=', 1), 'vbus38': ('>=', 1), 'vbus39': ('>=', 1), 'vbus44': ('>=', 1), 'vbus45': ('>=', 1), 'vbus46': ('>=', 1), 'vbus47': ('>=', 1), 'vbus51': ('>=', 1), 'vbus57': ('>=', 1), 'br6': ('>=', 1), 'br8': ('>=', 1), 'br9': ('>=', 1), 'br15': ('>=', 1), 'br17': ('>=', 1), 'br22': ('>=', 1), 'br28': ('>=', 1), 'br33': ('>=', 1), 'br34': ('>=', 1), 'br35': ('>=', 1), 'br45': ('>=', 1), 'br46': ('>=', 1), 'br47': ('>=', 1), 'br48': ('>=', 1), 'br49': ('>=', 1), 'br50': ('>=', 1), 'br51': ('>=', 1), 'br53': ('>=', 1), 'br57': ('>=', 1), 'br58': ('>=', 1), 'br59': ('>=', 1), 'br60': ('>=', 1), 'br65': ('>=', 1), 'br72': ('>=', 1), 'br76': ('>=', 1), 'sys': ('>=', 1)}
Updated sys_vals: [50.911, 52.111, 52.271, 52.43, 52.546, 52.802, 52.944, 52.983, 52.99, 53.108, 53.119, 53.122, 53.294, 53.35, 53.47, 53.489, 53.505, 53.518, 53.534, 53.544, 53.55, 53.584, 53.598, 53.63, 53.699, 53.71, 53.718, 53.744, 53.745, 53.753, 53.758, 53.76, 53.789, 53.79, 53.794, 53.807, 53.81, 53.814, 53.824, 53.833, 53.834, 53.851, 53.854, 53.855, 53.856, 53.857, 53.865, 53.87, 53.877, 53.878, 53.88, 53.883, 53.885, 53.894, 53.899, 53.901, 53.906, 53.909, 53.922, 53.923, 53.925, 53.932, 53.935, 53.945, 53.947, 53.949, 53.955, 53.957, 53.964, 53.968, 53.969, 53.977, 53.978, 53.979, 53.981, 53.982, 53.989, 53.99, 53.993, 53.994, 53.995, 53.996, 53.998, 53.999, 54.004, 54.005, 54.011, 54.013, 54.016, 54.019, 54.021, 54.023, 54.024, 54.028, 54.029, 54.033, 54.036, 54.037, 54.039, 54.041, 54.042, 54.043, 54.045, 54.047, 54.049, 54.051, 54.053, 54.055, 54.057, 54.061, 54.064, 54.067, 54.068, 54.069, 54.071, 54.072, 54.078, 54.08, 54.081, 54.082, 54.083, 54.089, 54.09, 54.091, 54.092, 54.093, 54.094, 54.097, 54.1, 54.11, 54.209, 54.218, 54.251, 54.325, 54.343, 54.378, 54.384, 54.445, 54.669, 54.721, 54.79, 54.989, 54.995, 55.076, 55.229, 55.444, 55.462, 55.661, 55.69, 56.402, 56.974, 57.245, 57.28, 57.496, 63.249, 64.739]
---
Round: 201, Unk. prob.: 1.500e-04
Surv probs: 9.998e-01, Fail probs: 5.000e-05
No. of non-dominant rules: 200, Survival rules: 172, Failure rules: 28
Survival sample found from sampling.
No. of existing rules removed:  0
New rule added. System state: 1, System value: 54.044978. Total samples: 100000.
New rule (No. of conditions: 53): {'vbus3': ('>=', 2), 'vbus4': ('>=', 1), 'vbus5': ('>=', 1), 'vbus6': ('>=', 1), 'vbus7': ('>=', 1), 'vbus8': ('>=', 2), 'vbus9': ('>=', 1), 'vbus10': ('>=', 1), 'vbus11': ('>=', 1), 'vbus15': ('>=', 1), 'vbus18': ('>=', 1), 'vbus19': ('>=', 1), 'vbus23': ('>=', 1), 'vbus24': ('>=', 1), 'vbus25': ('>=', 1), 'vbus26': ('>=', 1), 'vbus27': ('>=', 1), 'vbus28': ('>=', 1), 'vbus29': ('>=', 1), 'vbus30': ('>=', 1), 'vbus41': ('>=', 1), 'vbus42': ('>=', 1), 'vbus43': ('>=', 1), 'vbus50': ('>=', 1), 'vbus51': ('>=', 1), 'vbus52': ('>=', 1), 'vbus53': ('>=', 1), 'vbus56': ('>=', 1), 'br3': ('>=', 1), 'br4': ('>=', 1), 'br7': ('>=', 1), 'br8': ('>=', 1), 'br9': ('>=', 1), 'br10': ('>=', 1), 'br18': ('>=', 1), 'br20': ('>=', 1), 'br22': ('>=', 1), 'br29': ('>=', 1), 'br34': ('>=', 1), 'br36': ('>=', 1), 'br37': ('>=', 1), 'br38': ('>=', 1), 'br39': ('>=', 1), 'br40': ('>=', 1), 'br41': ('>=', 1), 'br42': ('>=', 1), 'br54': ('>=', 1), 'br55': ('>=', 1), 'br64': ('>=', 1), 'br65': ('>=', 1), 'br67': ('>=', 1), 'br68': ('>=', 1), 'br75': ('>=', 1), 'sys': ('>=', 1)}
---
Round: 202, Unk. prob.: 1.500e-04
Surv probs: 9.998e-01, Fail probs: 4.000e-05
No. of non-dominant rules: 201, Survival rules: 173, Failure rules: 28
Survival sample found from sampling.
No. of existing rules removed:  0
New rule added. System state: 1, System value: 54.087486. Total samples: 100000.
New rule (No. of conditions: 43): {'vbus1': ('>=', 2), 'vbus2': ('>=', 1), 'vbus6': ('>=', 1), 'vbus8': ('>=', 1), 'vbus9': ('>=', 1), 'vbus11': ('>=', 1), 'vbus13': ('>=', 1), 'vbus14': ('>=', 1), 'vbus15': ('>=', 1), 'vbus16': ('>=', 1), 'vbus35': ('>=', 1), 'vbus36': ('>=', 1), 'vbus37': ('>=', 1), 'vbus38': ('>=', 1), 'vbus41': ('>=', 1), 'vbus42': ('>=', 1), 'vbus43': ('>=', 1), 'vbus44': ('>=', 1), 'vbus45': ('>=', 1), 'vbus46': ('>=', 1), 'vbus47': ('>=', 1), 'vbus49': ('>=', 1), 'vbus50': ('>=', 1), 'br8': ('>=', 1), 'br12': ('>=', 1), 'br14': ('>=', 1), 'br15': ('>=', 1), 'br16': ('>=', 1), 'br24': ('>=', 1), 'br28': ('>=', 1), 'br48': ('>=', 1), 'br49': ('>=', 1), 'br50': ('>=', 1), 'br55': ('>=', 1), 'br56': ('>=', 1), 'br57': ('>=', 1), 'br58': ('>=', 1), 'br59': ('>=', 1), 'br60': ('>=', 1), 'br63': ('>=', 1), 'br66': ('>=', 1), 'br71': ('>=', 1), 'br72': ('>=', 1), 'sys': ('>=', 1)}
Updated sys_vals: [50.911, 52.111, 52.271, 52.43, 52.546, 52.802, 52.944, 52.983, 52.99, 53.108, 53.119, 53.122, 53.294, 53.35, 53.47, 53.489, 53.505, 53.518, 53.534, 53.544, 53.55, 53.584, 53.598, 53.63, 53.699, 53.71, 53.718, 53.744, 53.745, 53.753, 53.758, 53.76, 53.789, 53.79, 53.794, 53.807, 53.81, 53.814, 53.824, 53.833, 53.834, 53.851, 53.854, 53.855, 53.856, 53.857, 53.865, 53.87, 53.877, 53.878, 53.88, 53.883, 53.885, 53.894, 53.899, 53.901, 53.906, 53.909, 53.922, 53.923, 53.925, 53.932, 53.935, 53.945, 53.947, 53.949, 53.955, 53.957, 53.964, 53.968, 53.969, 53.977, 53.978, 53.979, 53.981, 53.982, 53.989, 53.99, 53.993, 53.994, 53.995, 53.996, 53.998, 53.999, 54.004, 54.005, 54.011, 54.013, 54.016, 54.019, 54.021, 54.023, 54.024, 54.028, 54.029, 54.033, 54.036, 54.037, 54.039, 54.041, 54.042, 54.043, 54.045, 54.047, 54.049, 54.051, 54.053, 54.055, 54.057, 54.061, 54.064, 54.067, 54.068, 54.069, 54.071, 54.072, 54.078, 54.08, 54.081, 54.082, 54.083, 54.087, 54.089, 54.09, 54.091, 54.092, 54.093, 54.094, 54.097, 54.1, 54.11, 54.209, 54.218, 54.251, 54.325, 54.343, 54.378, 54.384, 54.445, 54.669, 54.721, 54.79, 54.989, 54.995, 55.076, 55.229, 55.444, 55.462, 55.661, 55.69, 56.402, 56.974, 57.245, 57.28, 57.496, 63.249, 64.739]
---
Round: 203, Unk. prob.: 1.700e-04
Surv probs: 9.998e-01, Fail probs: 6.000e-05
No. of non-dominant rules: 202, Survival rules: 174, Failure rules: 28
Survival sample found from sampling.
No. of existing rules removed:  0
New rule added. System state: 1, System value: 54.025874. Total samples: 100000.
New rule (No. of conditions: 35): {'vbus3': ('>=', 2), 'vbus4': ('>=', 1), 'vbus6': ('>=', 2), 'vbus7': ('>=', 1), 'vbus8': ('>=', 2), 'vbus9': ('>=', 1), 'vbus12': ('>=', 1), 'vbus18': ('>=', 1), 'vbus19': ('>=', 1), 'vbus23': ('>=', 1), 'vbus24': ('>=', 1), 'vbus25': ('>=', 1), 'vbus26': ('>=', 1), 'vbus27': ('>=', 1), 'vbus28': ('>=', 1), 'vbus29': ('>=', 1), 'vbus52': ('>=', 1), 'vbus53': ('>=', 1), 'vbus54': ('>=', 1), 'vbus55': ('>=', 1), 'br3': ('>=', 1), 'br20': ('>=', 1), 'br22': ('>=', 1), 'br29': ('>=', 1), 'br34': ('>=', 1), 'br35': ('>=', 1), 'br37': ('>=', 1), 'br38': ('>=', 1), 'br39': ('>=', 1), 'br40': ('>=', 1), 'br41': ('>=', 1), 'br67': ('>=', 1), 'br68': ('>=', 1), 'br69': ('>=', 1), 'br70': ('>=', 1), 'sys': ('>=', 1)}
Updated sys_vals: [50.911, 52.111, 52.271, 52.43, 52.546, 52.802, 52.944, 52.983, 52.99, 53.108, 53.119, 53.122, 53.294, 53.35, 53.47, 53.489, 53.505, 53.518, 53.534, 53.544, 53.55, 53.584, 53.598, 53.63, 53.699, 53.71, 53.718, 53.744, 53.745, 53.753, 53.758, 53.76, 53.789, 53.79, 53.794, 53.807, 53.81, 53.814, 53.824, 53.833, 53.834, 53.851, 53.854, 53.855, 53.856, 53.857, 53.865, 53.87, 53.877, 53.878, 53.88, 53.883, 53.885, 53.894, 53.899, 53.901, 53.906, 53.909, 53.922, 53.923, 53.925, 53.932, 53.935, 53.945, 53.947, 53.949, 53.955, 53.957, 53.964, 53.968, 53.969, 53.977, 53.978, 53.979, 53.981, 53.982, 53.989, 53.99, 53.993, 53.994, 53.995, 53.996, 53.998, 53.999, 54.004, 54.005, 54.011, 54.013, 54.016, 54.019, 54.021, 54.023, 54.024, 54.026, 54.028, 54.029, 54.033, 54.036, 54.037, 54.039, 54.041, 54.042, 54.043, 54.045, 54.047, 54.049, 54.051, 54.053, 54.055, 54.057, 54.061, 54.064, 54.067, 54.068, 54.069, 54.071, 54.072, 54.078, 54.08, 54.081, 54.082, 54.083, 54.087, 54.089, 54.09, 54.091, 54.092, 54.093, 54.094, 54.097, 54.1, 54.11, 54.209, 54.218, 54.251, 54.325, 54.343, 54.378, 54.384, 54.445, 54.669, 54.721, 54.79, 54.989, 54.995, 55.076, 55.229, 55.444, 55.462, 55.661, 55.69, 56.402, 56.974, 57.245, 57.28, 57.496, 63.249, 64.739]
---
Round: 204, Unk. prob.: 1.200e-04
Surv probs: 9.998e-01, Fail probs: 9.000e-05
No. of non-dominant rules: 203, Survival rules: 175, Failure rules: 28
Survival sample found from sampling.
No. of existing rules removed:  0
New rule added. System state: 1, System value: 53.973457. Total samples: 100000.
New rule (No. of conditions: 29): {'vbus1': ('>=', 1), 'vbus2': ('>=', 1), 'vbus3': ('>=', 2), 'vbus4': ('>=', 1), 'vbus5': ('>=', 1), 'vbus6': ('>=', 2), 'vbus7': ('>=', 1), 'vbus8': ('>=', 1), 'vbus9': ('>=', 2), 'vbus16': ('>=', 1), 'vbus18': ('>=', 1), 'vbus19': ('>=', 1), 'vbus20': ('>=', 1), 'vbus29': ('>=', 1), 'vbus52': ('>=', 1), 'vbus53': ('>=', 1), 'br3': ('>=', 1), 'br4': ('>=', 1), 'br5': ('>=', 1), 'br6': ('>=', 1), 'br8': ('>=', 1), 'br16': ('>=', 1), 'br20': ('>=', 1), 'br22': ('>=', 1), 'br29': ('>=', 1), 'br30': ('>=', 1), 'br41': ('>=', 1), 'br67': ('>=', 1), 'br68': ('>=', 1), 'sys': ('>=', 1)}
Updated sys_vals: [50.911, 52.111, 52.271, 52.43, 52.546, 52.802, 52.944, 52.983, 52.99, 53.108, 53.119, 53.122, 53.294, 53.35, 53.47, 53.489, 53.505, 53.518, 53.534, 53.544, 53.55, 53.584, 53.598, 53.63, 53.699, 53.71, 53.718, 53.744, 53.745, 53.753, 53.758, 53.76, 53.789, 53.79, 53.794, 53.807, 53.81, 53.814, 53.824, 53.833, 53.834, 53.851, 53.854, 53.855, 53.856, 53.857, 53.865, 53.87, 53.877, 53.878, 53.88, 53.883, 53.885, 53.894, 53.899, 53.901, 53.906, 53.909, 53.922, 53.923, 53.925, 53.932, 53.935, 53.945, 53.947, 53.949, 53.955, 53.957, 53.964, 53.968, 53.969, 53.973, 53.977, 53.978, 53.979, 53.981, 53.982, 53.989, 53.99, 53.993, 53.994, 53.995, 53.996, 53.998, 53.999, 54.004, 54.005, 54.011, 54.013, 54.016, 54.019, 54.021, 54.023, 54.024, 54.026, 54.028, 54.029, 54.033, 54.036, 54.037, 54.039, 54.041, 54.042, 54.043, 54.045, 54.047, 54.049, 54.051, 54.053, 54.055, 54.057, 54.061, 54.064, 54.067, 54.068, 54.069, 54.071, 54.072, 54.078, 54.08, 54.081, 54.082, 54.083, 54.087, 54.089, 54.09, 54.091, 54.092, 54.093, 54.094, 54.097, 54.1, 54.11, 54.209, 54.218, 54.251, 54.325, 54.343, 54.378, 54.384, 54.445, 54.669, 54.721, 54.79, 54.989, 54.995, 55.076, 55.229, 55.444, 55.462, 55.661, 55.69, 56.402, 56.974, 57.245, 57.28, 57.496, 63.249, 64.739]
---
Round: 205, Unk. prob.: 1.300e-04
Surv probs: 9.998e-01, Fail probs: 5.000e-05
No. of non-dominant rules: 204, Survival rules: 176, Failure rules: 28
Survival sample found from sampling.
No. of existing rules removed:  0
New rule added. System state: 1, System value: 53.881806. Total samples: 100000.
New rule (No. of conditions: 25): {'vbus1': ('>=', 1), 'vbus2': ('>=', 1), 'vbus3': ('>=', 3), 'vbus4': ('>=', 1), 'vbus9': ('>=', 2), 'vbus12': ('>=', 1), 'vbus13': ('>=', 1), 'vbus14': ('>=', 1), 'vbus15': ('>=', 1), 'vbus16': ('>=', 1), 'vbus17': ('>=', 1), 'vbus18': ('>=', 1), 'vbus38': ('>=', 1), 'vbus45': ('>=', 1), 'br3': ('>=', 1), 'br14': ('>=', 1), 'br16': ('>=', 1), 'br17': ('>=', 1), 'br18': ('>=', 1), 'br20': ('>=', 1), 'br25': ('>=', 1), 'br26': ('>=', 1), 'br28': ('>=', 1), 'br57': ('>=', 1), 'br58': ('>=', 1), 'sys': ('>=', 1)}
Updated sys_vals: [50.911, 52.111, 52.271, 52.43, 52.546, 52.802, 52.944, 52.983, 52.99, 53.108, 53.119, 53.122, 53.294, 53.35, 53.47, 53.489, 53.505, 53.518, 53.534, 53.544, 53.55, 53.584, 53.598, 53.63, 53.699, 53.71, 53.718, 53.744, 53.745, 53.753, 53.758, 53.76, 53.789, 53.79, 53.794, 53.807, 53.81, 53.814, 53.824, 53.833, 53.834, 53.851, 53.854, 53.855, 53.856, 53.857, 53.865, 53.87, 53.877, 53.878, 53.88, 53.882, 53.883, 53.885, 53.894, 53.899, 53.901, 53.906, 53.909, 53.922, 53.923, 53.925, 53.932, 53.935, 53.945, 53.947, 53.949, 53.955, 53.957, 53.964, 53.968, 53.969, 53.973, 53.977, 53.978, 53.979, 53.981, 53.982, 53.989, 53.99, 53.993, 53.994, 53.995, 53.996, 53.998, 53.999, 54.004, 54.005, 54.011, 54.013, 54.016, 54.019, 54.021, 54.023, 54.024, 54.026, 54.028, 54.029, 54.033, 54.036, 54.037, 54.039, 54.041, 54.042, 54.043, 54.045, 54.047, 54.049, 54.051, 54.053, 54.055, 54.057, 54.061, 54.064, 54.067, 54.068, 54.069, 54.071, 54.072, 54.078, 54.08, 54.081, 54.082, 54.083, 54.087, 54.089, 54.09, 54.091, 54.092, 54.093, 54.094, 54.097, 54.1, 54.11, 54.209, 54.218, 54.251, 54.325, 54.343, 54.378, 54.384, 54.445, 54.669, 54.721, 54.79, 54.989, 54.995, 55.076, 55.229, 55.444, 55.462, 55.661, 55.69, 56.402, 56.974, 57.245, 57.28, 57.496, 63.249, 64.739]
---
Round: 206, Unk. prob.: 2.200e-04
Surv probs: 9.997e-01, Fail probs: 7.000e-05
No. of non-dominant rules: 205, Survival rules: 177, Failure rules: 28
Failure sample found from sampling.
No. of existing rules removed:  0
New rule added. System state: 0, System value: 54.383536. Total samples: 100000.
New rule (No. of conditions: 3): {'vbus8': ('<=', 0), 'vbus12': ('<=', 0), 'vbus46': ('<=', 0), 'sys': ('<=', 0)}
---
Round: 207, Unk. prob.: 1.400e-04
Surv probs: 9.998e-01, Fail probs: 6.000e-05
No. of non-dominant rules: 206, Survival rules: 177, Failure rules: 29
Survival sample found from sampling.
No. of existing rules removed:  0
New rule added. System state: 1, System value: 54.046645. Total samples: 100000.
New rule (No. of conditions: 32): {'vbus1': ('>=', 1), 'vbus2': ('>=', 1), 'vbus6': ('>=', 2), 'vbus7': ('>=', 1), 'vbus8': ('>=', 2), 'vbus9': ('>=', 1), 'vbus15': ('>=', 1), 'vbus17': ('>=', 1), 'vbus29': ('>=', 1), 'vbus38': ('>=', 1), 'vbus44': ('>=', 1), 'vbus45': ('>=', 1), 'vbus47': ('>=', 1), 'vbus48': ('>=', 1), 'vbus49': ('>=', 1), 'vbus52': ('>=', 1), 'vbus53': ('>=', 1), 'vbus55': ('>=', 1), 'br8': ('>=', 1), 'br15': ('>=', 1), 'br17': ('>=', 1), 'br22': ('>=', 1), 'br41': ('>=', 1), 'br57': ('>=', 1), 'br58': ('>=', 1), 'br61': ('>=', 1), 'br67': ('>=', 1), 'br68': ('>=', 1), 'br72': ('>=', 1), 'br78': ('>=', 1), 'br79': ('>=', 1), 'br80': ('>=', 1), 'sys': ('>=', 1)}
---
Round: 208, Unk. prob.: 1.000e-04
Surv probs: 9.998e-01, Fail probs: 1.000e-04
No. of non-dominant rules: 207, Survival rules: 178, Failure rules: 29
Survival sample found from sampling.
No. of existing rules removed:  0
New rule added. System state: 1, System value: 53.979121. Total samples: 100000.
New rule (No. of conditions: 43): {'vbus1': ('>=', 1), 'vbus2': ('>=', 1), 'vbus3': ('>=', 1), 'vbus4': ('>=', 1), 'vbus7': ('>=', 1), 'vbus8': ('>=', 1), 'vbus9': ('>=', 3), 'vbus11': ('>=', 1), 'vbus13': ('>=', 1), 'vbus14': ('>=', 1), 'vbus15': ('>=', 1), 'vbus16': ('>=', 1), 'vbus17': ('>=', 1), 'vbus18': ('>=', 1), 'vbus19': ('>=', 1), 'vbus20': ('>=', 1), 'vbus23': ('>=', 1), 'vbus24': ('>=', 1), 'vbus26': ('>=', 1), 'vbus27': ('>=', 1), 'vbus28': ('>=', 1), 'vbus29': ('>=', 1), 'vbus52': ('>=', 1), 'br2': ('>=', 1), 'br3': ('>=', 1), 'br10': ('>=', 1), 'br14': ('>=', 1), 'br15': ('>=', 1), 'br16': ('>=', 1), 'br17': ('>=', 1), 'br20': ('>=', 1), 'br22': ('>=', 1), 'br24': ('>=', 1), 'br28': ('>=', 1), 'br29': ('>=', 1), 'br30': ('>=', 1), 'br34': ('>=', 1), 'br37': ('>=', 1), 'br38': ('>=', 1), 'br39': ('>=', 1), 'br40': ('>=', 1), 'br41': ('>=', 1), 'br67': ('>=', 1), 'sys': ('>=', 1)}
---
Round: 209, Unk. prob.: 1.600e-04
Surv probs: 9.998e-01, Fail probs: 8.000e-05
No. of non-dominant rules: 208, Survival rules: 179, Failure rules: 29
Survival sample found from sampling.
No. of existing rules removed:  0
New rule added. System state: 1, System value: 53.582367. Total samples: 100000.
New rule (No. of conditions: 13): {'vbus1': ('>=', 1), 'vbus3': ('>=', 2), 'vbus4': ('>=', 1), 'vbus8': ('>=', 1), 'vbus12': ('>=', 1), 'vbus16': ('>=', 1), 'vbus17': ('>=', 1), 'vbus18': ('>=', 1), 'br3': ('>=', 1), 'br16': ('>=', 1), 'br17': ('>=', 1), 'br19': ('>=', 1), 'br26': ('>=', 1), 'sys': ('>=', 1)}
Updated sys_vals: [50.911, 52.111, 52.271, 52.43, 52.546, 52.802, 52.944, 52.983, 52.99, 53.108, 53.119, 53.122, 53.294, 53.35, 53.47, 53.489, 53.505, 53.518, 53.534, 53.544, 53.55, 53.582, 53.584, 53.598, 53.63, 53.699, 53.71, 53.718, 53.744, 53.745, 53.753, 53.758, 53.76, 53.789, 53.79, 53.794, 53.807, 53.81, 53.814, 53.824, 53.833, 53.834, 53.851, 53.854, 53.855, 53.856, 53.857, 53.865, 53.87, 53.877, 53.878, 53.88, 53.882, 53.883, 53.885, 53.894, 53.899, 53.901, 53.906, 53.909, 53.922, 53.923, 53.925, 53.932, 53.935, 53.945, 53.947, 53.949, 53.955, 53.957, 53.964, 53.968, 53.969, 53.973, 53.977, 53.978, 53.979, 53.981, 53.982, 53.989, 53.99, 53.993, 53.994, 53.995, 53.996, 53.998, 53.999, 54.004, 54.005, 54.011, 54.013, 54.016, 54.019, 54.021, 54.023, 54.024, 54.026, 54.028, 54.029, 54.033, 54.036, 54.037, 54.039, 54.041, 54.042, 54.043, 54.045, 54.047, 54.049, 54.051, 54.053, 54.055, 54.057, 54.061, 54.064, 54.067, 54.068, 54.069, 54.071, 54.072, 54.078, 54.08, 54.081, 54.082, 54.083, 54.087, 54.089, 54.09, 54.091, 54.092, 54.093, 54.094, 54.097, 54.1, 54.11, 54.209, 54.218, 54.251, 54.325, 54.343, 54.378, 54.384, 54.445, 54.669, 54.721, 54.79, 54.989, 54.995, 55.076, 55.229, 55.444, 55.462, 55.661, 55.69, 56.402, 56.974, 57.245, 57.28, 57.496, 63.249, 64.739]
---
Round: 210, Unk. prob.: 1.600e-04
Surv probs: 9.997e-01, Fail probs: 1.100e-04
No. of non-dominant rules: 209, Survival rules: 180, Failure rules: 29
Survival sample found from sampling.
No. of existing rules removed:  0
New rule added. System state: 1, System value: 52.997779. Total samples: 100000.
New rule (No. of conditions: 20): {'vbus1': ('>=', 1), 'vbus2': ('>=', 2), 'vbus6': ('>=', 2), 'vbus9': ('>=', 1), 'vbus12': ('>=', 1), 'vbus15': ('>=', 1), 'vbus16': ('>=', 1), 'vbus17': ('>=', 1), 'vbus44': ('>=', 1), 'vbus45': ('>=', 1), 'vbus47': ('>=', 1), 'br1': ('>=', 1), 'br15': ('>=', 1), 'br16': ('>=', 1), 'br17': ('>=', 1), 'br26': ('>=', 1), 'br27': ('>=', 1), 'br58': ('>=', 1), 'br59': ('>=', 1), 'br72': ('>=', 1), 'sys': ('>=', 1)}
Updated sys_vals: [50.911, 52.111, 52.271, 52.43, 52.546, 52.802, 52.944, 52.983, 52.99, 52.998, 53.108, 53.119, 53.122, 53.294, 53.35, 53.47, 53.489, 53.505, 53.518, 53.534, 53.544, 53.55, 53.582, 53.584, 53.598, 53.63, 53.699, 53.71, 53.718, 53.744, 53.745, 53.753, 53.758, 53.76, 53.789, 53.79, 53.794, 53.807, 53.81, 53.814, 53.824, 53.833, 53.834, 53.851, 53.854, 53.855, 53.856, 53.857, 53.865, 53.87, 53.877, 53.878, 53.88, 53.882, 53.883, 53.885, 53.894, 53.899, 53.901, 53.906, 53.909, 53.922, 53.923, 53.925, 53.932, 53.935, 53.945, 53.947, 53.949, 53.955, 53.957, 53.964, 53.968, 53.969, 53.973, 53.977, 53.978, 53.979, 53.981, 53.982, 53.989, 53.99, 53.993, 53.994, 53.995, 53.996, 53.998, 53.999, 54.004, 54.005, 54.011, 54.013, 54.016, 54.019, 54.021, 54.023, 54.024, 54.026, 54.028, 54.029, 54.033, 54.036, 54.037, 54.039, 54.041, 54.042, 54.043, 54.045, 54.047, 54.049, 54.051, 54.053, 54.055, 54.057, 54.061, 54.064, 54.067, 54.068, 54.069, 54.071, 54.072, 54.078, 54.08, 54.081, 54.082, 54.083, 54.087, 54.089, 54.09, 54.091, 54.092, 54.093, 54.094, 54.097, 54.1, 54.11, 54.209, 54.218, 54.251, 54.325, 54.343, 54.378, 54.384, 54.445, 54.669, 54.721, 54.79, 54.989, 54.995, 55.076, 55.229, 55.444, 55.462, 55.661, 55.69, 56.402, 56.974, 57.245, 57.28, 57.496, 63.249, 64.739]
---
Round: 211, Unk. prob.: 1.200e-04
Surv probs: 9.998e-01, Fail probs: 5.000e-05
No. of non-dominant rules: 210, Survival rules: 181, Failure rules: 29
Survival sample found from sampling.
No. of existing rules removed:  0
New rule added. System state: 1, System value: 54.099325. Total samples: 100000.
New rule (No. of conditions: 51): {'vbus1': ('>=', 1), 'vbus2': ('>=', 2), 'vbus3': ('>=', 2), 'vbus4': ('>=', 1), 'vbus6': ('>=', 2), 'vbus7': ('>=', 1), 'vbus9': ('>=', 3), 'vbus11': ('>=', 1), 'vbus13': ('>=', 1), 'vbus14': ('>=', 1), 'vbus15': ('>=', 1), 'vbus16': ('>=', 1), 'vbus17': ('>=', 1), 'vbus18': ('>=', 1), 'vbus19': ('>=', 1), 'vbus27': ('>=', 1), 'vbus28': ('>=', 1), 'vbus29': ('>=', 1), 'vbus37': ('>=', 1), 'vbus38': ('>=', 1), 'vbus39': ('>=', 1), 'vbus46': ('>=', 1), 'vbus47': ('>=', 1), 'vbus48': ('>=', 1), 'vbus49': ('>=', 1), 'vbus50': ('>=', 1), 'vbus57': ('>=', 1), 'br1': ('>=', 1), 'br3': ('>=', 1), 'br5': ('>=', 1), 'br6': ('>=', 1), 'br10': ('>=', 1), 'br14': ('>=', 1), 'br15': ('>=', 1), 'br16': ('>=', 1), 'br17': ('>=', 1), 'br20': ('>=', 1), 'br24': ('>=', 1), 'br28': ('>=', 1), 'br39': ('>=', 1), 'br40': ('>=', 1), 'br41': ('>=', 1), 'br50': ('>=', 1), 'br51': ('>=', 1), 'br59': ('>=', 1), 'br60': ('>=', 1), 'br61': ('>=', 1), 'br63': ('>=', 1), 'br66': ('>=', 1), 'br76': ('>=', 1), 'br79': ('>=', 1), 'sys': ('>=', 1)}
Updated sys_vals: [50.911, 52.111, 52.271, 52.43, 52.546, 52.802, 52.944, 52.983, 52.99, 52.998, 53.108, 53.119, 53.122, 53.294, 53.35, 53.47, 53.489, 53.505, 53.518, 53.534, 53.544, 53.55, 53.582, 53.584, 53.598, 53.63, 53.699, 53.71, 53.718, 53.744, 53.745, 53.753, 53.758, 53.76, 53.789, 53.79, 53.794, 53.807, 53.81, 53.814, 53.824, 53.833, 53.834, 53.851, 53.854, 53.855, 53.856, 53.857, 53.865, 53.87, 53.877, 53.878, 53.88, 53.882, 53.883, 53.885, 53.894, 53.899, 53.901, 53.906, 53.909, 53.922, 53.923, 53.925, 53.932, 53.935, 53.945, 53.947, 53.949, 53.955, 53.957, 53.964, 53.968, 53.969, 53.973, 53.977, 53.978, 53.979, 53.981, 53.982, 53.989, 53.99, 53.993, 53.994, 53.995, 53.996, 53.998, 53.999, 54.004, 54.005, 54.011, 54.013, 54.016, 54.019, 54.021, 54.023, 54.024, 54.026, 54.028, 54.029, 54.033, 54.036, 54.037, 54.039, 54.041, 54.042, 54.043, 54.045, 54.047, 54.049, 54.051, 54.053, 54.055, 54.057, 54.061, 54.064, 54.067, 54.068, 54.069, 54.071, 54.072, 54.078, 54.08, 54.081, 54.082, 54.083, 54.087, 54.089, 54.09, 54.091, 54.092, 54.093, 54.094, 54.097, 54.099, 54.1, 54.11, 54.209, 54.218, 54.251, 54.325, 54.343, 54.378, 54.384, 54.445, 54.669, 54.721, 54.79, 54.989, 54.995, 55.076, 55.229, 55.444, 55.462, 55.661, 55.69, 56.402, 56.974, 57.245, 57.28, 57.496, 63.249, 64.739]
---
Round: 212, Unk. prob.: 1.000e-04
Surv probs: 9.998e-01, Fail probs: 9.000e-05
No. of non-dominant rules: 211, Survival rules: 182, Failure rules: 29
Failure sample found from sampling.
No. of existing rules removed:  0
New rule added. System state: 0, System value: 57.199125. Total samples: 100000.
New rule (No. of conditions: 3): {'vbus9': ('<=', 0), 'vbus12': ('<=', 0), 'vbus15': ('<=', 0), 'sys': ('<=', 0)}
Updated sys_vals: [50.911, 52.111, 52.271, 52.43, 52.546, 52.802, 52.944, 52.983, 52.99, 52.998, 53.108, 53.119, 53.122, 53.294, 53.35, 53.47, 53.489, 53.505, 53.518, 53.534, 53.544, 53.55, 53.582, 53.584, 53.598, 53.63, 53.699, 53.71, 53.718, 53.744, 53.745, 53.753, 53.758, 53.76, 53.789, 53.79, 53.794, 53.807, 53.81, 53.814, 53.824, 53.833, 53.834, 53.851, 53.854, 53.855, 53.856, 53.857, 53.865, 53.87, 53.877, 53.878, 53.88, 53.882, 53.883, 53.885, 53.894, 53.899, 53.901, 53.906, 53.909, 53.922, 53.923, 53.925, 53.932, 53.935, 53.945, 53.947, 53.949, 53.955, 53.957, 53.964, 53.968, 53.969, 53.973, 53.977, 53.978, 53.979, 53.981, 53.982, 53.989, 53.99, 53.993, 53.994, 53.995, 53.996, 53.998, 53.999, 54.004, 54.005, 54.011, 54.013, 54.016, 54.019, 54.021, 54.023, 54.024, 54.026, 54.028, 54.029, 54.033, 54.036, 54.037, 54.039, 54.041, 54.042, 54.043, 54.045, 54.047, 54.049, 54.051, 54.053, 54.055, 54.057, 54.061, 54.064, 54.067, 54.068, 54.069, 54.071, 54.072, 54.078, 54.08, 54.081, 54.082, 54.083, 54.087, 54.089, 54.09, 54.091, 54.092, 54.093, 54.094, 54.097, 54.099, 54.1, 54.11, 54.209, 54.218, 54.251, 54.325, 54.343, 54.378, 54.384, 54.445, 54.669, 54.721, 54.79, 54.989, 54.995, 55.076, 55.229, 55.444, 55.462, 55.661, 55.69, 56.402, 56.974, 57.199, 57.245, 57.28, 57.496, 63.249, 64.739]
---
Round: 213, Unk. prob.: 1.200e-04
Surv probs: 9.998e-01, Fail probs: 1.000e-04
No. of non-dominant rules: 212, Survival rules: 182, Failure rules: 30
Survival sample found from sampling.
No. of existing rules removed:  0
New rule added. System state: 1, System value: 53.458077. Total samples: 100000.
New rule (No. of conditions: 14): {'vbus1': ('>=', 1), 'vbus3': ('>=', 2), 'vbus8': ('>=', 1), 'vbus12': ('>=', 1), 'vbus13': ('>=', 1), 'vbus15': ('>=', 1), 'vbus16': ('>=', 1), 'vbus49': ('>=', 1), 'br14': ('>=', 1), 'br16': ('>=', 1), 'br18': ('>=', 1), 'br25': ('>=', 1), 'br26': ('>=', 1), 'br66': ('>=', 1), 'sys': ('>=', 1)}
Updated sys_vals: [50.911, 52.111, 52.271, 52.43, 52.546, 52.802, 52.944, 52.983, 52.99, 52.998, 53.108, 53.119, 53.122, 53.294, 53.35, 53.458, 53.47, 53.489, 53.505, 53.518, 53.534, 53.544, 53.55, 53.582, 53.584, 53.598, 53.63, 53.699, 53.71, 53.718, 53.744, 53.745, 53.753, 53.758, 53.76, 53.789, 53.79, 53.794, 53.807, 53.81, 53.814, 53.824, 53.833, 53.834, 53.851, 53.854, 53.855, 53.856, 53.857, 53.865, 53.87, 53.877, 53.878, 53.88, 53.882, 53.883, 53.885, 53.894, 53.899, 53.901, 53.906, 53.909, 53.922, 53.923, 53.925, 53.932, 53.935, 53.945, 53.947, 53.949, 53.955, 53.957, 53.964, 53.968, 53.969, 53.973, 53.977, 53.978, 53.979, 53.981, 53.982, 53.989, 53.99, 53.993, 53.994, 53.995, 53.996, 53.998, 53.999, 54.004, 54.005, 54.011, 54.013, 54.016, 54.019, 54.021, 54.023, 54.024, 54.026, 54.028, 54.029, 54.033, 54.036, 54.037, 54.039, 54.041, 54.042, 54.043, 54.045, 54.047, 54.049, 54.051, 54.053, 54.055, 54.057, 54.061, 54.064, 54.067, 54.068, 54.069, 54.071, 54.072, 54.078, 54.08, 54.081, 54.082, 54.083, 54.087, 54.089, 54.09, 54.091, 54.092, 54.093, 54.094, 54.097, 54.099, 54.1, 54.11, 54.209, 54.218, 54.251, 54.325, 54.343, 54.378, 54.384, 54.445, 54.669, 54.721, 54.79, 54.989, 54.995, 55.076, 55.229, 55.444, 55.462, 55.661, 55.69, 56.402, 56.974, 57.199, 57.245, 57.28, 57.496, 63.249, 64.739]
---
Round: 214, Unk. prob.: 9.000e-05
Surv probs: 9.998e-01, Fail probs: 1.000e-04
No. of non-dominant rules: 213, Survival rules: 183, Failure rules: 30
Survival sample found from sampling.
No. of existing rules removed:  0
New rule added. System state: 1, System value: 53.869524. Total samples: 100000.
New rule (No. of conditions: 7): {'vbus2': ('>=', 1), 'vbus3': ('>=', 1), 'vbus6': ('>=', 1), 'vbus8': ('>=', 1), 'vbus12': ('>=', 2), 'vbus15': ('>=', 1), 'br18': ('>=', 1), 'sys': ('>=', 1)}
---
Round: 215, Unk. prob.: 2.000e-04
Surv probs: 9.997e-01, Fail probs: 8.000e-05
No. of non-dominant rules: 214, Survival rules: 184, Failure rules: 30
Survival sample found from sampling.
No. of existing rules removed:  0
New rule added. System state: 1, System value: 54.013431. Total samples: 100000.
New rule (No. of conditions: 13): {'vbus2': ('>=', 1), 'vbus3': ('>=', 1), 'vbus4': ('>=', 1), 'vbus6': ('>=', 1), 'vbus8': ('>=', 1), 'vbus9': ('>=', 2), 'vbus12': ('>=', 1), 'vbus18': ('>=', 1), 'br2': ('>=', 1), 'br3': ('>=', 1), 'br7': ('>=', 1), 'br8': ('>=', 1), 'br20': ('>=', 1), 'sys': ('>=', 1)}
---
Round: 216, Unk. prob.: 1.100e-04
Surv probs: 9.998e-01, Fail probs: 8.000e-05
No. of non-dominant rules: 215, Survival rules: 185, Failure rules: 30
Survival sample found from sampling.
No. of existing rules removed:  0
New rule added. System state: 1, System value: 53.715757. Total samples: 100000.
New rule (No. of conditions: 20): {'vbus2': ('>=', 2), 'vbus3': ('>=', 1), 'vbus6': ('>=', 1), 'vbus8': ('>=', 1), 'vbus9': ('>=', 1), 'vbus12': ('>=', 1), 'vbus14': ('>=', 1), 'vbus15': ('>=', 1), 'vbus38': ('>=', 1), 'vbus46': ('>=', 1), 'vbus47': ('>=', 1), 'vbus48': ('>=', 1), 'br2': ('>=', 1), 'br8': ('>=', 1), 'br18': ('>=', 1), 'br28': ('>=', 1), 'br59': ('>=', 1), 'br60': ('>=', 1), 'br61': ('>=', 1), 'br79': ('>=', 1), 'sys': ('>=', 1)}
Updated sys_vals: [50.911, 52.111, 52.271, 52.43, 52.546, 52.802, 52.944, 52.983, 52.99, 52.998, 53.108, 53.119, 53.122, 53.294, 53.35, 53.458, 53.47, 53.489, 53.505, 53.518, 53.534, 53.544, 53.55, 53.582, 53.584, 53.598, 53.63, 53.699, 53.71, 53.716, 53.718, 53.744, 53.745, 53.753, 53.758, 53.76, 53.789, 53.79, 53.794, 53.807, 53.81, 53.814, 53.824, 53.833, 53.834, 53.851, 53.854, 53.855, 53.856, 53.857, 53.865, 53.87, 53.877, 53.878, 53.88, 53.882, 53.883, 53.885, 53.894, 53.899, 53.901, 53.906, 53.909, 53.922, 53.923, 53.925, 53.932, 53.935, 53.945, 53.947, 53.949, 53.955, 53.957, 53.964, 53.968, 53.969, 53.973, 53.977, 53.978, 53.979, 53.981, 53.982, 53.989, 53.99, 53.993, 53.994, 53.995, 53.996, 53.998, 53.999, 54.004, 54.005, 54.011, 54.013, 54.016, 54.019, 54.021, 54.023, 54.024, 54.026, 54.028, 54.029, 54.033, 54.036, 54.037, 54.039, 54.041, 54.042, 54.043, 54.045, 54.047, 54.049, 54.051, 54.053, 54.055, 54.057, 54.061, 54.064, 54.067, 54.068, 54.069, 54.071, 54.072, 54.078, 54.08, 54.081, 54.082, 54.083, 54.087, 54.089, 54.09, 54.091, 54.092, 54.093, 54.094, 54.097, 54.099, 54.1, 54.11, 54.209, 54.218, 54.251, 54.325, 54.343, 54.378, 54.384, 54.445, 54.669, 54.721, 54.79, 54.989, 54.995, 55.076, 55.229, 55.444, 55.462, 55.661, 55.69, 56.402, 56.974, 57.199, 57.245, 57.28, 57.496, 63.249, 64.739]
---
Round: 217, Unk. prob.: 1.200e-04
Surv probs: 9.998e-01, Fail probs: 5.000e-05
No. of non-dominant rules: 216, Survival rules: 186, Failure rules: 30
Failure sample found from sampling.
No. of existing rules removed:  0
New rule added. System state: 0, System value: 54.189504. Total samples: 100000.
New rule (No. of conditions: 5): {'vbus1': ('<=', 0), 'vbus6': ('<=', 2), 'vbus8': ('<=', 1), 'vbus12': ('<=', 0), 'br39': ('<=', 0), 'sys': ('<=', 0)}
Updated sys_vals: [50.911, 52.111, 52.271, 52.43, 52.546, 52.802, 52.944, 52.983, 52.99, 52.998, 53.108, 53.119, 53.122, 53.294, 53.35, 53.458, 53.47, 53.489, 53.505, 53.518, 53.534, 53.544, 53.55, 53.582, 53.584, 53.598, 53.63, 53.699, 53.71, 53.716, 53.718, 53.744, 53.745, 53.753, 53.758, 53.76, 53.789, 53.79, 53.794, 53.807, 53.81, 53.814, 53.824, 53.833, 53.834, 53.851, 53.854, 53.855, 53.856, 53.857, 53.865, 53.87, 53.877, 53.878, 53.88, 53.882, 53.883, 53.885, 53.894, 53.899, 53.901, 53.906, 53.909, 53.922, 53.923, 53.925, 53.932, 53.935, 53.945, 53.947, 53.949, 53.955, 53.957, 53.964, 53.968, 53.969, 53.973, 53.977, 53.978, 53.979, 53.981, 53.982, 53.989, 53.99, 53.993, 53.994, 53.995, 53.996, 53.998, 53.999, 54.004, 54.005, 54.011, 54.013, 54.016, 54.019, 54.021, 54.023, 54.024, 54.026, 54.028, 54.029, 54.033, 54.036, 54.037, 54.039, 54.041, 54.042, 54.043, 54.045, 54.047, 54.049, 54.051, 54.053, 54.055, 54.057, 54.061, 54.064, 54.067, 54.068, 54.069, 54.071, 54.072, 54.078, 54.08, 54.081, 54.082, 54.083, 54.087, 54.089, 54.09, 54.091, 54.092, 54.093, 54.094, 54.097, 54.099, 54.1, 54.11, 54.19, 54.209, 54.218, 54.251, 54.325, 54.343, 54.378, 54.384, 54.445, 54.669, 54.721, 54.79, 54.989, 54.995, 55.076, 55.229, 55.444, 55.462, 55.661, 55.69, 56.402, 56.974, 57.199, 57.245, 57.28, 57.496, 63.249, 64.739]
---
Round: 218, Unk. prob.: 1.600e-04
Surv probs: 9.998e-01, Fail probs: 4.000e-05
No. of non-dominant rules: 217, Survival rules: 186, Failure rules: 31
Failure sample found from sampling.
No. of existing rules removed:  0
New rule added. System state: 0, System value: 54.711659. Total samples: 100000.
New rule (No. of conditions: 4): {'vbus9': ('<=', 0), 'vbus12': ('<=', 0), 'vbus52': ('<=', 0), 'br15': ('<=', 0), 'sys': ('<=', 0)}
Updated sys_vals: [50.911, 52.111, 52.271, 52.43, 52.546, 52.802, 52.944, 52.983, 52.99, 52.998, 53.108, 53.119, 53.122, 53.294, 53.35, 53.458, 53.47, 53.489, 53.505, 53.518, 53.534, 53.544, 53.55, 53.582, 53.584, 53.598, 53.63, 53.699, 53.71, 53.716, 53.718, 53.744, 53.745, 53.753, 53.758, 53.76, 53.789, 53.79, 53.794, 53.807, 53.81, 53.814, 53.824, 53.833, 53.834, 53.851, 53.854, 53.855, 53.856, 53.857, 53.865, 53.87, 53.877, 53.878, 53.88, 53.882, 53.883, 53.885, 53.894, 53.899, 53.901, 53.906, 53.909, 53.922, 53.923, 53.925, 53.932, 53.935, 53.945, 53.947, 53.949, 53.955, 53.957, 53.964, 53.968, 53.969, 53.973, 53.977, 53.978, 53.979, 53.981, 53.982, 53.989, 53.99, 53.993, 53.994, 53.995, 53.996, 53.998, 53.999, 54.004, 54.005, 54.011, 54.013, 54.016, 54.019, 54.021, 54.023, 54.024, 54.026, 54.028, 54.029, 54.033, 54.036, 54.037, 54.039, 54.041, 54.042, 54.043, 54.045, 54.047, 54.049, 54.051, 54.053, 54.055, 54.057, 54.061, 54.064, 54.067, 54.068, 54.069, 54.071, 54.072, 54.078, 54.08, 54.081, 54.082, 54.083, 54.087, 54.089, 54.09, 54.091, 54.092, 54.093, 54.094, 54.097, 54.099, 54.1, 54.11, 54.19, 54.209, 54.218, 54.251, 54.325, 54.343, 54.378, 54.384, 54.445, 54.669, 54.712, 54.721, 54.79, 54.989, 54.995, 55.076, 55.229, 55.444, 55.462, 55.661, 55.69, 56.402, 56.974, 57.199, 57.245, 57.28, 57.496, 63.249, 64.739]
---
Round: 219, Unk. prob.: 8.000e-05
Surv probs: 9.999e-01, Fail probs: 7.000e-05
No. of non-dominant rules: 218, Survival rules: 186, Failure rules: 32
Failure sample found from sampling.
No. of existing rules removed:  0
New rule added. System state: 0, System value: 55.211624. Total samples: 100000.
New rule (No. of conditions: 6): {'vbus1': ('<=', 1), 'vbus2': ('<=', 1), 'vbus6': ('<=', 2), 'vbus8': ('<=', 0), 'vbus9': ('<=', 2), 'vbus12': ('<=', 0), 'sys': ('<=', 0)}
Updated sys_vals: [50.911, 52.111, 52.271, 52.43, 52.546, 52.802, 52.944, 52.983, 52.99, 52.998, 53.108, 53.119, 53.122, 53.294, 53.35, 53.458, 53.47, 53.489, 53.505, 53.518, 53.534, 53.544, 53.55, 53.582, 53.584, 53.598, 53.63, 53.699, 53.71, 53.716, 53.718, 53.744, 53.745, 53.753, 53.758, 53.76, 53.789, 53.79, 53.794, 53.807, 53.81, 53.814, 53.824, 53.833, 53.834, 53.851, 53.854, 53.855, 53.856, 53.857, 53.865, 53.87, 53.877, 53.878, 53.88, 53.882, 53.883, 53.885, 53.894, 53.899, 53.901, 53.906, 53.909, 53.922, 53.923, 53.925, 53.932, 53.935, 53.945, 53.947, 53.949, 53.955, 53.957, 53.964, 53.968, 53.969, 53.973, 53.977, 53.978, 53.979, 53.981, 53.982, 53.989, 53.99, 53.993, 53.994, 53.995, 53.996, 53.998, 53.999, 54.004, 54.005, 54.011, 54.013, 54.016, 54.019, 54.021, 54.023, 54.024, 54.026, 54.028, 54.029, 54.033, 54.036, 54.037, 54.039, 54.041, 54.042, 54.043, 54.045, 54.047, 54.049, 54.051, 54.053, 54.055, 54.057, 54.061, 54.064, 54.067, 54.068, 54.069, 54.071, 54.072, 54.078, 54.08, 54.081, 54.082, 54.083, 54.087, 54.089, 54.09, 54.091, 54.092, 54.093, 54.094, 54.097, 54.099, 54.1, 54.11, 54.19, 54.209, 54.218, 54.251, 54.325, 54.343, 54.378, 54.384, 54.445, 54.669, 54.712, 54.721, 54.79, 54.989, 54.995, 55.076, 55.212, 55.229, 55.444, 55.462, 55.661, 55.69, 56.402, 56.974, 57.199, 57.245, 57.28, 57.496, 63.249, 64.739]
---
Round: 220, Unk. prob.: 1.300e-04
Surv probs: 9.998e-01, Fail probs: 6.000e-05
No. of non-dominant rules: 219, Survival rules: 186, Failure rules: 33
Survival sample found from sampling.
No. of existing rules removed:  0
New rule added. System state: 1, System value: 53.709626. Total samples: 100000.
New rule (No. of conditions: 8): {'vbus1': ('>=', 1), 'vbus3': ('>=', 1), 'vbus6': ('>=', 2), 'vbus9': ('>=', 2), 'vbus12': ('>=', 2), 'vbus26': ('>=', 1), 'vbus27': ('>=', 1), 'br38': ('>=', 1), 'sys': ('>=', 1)}
---
Round: 221, Unk. prob.: 1.100e-04
Surv probs: 9.998e-01, Fail probs: 6.000e-05
No. of non-dominant rules: 220, Survival rules: 187, Failure rules: 33
Failure sample found from sampling.
No. of existing rules removed:  0
New rule added. System state: 0, System value: 54.222028. Total samples: 100000.
New rule (No. of conditions: 4): {'vbus6': ('<=', 2), 'vbus8': ('<=', 0), 'vbus12': ('<=', 0), 'vbus17': ('<=', 0), 'sys': ('<=', 0)}
Updated sys_vals: [50.911, 52.111, 52.271, 52.43, 52.546, 52.802, 52.944, 52.983, 52.99, 52.998, 53.108, 53.119, 53.122, 53.294, 53.35, 53.458, 53.47, 53.489, 53.505, 53.518, 53.534, 53.544, 53.55, 53.582, 53.584, 53.598, 53.63, 53.699, 53.71, 53.716, 53.718, 53.744, 53.745, 53.753, 53.758, 53.76, 53.789, 53.79, 53.794, 53.807, 53.81, 53.814, 53.824, 53.833, 53.834, 53.851, 53.854, 53.855, 53.856, 53.857, 53.865, 53.87, 53.877, 53.878, 53.88, 53.882, 53.883, 53.885, 53.894, 53.899, 53.901, 53.906, 53.909, 53.922, 53.923, 53.925, 53.932, 53.935, 53.945, 53.947, 53.949, 53.955, 53.957, 53.964, 53.968, 53.969, 53.973, 53.977, 53.978, 53.979, 53.981, 53.982, 53.989, 53.99, 53.993, 53.994, 53.995, 53.996, 53.998, 53.999, 54.004, 54.005, 54.011, 54.013, 54.016, 54.019, 54.021, 54.023, 54.024, 54.026, 54.028, 54.029, 54.033, 54.036, 54.037, 54.039, 54.041, 54.042, 54.043, 54.045, 54.047, 54.049, 54.051, 54.053, 54.055, 54.057, 54.061, 54.064, 54.067, 54.068, 54.069, 54.071, 54.072, 54.078, 54.08, 54.081, 54.082, 54.083, 54.087, 54.089, 54.09, 54.091, 54.092, 54.093, 54.094, 54.097, 54.099, 54.1, 54.11, 54.19, 54.209, 54.218, 54.222, 54.251, 54.325, 54.343, 54.378, 54.384, 54.445, 54.669, 54.712, 54.721, 54.79, 54.989, 54.995, 55.076, 55.212, 55.229, 55.444, 55.462, 55.661, 55.69, 56.402, 56.974, 57.199, 57.245, 57.28, 57.496, 63.249, 64.739]
---
Round: 222, Unk. prob.: 1.300e-04
Surv probs: 9.998e-01, Fail probs: 5.000e-05
No. of non-dominant rules: 221, Survival rules: 187, Failure rules: 34
Survival sample found from sampling.
No. of existing rules removed:  0
New rule added. System state: 1, System value: 53.969091. Total samples: 100000.
New rule (No. of conditions: 13): {'vbus3': ('>=', 2), 'vbus6': ('>=', 1), 'vbus8': ('>=', 1), 'vbus9': ('>=', 1), 'vbus12': ('>=', 1), 'vbus13': ('>=', 1), 'vbus15': ('>=', 1), 'vbus49': ('>=', 1), 'br8': ('>=', 1), 'br14': ('>=', 1), 'br18': ('>=', 1), 'br25': ('>=', 1), 'br66': ('>=', 1), 'sys': ('>=', 1)}
---
Round: 223, Unk. prob.: 1.200e-04
Surv probs: 9.998e-01, Fail probs: 7.000e-05
No. of non-dominant rules: 222, Survival rules: 188, Failure rules: 34
Survival sample found from sampling.
No. of existing rules removed:  0
New rule added. System state: 1, System value: 54.085385. Total samples: 100000.
New rule (No. of conditions: 50): {'vbus1': ('>=', 1), 'vbus2': ('>=', 1), 'vbus3': ('>=', 1), 'vbus4': ('>=', 1), 'vbus5': ('>=', 1), 'vbus7': ('>=', 1), 'vbus8': ('>=', 1), 'vbus9': ('>=', 3), 'vbus10': ('>=', 1), 'vbus11': ('>=', 1), 'vbus13': ('>=', 1), 'vbus14': ('>=', 1), 'vbus15': ('>=', 1), 'vbus22': ('>=', 1), 'vbus23': ('>=', 1), 'vbus29': ('>=', 1), 'vbus38': ('>=', 1), 'vbus41': ('>=', 1), 'vbus43': ('>=', 1), 'vbus44': ('>=', 1), 'vbus45': ('>=', 1), 'vbus46': ('>=', 1), 'vbus47': ('>=', 1), 'vbus49': ('>=', 1), 'vbus51': ('>=', 1), 'vbus52': ('>=', 1), 'vbus56': ('>=', 1), 'br3': ('>=', 1), 'br4': ('>=', 1), 'br8': ('>=', 1), 'br9': ('>=', 1), 'br14': ('>=', 1), 'br15': ('>=', 1), 'br22': ('>=', 1), 'br24': ('>=', 1), 'br28': ('>=', 1), 'br33': ('>=', 1), 'br41': ('>=', 1), 'br53': ('>=', 1), 'br54': ('>=', 1), 'br56': ('>=', 1), 'br57': ('>=', 1), 'br58': ('>=', 1), 'br59': ('>=', 1), 'br60': ('>=', 1), 'br65': ('>=', 1), 'br66': ('>=', 1), 'br67': ('>=', 1), 'br72': ('>=', 1), 'br74': ('>=', 1), 'sys': ('>=', 1)}
Updated sys_vals: [50.911, 52.111, 52.271, 52.43, 52.546, 52.802, 52.944, 52.983, 52.99, 52.998, 53.108, 53.119, 53.122, 53.294, 53.35, 53.458, 53.47, 53.489, 53.505, 53.518, 53.534, 53.544, 53.55, 53.582, 53.584, 53.598, 53.63, 53.699, 53.71, 53.716, 53.718, 53.744, 53.745, 53.753, 53.758, 53.76, 53.789, 53.79, 53.794, 53.807, 53.81, 53.814, 53.824, 53.833, 53.834, 53.851, 53.854, 53.855, 53.856, 53.857, 53.865, 53.87, 53.877, 53.878, 53.88, 53.882, 53.883, 53.885, 53.894, 53.899, 53.901, 53.906, 53.909, 53.922, 53.923, 53.925, 53.932, 53.935, 53.945, 53.947, 53.949, 53.955, 53.957, 53.964, 53.968, 53.969, 53.973, 53.977, 53.978, 53.979, 53.981, 53.982, 53.989, 53.99, 53.993, 53.994, 53.995, 53.996, 53.998, 53.999, 54.004, 54.005, 54.011, 54.013, 54.016, 54.019, 54.021, 54.023, 54.024, 54.026, 54.028, 54.029, 54.033, 54.036, 54.037, 54.039, 54.041, 54.042, 54.043, 54.045, 54.047, 54.049, 54.051, 54.053, 54.055, 54.057, 54.061, 54.064, 54.067, 54.068, 54.069, 54.071, 54.072, 54.078, 54.08, 54.081, 54.082, 54.083, 54.085, 54.087, 54.089, 54.09, 54.091, 54.092, 54.093, 54.094, 54.097, 54.099, 54.1, 54.11, 54.19, 54.209, 54.218, 54.222, 54.251, 54.325, 54.343, 54.378, 54.384, 54.445, 54.669, 54.712, 54.721, 54.79, 54.989, 54.995, 55.076, 55.212, 55.229, 55.444, 55.462, 55.661, 55.69, 56.402, 56.974, 57.199, 57.245, 57.28, 57.496, 63.249, 64.739]
---
Round: 224, Unk. prob.: 8.000e-05
Surv probs: 9.998e-01, Fail probs: 1.200e-04
No. of non-dominant rules: 223, Survival rules: 189, Failure rules: 34
Survival sample found from sampling.
No. of existing rules removed:  0
New rule added. System state: 1, System value: 54.015827. Total samples: 100000.
New rule (No. of conditions: 28): {'vbus1': ('>=', 1), 'vbus3': ('>=', 1), 'vbus4': ('>=', 1), 'vbus6': ('>=', 2), 'vbus7': ('>=', 1), 'vbus8': ('>=', 1), 'vbus9': ('>=', 2), 'vbus10': ('>=', 1), 'vbus13': ('>=', 1), 'vbus16': ('>=', 1), 'vbus17': ('>=', 1), 'vbus27': ('>=', 1), 'vbus28': ('>=', 1), 'vbus29': ('>=', 1), 'vbus52': ('>=', 1), 'br3': ('>=', 1), 'br5': ('>=', 1), 'br7': ('>=', 1), 'br8': ('>=', 1), 'br9': ('>=', 1), 'br12': ('>=', 1), 'br16': ('>=', 1), 'br17': ('>=', 1), 'br22': ('>=', 1), 'br39': ('>=', 1), 'br40': ('>=', 1), 'br41': ('>=', 1), 'br67': ('>=', 1), 'sys': ('>=', 1)}
---
Round: 225, Unk. prob.: 1.400e-04
Surv probs: 9.998e-01, Fail probs: 4.000e-05
No. of non-dominant rules: 224, Survival rules: 190, Failure rules: 34
Survival sample found from sampling.
No. of existing rules removed:  0
New rule added. System state: 1, System value: 54.04904. Total samples: 100000.
New rule (No. of conditions: 12): {'vbus1': ('>=', 1), 'vbus6': ('>=', 1), 'vbus10': ('>=', 1), 'vbus12': ('>=', 3), 'vbus13': ('>=', 1), 'vbus16': ('>=', 1), 'vbus17': ('>=', 1), 'br16': ('>=', 1), 'br23': ('>=', 1), 'br25': ('>=', 1), 'br26': ('>=', 1), 'br27': ('>=', 1), 'sys': ('>=', 1)}
---
Round: 226, Unk. prob.: 1.500e-04
Surv probs: 9.998e-01, Fail probs: 8.000e-05
No. of non-dominant rules: 225, Survival rules: 191, Failure rules: 34
Survival sample found from sampling.
No. of existing rules removed:  0
New rule added. System state: 1, System value: 53.974761. Total samples: 100000.
New rule (No. of conditions: 23): {'vbus2': ('>=', 1), 'vbus3': ('>=', 3), 'vbus4': ('>=', 1), 'vbus6': ('>=', 1), 'vbus9': ('>=', 1), 'vbus11': ('>=', 1), 'vbus12': ('>=', 2), 'vbus13': ('>=', 1), 'vbus15': ('>=', 1), 'vbus18': ('>=', 1), 'vbus41': ('>=', 1), 'vbus42': ('>=', 1), 'br2': ('>=', 1), 'br3': ('>=', 1), 'br5': ('>=', 1), 'br12': ('>=', 1), 'br14': ('>=', 1), 'br18': ('>=', 1), 'br19': ('>=', 1), 'br24': ('>=', 1), 'br25': ('>=', 1), 'br54': ('>=', 1), 'br55': ('>=', 1), 'sys': ('>=', 1)}
Updated sys_vals: [50.911, 52.111, 52.271, 52.43, 52.546, 52.802, 52.944, 52.983, 52.99, 52.998, 53.108, 53.119, 53.122, 53.294, 53.35, 53.458, 53.47, 53.489, 53.505, 53.518, 53.534, 53.544, 53.55, 53.582, 53.584, 53.598, 53.63, 53.699, 53.71, 53.716, 53.718, 53.744, 53.745, 53.753, 53.758, 53.76, 53.789, 53.79, 53.794, 53.807, 53.81, 53.814, 53.824, 53.833, 53.834, 53.851, 53.854, 53.855, 53.856, 53.857, 53.865, 53.87, 53.877, 53.878, 53.88, 53.882, 53.883, 53.885, 53.894, 53.899, 53.901, 53.906, 53.909, 53.922, 53.923, 53.925, 53.932, 53.935, 53.945, 53.947, 53.949, 53.955, 53.957, 53.964, 53.968, 53.969, 53.973, 53.975, 53.977, 53.978, 53.979, 53.981, 53.982, 53.989, 53.99, 53.993, 53.994, 53.995, 53.996, 53.998, 53.999, 54.004, 54.005, 54.011, 54.013, 54.016, 54.019, 54.021, 54.023, 54.024, 54.026, 54.028, 54.029, 54.033, 54.036, 54.037, 54.039, 54.041, 54.042, 54.043, 54.045, 54.047, 54.049, 54.051, 54.053, 54.055, 54.057, 54.061, 54.064, 54.067, 54.068, 54.069, 54.071, 54.072, 54.078, 54.08, 54.081, 54.082, 54.083, 54.085, 54.087, 54.089, 54.09, 54.091, 54.092, 54.093, 54.094, 54.097, 54.099, 54.1, 54.11, 54.19, 54.209, 54.218, 54.222, 54.251, 54.325, 54.343, 54.378, 54.384, 54.445, 54.669, 54.712, 54.721, 54.79, 54.989, 54.995, 55.076, 55.212, 55.229, 55.444, 55.462, 55.661, 55.69, 56.402, 56.974, 57.199, 57.245, 57.28, 57.496, 63.249, 64.739]
---
Round: 227, Unk. prob.: 1.500e-04
Surv probs: 9.998e-01, Fail probs: 9.000e-05
No. of non-dominant rules: 226, Survival rules: 192, Failure rules: 34
Survival sample found from sampling.
No. of existing rules removed:  0
New rule added. System state: 1, System value: 54.044586. Total samples: 100000.
New rule (No. of conditions: 31): {'vbus1': ('>=', 1), 'vbus2': ('>=', 1), 'vbus3': ('>=', 1), 'vbus4': ('>=', 1), 'vbus6': ('>=', 3), 'vbus8': ('>=', 2), 'vbus9': ('>=', 1), 'vbus11': ('>=', 1), 'vbus13': ('>=', 1), 'vbus14': ('>=', 1), 'vbus15': ('>=', 1), 'vbus18': ('>=', 1), 'vbus43': ('>=', 1), 'vbus46': ('>=', 1), 'vbus47': ('>=', 1), 'vbus53': ('>=', 1), 'vbus54': ('>=', 1), 'vbus55': ('>=', 1), 'br5': ('>=', 1), 'br8': ('>=', 1), 'br14': ('>=', 1), 'br15': ('>=', 1), 'br20': ('>=', 1), 'br24': ('>=', 1), 'br28': ('>=', 1), 'br59': ('>=', 1), 'br60': ('>=', 1), 'br69': ('>=', 1), 'br70': ('>=', 1), 'br71': ('>=', 1), 'br80': ('>=', 1), 'sys': ('>=', 1)}
---
Round: 228, Unk. prob.: 1.200e-04
Surv probs: 9.999e-01, Fail probs: 3.000e-05
No. of non-dominant rules: 227, Survival rules: 193, Failure rules: 34
Survival sample found from sampling.
No. of existing rules removed:  0
New rule added. System state: 1, System value: 54.055802. Total samples: 100000.
New rule (No. of conditions: 29): {'vbus1': ('>=', 1), 'vbus2': ('>=', 1), 'vbus3': ('>=', 2), 'vbus4': ('>=', 1), 'vbus6': ('>=', 1), 'vbus7': ('>=', 1), 'vbus8': ('>=', 1), 'vbus9': ('>=', 3), 'vbus13': ('>=', 1), 'vbus14': ('>=', 1), 'vbus15': ('>=', 1), 'vbus16': ('>=', 1), 'vbus18': ('>=', 1), 'vbus19': ('>=', 1), 'vbus20': ('>=', 1), 'vbus29': ('>=', 1), 'br2': ('>=', 1), 'br3': ('>=', 1), 'br6': ('>=', 1), 'br12': ('>=', 1), 'br13': ('>=', 1), 'br16': ('>=', 1), 'br18': ('>=', 1), 'br20': ('>=', 1), 'br22': ('>=', 1), 'br28': ('>=', 1), 'br29': ('>=', 1), 'br30': ('>=', 1), 'br41': ('>=', 1), 'sys': ('>=', 1)}
Updated sys_vals: [50.911, 52.111, 52.271, 52.43, 52.546, 52.802, 52.944, 52.983, 52.99, 52.998, 53.108, 53.119, 53.122, 53.294, 53.35, 53.458, 53.47, 53.489, 53.505, 53.518, 53.534, 53.544, 53.55, 53.582, 53.584, 53.598, 53.63, 53.699, 53.71, 53.716, 53.718, 53.744, 53.745, 53.753, 53.758, 53.76, 53.789, 53.79, 53.794, 53.807, 53.81, 53.814, 53.824, 53.833, 53.834, 53.851, 53.854, 53.855, 53.856, 53.857, 53.865, 53.87, 53.877, 53.878, 53.88, 53.882, 53.883, 53.885, 53.894, 53.899, 53.901, 53.906, 53.909, 53.922, 53.923, 53.925, 53.932, 53.935, 53.945, 53.947, 53.949, 53.955, 53.957, 53.964, 53.968, 53.969, 53.973, 53.975, 53.977, 53.978, 53.979, 53.981, 53.982, 53.989, 53.99, 53.993, 53.994, 53.995, 53.996, 53.998, 53.999, 54.004, 54.005, 54.011, 54.013, 54.016, 54.019, 54.021, 54.023, 54.024, 54.026, 54.028, 54.029, 54.033, 54.036, 54.037, 54.039, 54.041, 54.042, 54.043, 54.045, 54.047, 54.049, 54.051, 54.053, 54.055, 54.056, 54.057, 54.061, 54.064, 54.067, 54.068, 54.069, 54.071, 54.072, 54.078, 54.08, 54.081, 54.082, 54.083, 54.085, 54.087, 54.089, 54.09, 54.091, 54.092, 54.093, 54.094, 54.097, 54.099, 54.1, 54.11, 54.19, 54.209, 54.218, 54.222, 54.251, 54.325, 54.343, 54.378, 54.384, 54.445, 54.669, 54.712, 54.721, 54.79, 54.989, 54.995, 55.076, 55.212, 55.229, 55.444, 55.462, 55.661, 55.69, 56.402, 56.974, 57.199, 57.245, 57.28, 57.496, 63.249, 64.739]
---
Round: 229, Unk. prob.: 1.600e-04
Surv probs: 9.998e-01, Fail probs: 8.000e-05
No. of non-dominant rules: 228, Survival rules: 194, Failure rules: 34
Survival sample found from sampling.
No. of existing rules removed:  0
New rule added. System state: 1, System value: 54.071155. Total samples: 100000.
New rule (No. of conditions: 35): {'vbus2': ('>=', 3), 'vbus3': ('>=', 1), 'vbus4': ('>=', 1), 'vbus7': ('>=', 1), 'vbus8': ('>=', 1), 'vbus9': ('>=', 2), 'vbus12': ('>=', 1), 'vbus13': ('>=', 1), 'vbus15': ('>=', 1), 'vbus18': ('>=', 1), 'vbus19': ('>=', 1), 'vbus23': ('>=', 1), 'vbus24': ('>=', 1), 'vbus26': ('>=', 1), 'vbus27': ('>=', 1), 'vbus28': ('>=', 1), 'vbus29': ('>=', 1), 'vbus38': ('>=', 1), 'vbus49': ('>=', 1), 'br2': ('>=', 1), 'br3': ('>=', 1), 'br12': ('>=', 1), 'br14': ('>=', 1), 'br18': ('>=', 1), 'br20': ('>=', 1), 'br22': ('>=', 1), 'br29': ('>=', 1), 'br34': ('>=', 1), 'br37': ('>=', 1), 'br38': ('>=', 1), 'br39': ('>=', 1), 'br40': ('>=', 1), 'br41': ('>=', 1), 'br66': ('>=', 1), 'br78': ('>=', 1), 'sys': ('>=', 1)}
---
Round: 230, Unk. prob.: 1.300e-04
Surv probs: 9.999e-01, Fail probs: 2.000e-05
No. of non-dominant rules: 229, Survival rules: 195, Failure rules: 34
Survival sample found from sampling.
No. of existing rules removed:  0
New rule added. System state: 1, System value: 53.663954. Total samples: 100000.
New rule (No. of conditions: 23): {'vbus1': ('>=', 1), 'vbus3': ('>=', 2), 'vbus4': ('>=', 1), 'vbus6': ('>=', 2), 'vbus12': ('>=', 1), 'vbus13': ('>=', 1), 'vbus15': ('>=', 1), 'vbus16': ('>=', 1), 'vbus17': ('>=', 1), 'vbus18': ('>=', 1), 'vbus19': ('>=', 1), 'vbus20': ('>=', 1), 'vbus49': ('>=', 1), 'vbus50': ('>=', 1), 'br3': ('>=', 1), 'br14': ('>=', 1), 'br16': ('>=', 1), 'br17': ('>=', 1), 'br18': ('>=', 1), 'br20': ('>=', 1), 'br27': ('>=', 1), 'br30': ('>=', 1), 'br66': ('>=', 1), 'sys': ('>=', 1)}
Updated sys_vals: [50.911, 52.111, 52.271, 52.43, 52.546, 52.802, 52.944, 52.983, 52.99, 52.998, 53.108, 53.119, 53.122, 53.294, 53.35, 53.458, 53.47, 53.489, 53.505, 53.518, 53.534, 53.544, 53.55, 53.582, 53.584, 53.598, 53.63, 53.664, 53.699, 53.71, 53.716, 53.718, 53.744, 53.745, 53.753, 53.758, 53.76, 53.789, 53.79, 53.794, 53.807, 53.81, 53.814, 53.824, 53.833, 53.834, 53.851, 53.854, 53.855, 53.856, 53.857, 53.865, 53.87, 53.877, 53.878, 53.88, 53.882, 53.883, 53.885, 53.894, 53.899, 53.901, 53.906, 53.909, 53.922, 53.923, 53.925, 53.932, 53.935, 53.945, 53.947, 53.949, 53.955, 53.957, 53.964, 53.968, 53.969, 53.973, 53.975, 53.977, 53.978, 53.979, 53.981, 53.982, 53.989, 53.99, 53.993, 53.994, 53.995, 53.996, 53.998, 53.999, 54.004, 54.005, 54.011, 54.013, 54.016, 54.019, 54.021, 54.023, 54.024, 54.026, 54.028, 54.029, 54.033, 54.036, 54.037, 54.039, 54.041, 54.042, 54.043, 54.045, 54.047, 54.049, 54.051, 54.053, 54.055, 54.056, 54.057, 54.061, 54.064, 54.067, 54.068, 54.069, 54.071, 54.072, 54.078, 54.08, 54.081, 54.082, 54.083, 54.085, 54.087, 54.089, 54.09, 54.091, 54.092, 54.093, 54.094, 54.097, 54.099, 54.1, 54.11, 54.19, 54.209, 54.218, 54.222, 54.251, 54.325, 54.343, 54.378, 54.384, 54.445, 54.669, 54.712, 54.721, 54.79, 54.989, 54.995, 55.076, 55.212, 55.229, 55.444, 55.462, 55.661, 55.69, 56.402, 56.974, 57.199, 57.245, 57.28, 57.496, 63.249, 64.739]
---
Round: 231, Unk. prob.: 1.000e-04
Surv probs: 9.998e-01, Fail probs: 8.000e-05
No. of non-dominant rules: 230, Survival rules: 196, Failure rules: 34
Survival sample found from sampling.
No. of existing rules removed:  0
New rule added. System state: 1, System value: 54.082657. Total samples: 100000.
New rule (No. of conditions: 46): {'vbus1': ('>=', 2), 'vbus2': ('>=', 1), 'vbus3': ('>=', 1), 'vbus8': ('>=', 1), 'vbus9': ('>=', 1), 'vbus11': ('>=', 1), 'vbus13': ('>=', 1), 'vbus14': ('>=', 1), 'vbus15': ('>=', 1), 'vbus16': ('>=', 1), 'vbus17': ('>=', 1), 'vbus31': ('>=', 1), 'vbus32': ('>=', 1), 'vbus33': ('>=', 1), 'vbus34': ('>=', 1), 'vbus35': ('>=', 1), 'vbus36': ('>=', 1), 'vbus37': ('>=', 1), 'vbus38': ('>=', 1), 'vbus41': ('>=', 1), 'vbus42': ('>=', 1), 'vbus44': ('>=', 1), 'vbus45': ('>=', 1), 'vbus46': ('>=', 1), 'vbus47': ('>=', 1), 'br8': ('>=', 1), 'br13': ('>=', 1), 'br15': ('>=', 1), 'br16': ('>=', 1), 'br17': ('>=', 1), 'br24': ('>=', 1), 'br28': ('>=', 1), 'br44': ('>=', 1), 'br45': ('>=', 1), 'br46': ('>=', 1), 'br47': ('>=', 1), 'br48': ('>=', 1), 'br49': ('>=', 1), 'br50': ('>=', 1), 'br54': ('>=', 1), 'br55': ('>=', 1), 'br57': ('>=', 1), 'br58': ('>=', 1), 'br59': ('>=', 1), 'br60': ('>=', 1), 'br72': ('>=', 1), 'sys': ('>=', 1)}
---
Round: 232, Unk. prob.: 2.200e-04
Surv probs: 9.998e-01, Fail probs: 3.000e-05
No. of non-dominant rules: 231, Survival rules: 197, Failure rules: 34
Survival sample found from sampling.
No. of existing rules removed:  0
New rule added. System state: 1, System value: 52.430445. Total samples: 100000.
New rule (No. of conditions: 8): {'vbus1': ('>=', 1), 'vbus3': ('>=', 1), 'vbus6': ('>=', 1), 'vbus9': ('>=', 1), 'vbus12': ('>=', 2), 'vbus17': ('>=', 1), 'br17': ('>=', 1), 'br27': ('>=', 1), 'sys': ('>=', 1)}
---
Round: 233, Unk. prob.: 1.300e-04
Surv probs: 9.998e-01, Fail probs: 9.000e-05
No. of non-dominant rules: 232, Survival rules: 198, Failure rules: 34
Failure sample found from sampling.
No. of existing rules removed:  0
New rule added. System state: 0, System value: 54.208884. Total samples: 100000.
New rule (No. of conditions: 4): {'vbus8': ('<=', 0), 'vbus9': ('<=', 2), 'vbus12': ('<=', 0), 'br6': ('<=', 0), 'sys': ('<=', 0)}
---
Round: 234, Unk. prob.: 7.000e-05
Surv probs: 9.998e-01, Fail probs: 1.100e-04
No. of non-dominant rules: 233, Survival rules: 198, Failure rules: 35
Survival sample found from sampling.
No. of existing rules removed:  0
New rule added. System state: 1, System value: 53.998052. Total samples: 100000.
New rule (No. of conditions: 55): {'vbus1': ('>=', 1), 'vbus2': ('>=', 1), 'vbus3': ('>=', 3), 'vbus4': ('>=', 1), 'vbus5': ('>=', 1), 'vbus6': ('>=', 3), 'vbus7': ('>=', 1), 'vbus9': ('>=', 2), 'vbus11': ('>=', 1), 'vbus13': ('>=', 1), 'vbus14': ('>=', 1), 'vbus15': ('>=', 1), 'vbus16': ('>=', 1), 'vbus17': ('>=', 1), 'vbus18': ('>=', 1), 'vbus19': ('>=', 1), 'vbus29': ('>=', 1), 'vbus35': ('>=', 1), 'vbus36': ('>=', 1), 'vbus37': ('>=', 1), 'vbus38': ('>=', 1), 'vbus46': ('>=', 1), 'vbus47': ('>=', 1), 'vbus48': ('>=', 1), 'vbus49': ('>=', 1), 'vbus50': ('>=', 1), 'vbus52': ('>=', 1), 'vbus53': ('>=', 1), 'br1': ('>=', 1), 'br3': ('>=', 1), 'br4': ('>=', 1), 'br5': ('>=', 1), 'br6': ('>=', 1), 'br10': ('>=', 1), 'br14': ('>=', 1), 'br15': ('>=', 1), 'br16': ('>=', 1), 'br17': ('>=', 1), 'br18': ('>=', 1), 'br20': ('>=', 1), 'br24': ('>=', 1), 'br28': ('>=', 1), 'br29': ('>=', 1), 'br41': ('>=', 1), 'br48': ('>=', 1), 'br49': ('>=', 1), 'br50': ('>=', 1), 'br59': ('>=', 1), 'br60': ('>=', 1), 'br61': ('>=', 1), 'br63': ('>=', 1), 'br66': ('>=', 1), 'br67': ('>=', 1), 'br68': ('>=', 1), 'br79': ('>=', 1), 'sys': ('>=', 1)}
---
Round: 235, Unk. prob.: 1.100e-04
Surv probs: 9.998e-01, Fail probs: 5.000e-05
No. of non-dominant rules: 234, Survival rules: 199, Failure rules: 35
Survival sample found from sampling.
No. of existing rules removed:  0
New rule added. System state: 1, System value: 54.023527. Total samples: 100000.
New rule (No. of conditions: 62): {'vbus1': ('>=', 1), 'vbus2': ('>=', 3), 'vbus3': ('>=', 2), 'vbus4': ('>=', 1), 'vbus5': ('>=', 1), 'vbus6': ('>=', 2), 'vbus7': ('>=', 1), 'vbus9': ('>=', 2), 'vbus11': ('>=', 1), 'vbus13': ('>=', 1), 'vbus14': ('>=', 1), 'vbus15': ('>=', 1), 'vbus16': ('>=', 1), 'vbus17': ('>=', 1), 'vbus18': ('>=', 1), 'vbus19': ('>=', 1), 'vbus20': ('>=', 1), 'vbus29': ('>=', 1), 'vbus31': ('>=', 1), 'vbus32': ('>=', 1), 'vbus35': ('>=', 1), 'vbus36': ('>=', 1), 'vbus37': ('>=', 1), 'vbus38': ('>=', 1), 'vbus41': ('>=', 1), 'vbus42': ('>=', 1), 'vbus43': ('>=', 1), 'vbus44': ('>=', 1), 'vbus45': ('>=', 1), 'vbus46': ('>=', 1), 'vbus47': ('>=', 1), 'vbus49': ('>=', 1), 'vbus50': ('>=', 1), 'br1': ('>=', 1), 'br3': ('>=', 1), 'br4': ('>=', 1), 'br5': ('>=', 1), 'br6': ('>=', 1), 'br12': ('>=', 1), 'br14': ('>=', 1), 'br15': ('>=', 1), 'br16': ('>=', 1), 'br17': ('>=', 1), 'br20': ('>=', 1), 'br24': ('>=', 1), 'br28': ('>=', 1), 'br29': ('>=', 1), 'br30': ('>=', 1), 'br41': ('>=', 1), 'br48': ('>=', 1), 'br49': ('>=', 1), 'br50': ('>=', 1), 'br54': ('>=', 1), 'br55': ('>=', 1), 'br56': ('>=', 1), 'br57': ('>=', 1), 'br58': ('>=', 1), 'br59': ('>=', 1), 'br60': ('>=', 1), 'br63': ('>=', 1), 'br66': ('>=', 1), 'br72': ('>=', 1), 'sys': ('>=', 1)}
---
Round: 236, Unk. prob.: 1.600e-04
Surv probs: 9.998e-01, Fail probs: 9.000e-05
No. of non-dominant rules: 235, Survival rules: 200, Failure rules: 35
Failure sample found from sampling.
No. of existing rules removed:  0
New rule added. System state: 0, System value: 56.230743. Total samples: 100000.
New rule (No. of conditions: 3): {'vbus1': ('<=', 0), 'vbus12': ('<=', 0), 'vbus15': ('<=', 0), 'sys': ('<=', 0)}
Updated sys_vals: [50.911, 52.111, 52.271, 52.43, 52.546, 52.802, 52.944, 52.983, 52.99, 52.998, 53.108, 53.119, 53.122, 53.294, 53.35, 53.458, 53.47, 53.489, 53.505, 53.518, 53.534, 53.544, 53.55, 53.582, 53.584, 53.598, 53.63, 53.664, 53.699, 53.71, 53.716, 53.718, 53.744, 53.745, 53.753, 53.758, 53.76, 53.789, 53.79, 53.794, 53.807, 53.81, 53.814, 53.824, 53.833, 53.834, 53.851, 53.854, 53.855, 53.856, 53.857, 53.865, 53.87, 53.877, 53.878, 53.88, 53.882, 53.883, 53.885, 53.894, 53.899, 53.901, 53.906, 53.909, 53.922, 53.923, 53.925, 53.932, 53.935, 53.945, 53.947, 53.949, 53.955, 53.957, 53.964, 53.968, 53.969, 53.973, 53.975, 53.977, 53.978, 53.979, 53.981, 53.982, 53.989, 53.99, 53.993, 53.994, 53.995, 53.996, 53.998, 53.999, 54.004, 54.005, 54.011, 54.013, 54.016, 54.019, 54.021, 54.023, 54.024, 54.026, 54.028, 54.029, 54.033, 54.036, 54.037, 54.039, 54.041, 54.042, 54.043, 54.045, 54.047, 54.049, 54.051, 54.053, 54.055, 54.056, 54.057, 54.061, 54.064, 54.067, 54.068, 54.069, 54.071, 54.072, 54.078, 54.08, 54.081, 54.082, 54.083, 54.085, 54.087, 54.089, 54.09, 54.091, 54.092, 54.093, 54.094, 54.097, 54.099, 54.1, 54.11, 54.19, 54.209, 54.218, 54.222, 54.251, 54.325, 54.343, 54.378, 54.384, 54.445, 54.669, 54.712, 54.721, 54.79, 54.989, 54.995, 55.076, 55.212, 55.229, 55.444, 55.462, 55.661, 55.69, 56.231, 56.402, 56.974, 57.199, 57.245, 57.28, 57.496, 63.249, 64.739]
---
Round: 237, Unk. prob.: 1.800e-04
Surv probs: 9.998e-01, Fail probs: 7.000e-05
No. of non-dominant rules: 236, Survival rules: 200, Failure rules: 36
Survival sample found from sampling.
No. of existing rules removed:  0
New rule added. System state: 1, System value: 53.888681. Total samples: 100000.
New rule (No. of conditions: 22): {'vbus1': ('>=', 1), 'vbus2': ('>=', 1), 'vbus3': ('>=', 1), 'vbus4': ('>=', 1), 'vbus6': ('>=', 1), 'vbus8': ('>=', 1), 'vbus9': ('>=', 1), 'vbus13': ('>=', 1), 'vbus15': ('>=', 1), 'vbus16': ('>=', 1), 'vbus17': ('>=', 1), 'vbus18': ('>=', 1), 'br1': ('>=', 1), 'br2': ('>=', 1), 'br3': ('>=', 1), 'br5': ('>=', 1), 'br8': ('>=', 1), 'br14': ('>=', 1), 'br16': ('>=', 1), 'br17': ('>=', 1), 'br18': ('>=', 1), 'br20': ('>=', 1), 'sys': ('>=', 1)}
Updated sys_vals: [50.911, 52.111, 52.271, 52.43, 52.546, 52.802, 52.944, 52.983, 52.99, 52.998, 53.108, 53.119, 53.122, 53.294, 53.35, 53.458, 53.47, 53.489, 53.505, 53.518, 53.534, 53.544, 53.55, 53.582, 53.584, 53.598, 53.63, 53.664, 53.699, 53.71, 53.716, 53.718, 53.744, 53.745, 53.753, 53.758, 53.76, 53.789, 53.79, 53.794, 53.807, 53.81, 53.814, 53.824, 53.833, 53.834, 53.851, 53.854, 53.855, 53.856, 53.857, 53.865, 53.87, 53.877, 53.878, 53.88, 53.882, 53.883, 53.885, 53.889, 53.894, 53.899, 53.901, 53.906, 53.909, 53.922, 53.923, 53.925, 53.932, 53.935, 53.945, 53.947, 53.949, 53.955, 53.957, 53.964, 53.968, 53.969, 53.973, 53.975, 53.977, 53.978, 53.979, 53.981, 53.982, 53.989, 53.99, 53.993, 53.994, 53.995, 53.996, 53.998, 53.999, 54.004, 54.005, 54.011, 54.013, 54.016, 54.019, 54.021, 54.023, 54.024, 54.026, 54.028, 54.029, 54.033, 54.036, 54.037, 54.039, 54.041, 54.042, 54.043, 54.045, 54.047, 54.049, 54.051, 54.053, 54.055, 54.056, 54.057, 54.061, 54.064, 54.067, 54.068, 54.069, 54.071, 54.072, 54.078, 54.08, 54.081, 54.082, 54.083, 54.085, 54.087, 54.089, 54.09, 54.091, 54.092, 54.093, 54.094, 54.097, 54.099, 54.1, 54.11, 54.19, 54.209, 54.218, 54.222, 54.251, 54.325, 54.343, 54.378, 54.384, 54.445, 54.669, 54.712, 54.721, 54.79, 54.989, 54.995, 55.076, 55.212, 55.229, 55.444, 55.462, 55.661, 55.69, 56.231, 56.402, 56.974, 57.199, 57.245, 57.28, 57.496, 63.249, 64.739]
---
Round: 238, Unk. prob.: 9.000e-05
Surv probs: 9.998e-01, Fail probs: 7.000e-05
No. of non-dominant rules: 237, Survival rules: 201, Failure rules: 36
Survival sample found from sampling.
No. of existing rules removed:  0
New rule added. System state: 1, System value: 54.019804. Total samples: 100000.
New rule (No. of conditions: 27): {'vbus1': ('>=', 1), 'vbus2': ('>=', 1), 'vbus3': ('>=', 2), 'vbus6': ('>=', 1), 'vbus9': ('>=', 2), 'vbus12': ('>=', 1), 'vbus13': ('>=', 1), 'vbus14': ('>=', 1), 'vbus15': ('>=', 1), 'vbus16': ('>=', 1), 'vbus38': ('>=', 1), 'vbus44': ('>=', 1), 'vbus45': ('>=', 1), 'vbus47': ('>=', 1), 'vbus49': ('>=', 1), 'br10': ('>=', 1), 'br12': ('>=', 1), 'br13': ('>=', 1), 'br14': ('>=', 1), 'br15': ('>=', 1), 'br16': ('>=', 1), 'br18': ('>=', 1), 'br26': ('>=', 1), 'br57': ('>=', 1), 'br58': ('>=', 1), 'br72': ('>=', 1), 'br78': ('>=', 1), 'sys': ('>=', 1)}
Updated sys_vals: [50.911, 52.111, 52.271, 52.43, 52.546, 52.802, 52.944, 52.983, 52.99, 52.998, 53.108, 53.119, 53.122, 53.294, 53.35, 53.458, 53.47, 53.489, 53.505, 53.518, 53.534, 53.544, 53.55, 53.582, 53.584, 53.598, 53.63, 53.664, 53.699, 53.71, 53.716, 53.718, 53.744, 53.745, 53.753, 53.758, 53.76, 53.789, 53.79, 53.794, 53.807, 53.81, 53.814, 53.824, 53.833, 53.834, 53.851, 53.854, 53.855, 53.856, 53.857, 53.865, 53.87, 53.877, 53.878, 53.88, 53.882, 53.883, 53.885, 53.889, 53.894, 53.899, 53.901, 53.906, 53.909, 53.922, 53.923, 53.925, 53.932, 53.935, 53.945, 53.947, 53.949, 53.955, 53.957, 53.964, 53.968, 53.969, 53.973, 53.975, 53.977, 53.978, 53.979, 53.981, 53.982, 53.989, 53.99, 53.993, 53.994, 53.995, 53.996, 53.998, 53.999, 54.004, 54.005, 54.011, 54.013, 54.016, 54.019, 54.02, 54.021, 54.023, 54.024, 54.026, 54.028, 54.029, 54.033, 54.036, 54.037, 54.039, 54.041, 54.042, 54.043, 54.045, 54.047, 54.049, 54.051, 54.053, 54.055, 54.056, 54.057, 54.061, 54.064, 54.067, 54.068, 54.069, 54.071, 54.072, 54.078, 54.08, 54.081, 54.082, 54.083, 54.085, 54.087, 54.089, 54.09, 54.091, 54.092, 54.093, 54.094, 54.097, 54.099, 54.1, 54.11, 54.19, 54.209, 54.218, 54.222, 54.251, 54.325, 54.343, 54.378, 54.384, 54.445, 54.669, 54.712, 54.721, 54.79, 54.989, 54.995, 55.076, 55.212, 55.229, 55.444, 55.462, 55.661, 55.69, 56.231, 56.402, 56.974, 57.199, 57.245, 57.28, 57.496, 63.249, 64.739]
---
Round: 239, Unk. prob.: 1.100e-04
Surv probs: 9.998e-01, Fail probs: 5.000e-05
No. of non-dominant rules: 238, Survival rules: 202, Failure rules: 36
Survival sample found from sampling.
No. of existing rules removed:  0
New rule added. System state: 1, System value: 54.044381. Total samples: 100000.
New rule (No. of conditions: 28): {'vbus2': ('>=', 1), 'vbus3': ('>=', 2), 'vbus4': ('>=', 1), 'vbus5': ('>=', 1), 'vbus6': ('>=', 2), 'vbus7': ('>=', 1), 'vbus8': ('>=', 1), 'vbus12': ('>=', 1), 'vbus13': ('>=', 1), 'vbus15': ('>=', 1), 'vbus18': ('>=', 1), 'vbus29': ('>=', 1), 'vbus49': ('>=', 1), 'vbus50': ('>=', 1), 'vbus52': ('>=', 1), 'vbus53': ('>=', 1), 'br2': ('>=', 1), 'br3': ('>=', 1), 'br14': ('>=', 1), 'br18': ('>=', 1), 'br19': ('>=', 1), 'br21': ('>=', 1), 'br22': ('>=', 1), 'br41': ('>=', 1), 'br63': ('>=', 1), 'br66': ('>=', 1), 'br67': ('>=', 1), 'br68': ('>=', 1), 'sys': ('>=', 1)}
Updated sys_vals: [50.911, 52.111, 52.271, 52.43, 52.546, 52.802, 52.944, 52.983, 52.99, 52.998, 53.108, 53.119, 53.122, 53.294, 53.35, 53.458, 53.47, 53.489, 53.505, 53.518, 53.534, 53.544, 53.55, 53.582, 53.584, 53.598, 53.63, 53.664, 53.699, 53.71, 53.716, 53.718, 53.744, 53.745, 53.753, 53.758, 53.76, 53.789, 53.79, 53.794, 53.807, 53.81, 53.814, 53.824, 53.833, 53.834, 53.851, 53.854, 53.855, 53.856, 53.857, 53.865, 53.87, 53.877, 53.878, 53.88, 53.882, 53.883, 53.885, 53.889, 53.894, 53.899, 53.901, 53.906, 53.909, 53.922, 53.923, 53.925, 53.932, 53.935, 53.945, 53.947, 53.949, 53.955, 53.957, 53.964, 53.968, 53.969, 53.973, 53.975, 53.977, 53.978, 53.979, 53.981, 53.982, 53.989, 53.99, 53.993, 53.994, 53.995, 53.996, 53.998, 53.999, 54.004, 54.005, 54.011, 54.013, 54.016, 54.019, 54.02, 54.021, 54.023, 54.024, 54.026, 54.028, 54.029, 54.033, 54.036, 54.037, 54.039, 54.041, 54.042, 54.043, 54.044, 54.045, 54.047, 54.049, 54.051, 54.053, 54.055, 54.056, 54.057, 54.061, 54.064, 54.067, 54.068, 54.069, 54.071, 54.072, 54.078, 54.08, 54.081, 54.082, 54.083, 54.085, 54.087, 54.089, 54.09, 54.091, 54.092, 54.093, 54.094, 54.097, 54.099, 54.1, 54.11, 54.19, 54.209, 54.218, 54.222, 54.251, 54.325, 54.343, 54.378, 54.384, 54.445, 54.669, 54.712, 54.721, 54.79, 54.989, 54.995, 55.076, 55.212, 55.229, 55.444, 55.462, 55.661, 55.69, 56.231, 56.402, 56.974, 57.199, 57.245, 57.28, 57.496, 63.249, 64.739]
---
Round: 240, Unk. prob.: 1.400e-04
Surv probs: 9.998e-01, Fail probs: 6.000e-05
No. of non-dominant rules: 239, Survival rules: 203, Failure rules: 36
Survival sample found from sampling.
No. of existing rules removed:  0
New rule added. System state: 1, System value: 54.09338. Total samples: 100000.
New rule (No. of conditions: 30): {'vbus1': ('>=', 1), 'vbus2': ('>=', 2), 'vbus3': ('>=', 1), 'vbus6': ('>=', 1), 'vbus7': ('>=', 1), 'vbus8': ('>=', 1), 'vbus9': ('>=', 2), 'vbus11': ('>=', 1), 'vbus13': ('>=', 1), 'vbus15': ('>=', 1), 'vbus16': ('>=', 1), 'vbus17': ('>=', 1), 'vbus29': ('>=', 1), 'vbus41': ('>=', 1), 'vbus42': ('>=', 1), 'vbus43': ('>=', 1), 'vbus55': ('>=', 1), 'br2': ('>=', 1), 'br8': ('>=', 1), 'br14': ('>=', 1), 'br16': ('>=', 1), 'br17': ('>=', 1), 'br18': ('>=', 1), 'br22': ('>=', 1), 'br24': ('>=', 1), 'br41': ('>=', 1), 'br54': ('>=', 1), 'br55': ('>=', 1), 'br56': ('>=', 1), 'br80': ('>=', 1), 'sys': ('>=', 1)}
---
Round: 241, Unk. prob.: 7.000e-05
Surv probs: 9.999e-01, Fail probs: 8.000e-05
No. of non-dominant rules: 240, Survival rules: 204, Failure rules: 36
Survival sample found from sampling.
No. of existing rules removed:  0
New rule added. System state: 1, System value: 53.957831. Total samples: 100000.
New rule (No. of conditions: 31): {'vbus1': ('>=', 2), 'vbus3': ('>=', 1), 'vbus6': ('>=', 1), 'vbus12': ('>=', 1), 'vbus13': ('>=', 1), 'vbus14': ('>=', 1), 'vbus15': ('>=', 1), 'vbus16': ('>=', 1), 'vbus17': ('>=', 1), 'vbus22': ('>=', 1), 'vbus38': ('>=', 1), 'vbus46': ('>=', 1), 'vbus47': ('>=', 1), 'vbus48': ('>=', 1), 'vbus49': ('>=', 1), 'vbus50': ('>=', 1), 'br14': ('>=', 1), 'br15': ('>=', 1), 'br16': ('>=', 1), 'br17': ('>=', 1), 'br26': ('>=', 1), 'br28': ('>=', 1), 'br34': ('>=', 1), 'br57': ('>=', 1), 'br59': ('>=', 1), 'br60': ('>=', 1), 'br61': ('>=', 1), 'br63': ('>=', 1), 'br66': ('>=', 1), 'br71': ('>=', 1), 'br79': ('>=', 1), 'sys': ('>=', 1)}
Updated sys_vals: [50.911, 52.111, 52.271, 52.43, 52.546, 52.802, 52.944, 52.983, 52.99, 52.998, 53.108, 53.119, 53.122, 53.294, 53.35, 53.458, 53.47, 53.489, 53.505, 53.518, 53.534, 53.544, 53.55, 53.582, 53.584, 53.598, 53.63, 53.664, 53.699, 53.71, 53.716, 53.718, 53.744, 53.745, 53.753, 53.758, 53.76, 53.789, 53.79, 53.794, 53.807, 53.81, 53.814, 53.824, 53.833, 53.834, 53.851, 53.854, 53.855, 53.856, 53.857, 53.865, 53.87, 53.877, 53.878, 53.88, 53.882, 53.883, 53.885, 53.889, 53.894, 53.899, 53.901, 53.906, 53.909, 53.922, 53.923, 53.925, 53.932, 53.935, 53.945, 53.947, 53.949, 53.955, 53.957, 53.958, 53.964, 53.968, 53.969, 53.973, 53.975, 53.977, 53.978, 53.979, 53.981, 53.982, 53.989, 53.99, 53.993, 53.994, 53.995, 53.996, 53.998, 53.999, 54.004, 54.005, 54.011, 54.013, 54.016, 54.019, 54.02, 54.021, 54.023, 54.024, 54.026, 54.028, 54.029, 54.033, 54.036, 54.037, 54.039, 54.041, 54.042, 54.043, 54.044, 54.045, 54.047, 54.049, 54.051, 54.053, 54.055, 54.056, 54.057, 54.061, 54.064, 54.067, 54.068, 54.069, 54.071, 54.072, 54.078, 54.08, 54.081, 54.082, 54.083, 54.085, 54.087, 54.089, 54.09, 54.091, 54.092, 54.093, 54.094, 54.097, 54.099, 54.1, 54.11, 54.19, 54.209, 54.218, 54.222, 54.251, 54.325, 54.343, 54.378, 54.384, 54.445, 54.669, 54.712, 54.721, 54.79, 54.989, 54.995, 55.076, 55.212, 55.229, 55.444, 55.462, 55.661, 55.69, 56.231, 56.402, 56.974, 57.199, 57.245, 57.28, 57.496, 63.249, 64.739]
---
Round: 242, Unk. prob.: 9.000e-05
Surv probs: 9.998e-01, Fail probs: 8.000e-05
No. of non-dominant rules: 241, Survival rules: 205, Failure rules: 36
Survival sample found from sampling.
No. of existing rules removed:  0
New rule added. System state: 1, System value: 54.036184. Total samples: 100000.
New rule (No. of conditions: 24): {'vbus4': ('>=', 1), 'vbus6': ('>=', 1), 'vbus7': ('>=', 1), 'vbus8': ('>=', 2), 'vbus9': ('>=', 1), 'vbus11': ('>=', 1), 'vbus12': ('>=', 1), 'vbus18': ('>=', 1), 'vbus27': ('>=', 1), 'vbus28': ('>=', 1), 'vbus29': ('>=', 1), 'vbus43': ('>=', 1), 'vbus54': ('>=', 1), 'br5': ('>=', 1), 'br7': ('>=', 1), 'br8': ('>=', 1), 'br10': ('>=', 1), 'br11': ('>=', 1), 'br20': ('>=', 1), 'br22': ('>=', 1), 'br39': ('>=', 1), 'br40': ('>=', 1), 'br41': ('>=', 1), 'br71': ('>=', 1), 'sys': ('>=', 1)}
---
Round: 243, Unk. prob.: 1.800e-04
Surv probs: 9.998e-01, Fail probs: 7.000e-05
No. of non-dominant rules: 242, Survival rules: 206, Failure rules: 36
Failure sample found from sampling.
No. of existing rules removed:  0
New rule added. System state: 0, System value: 54.401023. Total samples: 100000.
New rule (No. of conditions: 7): {'vbus1': ('<=', 1), 'vbus2': ('<=', 1), 'vbus3': ('<=', 1), 'vbus6': ('<=', 1), 'vbus8': ('<=', 0), 'vbus9': ('<=', 1), 'vbus12': ('<=', 1), 'sys': ('<=', 0)}
Updated sys_vals: [50.911, 52.111, 52.271, 52.43, 52.546, 52.802, 52.944, 52.983, 52.99, 52.998, 53.108, 53.119, 53.122, 53.294, 53.35, 53.458, 53.47, 53.489, 53.505, 53.518, 53.534, 53.544, 53.55, 53.582, 53.584, 53.598, 53.63, 53.664, 53.699, 53.71, 53.716, 53.718, 53.744, 53.745, 53.753, 53.758, 53.76, 53.789, 53.79, 53.794, 53.807, 53.81, 53.814, 53.824, 53.833, 53.834, 53.851, 53.854, 53.855, 53.856, 53.857, 53.865, 53.87, 53.877, 53.878, 53.88, 53.882, 53.883, 53.885, 53.889, 53.894, 53.899, 53.901, 53.906, 53.909, 53.922, 53.923, 53.925, 53.932, 53.935, 53.945, 53.947, 53.949, 53.955, 53.957, 53.958, 53.964, 53.968, 53.969, 53.973, 53.975, 53.977, 53.978, 53.979, 53.981, 53.982, 53.989, 53.99, 53.993, 53.994, 53.995, 53.996, 53.998, 53.999, 54.004, 54.005, 54.011, 54.013, 54.016, 54.019, 54.02, 54.021, 54.023, 54.024, 54.026, 54.028, 54.029, 54.033, 54.036, 54.037, 54.039, 54.041, 54.042, 54.043, 54.044, 54.045, 54.047, 54.049, 54.051, 54.053, 54.055, 54.056, 54.057, 54.061, 54.064, 54.067, 54.068, 54.069, 54.071, 54.072, 54.078, 54.08, 54.081, 54.082, 54.083, 54.085, 54.087, 54.089, 54.09, 54.091, 54.092, 54.093, 54.094, 54.097, 54.099, 54.1, 54.11, 54.19, 54.209, 54.218, 54.222, 54.251, 54.325, 54.343, 54.378, 54.384, 54.401, 54.445, 54.669, 54.712, 54.721, 54.79, 54.989, 54.995, 55.076, 55.212, 55.229, 55.444, 55.462, 55.661, 55.69, 56.231, 56.402, 56.974, 57.199, 57.245, 57.28, 57.496, 63.249, 64.739]
---
Round: 244, Unk. prob.: 9.000e-05
Surv probs: 9.999e-01, Fail probs: 6.000e-05
No. of non-dominant rules: 243, Survival rules: 206, Failure rules: 37
Failure sample found from sampling.
No. of existing rules removed:  0
New rule added. System state: 0, System value: 54.301977. Total samples: 100000.
New rule (No. of conditions: 4): {'vbus6': ('<=', 2), 'vbus8': ('<=', 0), 'vbus12': ('<=', 0), 'br16': ('<=', 0), 'sys': ('<=', 0)}
Updated sys_vals: [50.911, 52.111, 52.271, 52.43, 52.546, 52.802, 52.944, 52.983, 52.99, 52.998, 53.108, 53.119, 53.122, 53.294, 53.35, 53.458, 53.47, 53.489, 53.505, 53.518, 53.534, 53.544, 53.55, 53.582, 53.584, 53.598, 53.63, 53.664, 53.699, 53.71, 53.716, 53.718, 53.744, 53.745, 53.753, 53.758, 53.76, 53.789, 53.79, 53.794, 53.807, 53.81, 53.814, 53.824, 53.833, 53.834, 53.851, 53.854, 53.855, 53.856, 53.857, 53.865, 53.87, 53.877, 53.878, 53.88, 53.882, 53.883, 53.885, 53.889, 53.894, 53.899, 53.901, 53.906, 53.909, 53.922, 53.923, 53.925, 53.932, 53.935, 53.945, 53.947, 53.949, 53.955, 53.957, 53.958, 53.964, 53.968, 53.969, 53.973, 53.975, 53.977, 53.978, 53.979, 53.981, 53.982, 53.989, 53.99, 53.993, 53.994, 53.995, 53.996, 53.998, 53.999, 54.004, 54.005, 54.011, 54.013, 54.016, 54.019, 54.02, 54.021, 54.023, 54.024, 54.026, 54.028, 54.029, 54.033, 54.036, 54.037, 54.039, 54.041, 54.042, 54.043, 54.044, 54.045, 54.047, 54.049, 54.051, 54.053, 54.055, 54.056, 54.057, 54.061, 54.064, 54.067, 54.068, 54.069, 54.071, 54.072, 54.078, 54.08, 54.081, 54.082, 54.083, 54.085, 54.087, 54.089, 54.09, 54.091, 54.092, 54.093, 54.094, 54.097, 54.099, 54.1, 54.11, 54.19, 54.209, 54.218, 54.222, 54.251, 54.302, 54.325, 54.343, 54.378, 54.384, 54.401, 54.445, 54.669, 54.712, 54.721, 54.79, 54.989, 54.995, 55.076, 55.212, 55.229, 55.444, 55.462, 55.661, 55.69, 56.231, 56.402, 56.974, 57.199, 57.245, 57.28, 57.496, 63.249, 64.739]
---
Round: 245, Unk. prob.: 1.200e-04
Surv probs: 9.998e-01, Fail probs: 7.000e-05
No. of non-dominant rules: 244, Survival rules: 206, Failure rules: 38
Survival sample found from sampling.
No. of existing rules removed:  0
New rule added. System state: 1, System value: 53.949472. Total samples: 100000.
New rule (No. of conditions: 6): {'vbus2': ('>=', 1), 'vbus3': ('>=', 1), 'vbus6': ('>=', 2), 'vbus9': ('>=', 2), 'vbus12': ('>=', 3), 'br2': ('>=', 1), 'sys': ('>=', 1)}
---
Round: 246, Unk. prob.: 7.000e-05
Surv probs: 9.998e-01, Fail probs: 1.200e-04
No. of non-dominant rules: 245, Survival rules: 207, Failure rules: 38
Survival sample found from sampling.
No. of existing rules removed:  0
New rule added. System state: 1, System value: 54.002293. Total samples: 100000.
New rule (No. of conditions: 44): {'vbus1': ('>=', 1), 'vbus3': ('>=', 1), 'vbus4': ('>=', 1), 'vbus5': ('>=', 1), 'vbus7': ('>=', 1), 'vbus8': ('>=', 1), 'vbus9': ('>=', 3), 'vbus11': ('>=', 1), 'vbus14': ('>=', 1), 'vbus15': ('>=', 1), 'vbus16': ('>=', 1), 'vbus18': ('>=', 1), 'vbus19': ('>=', 1), 'vbus29': ('>=', 1), 'vbus41': ('>=', 1), 'vbus42': ('>=', 1), 'vbus44': ('>=', 1), 'vbus45': ('>=', 1), 'vbus46': ('>=', 1), 'vbus47': ('>=', 1), 'vbus54': ('>=', 1), 'vbus55': ('>=', 1), 'vbus56': ('>=', 1), 'br3': ('>=', 1), 'br4': ('>=', 1), 'br8': ('>=', 1), 'br10': ('>=', 1), 'br15': ('>=', 1), 'br16': ('>=', 1), 'br18': ('>=', 1), 'br20': ('>=', 1), 'br22': ('>=', 1), 'br28': ('>=', 1), 'br29': ('>=', 1), 'br41': ('>=', 1), 'br54': ('>=', 1), 'br55': ('>=', 1), 'br58': ('>=', 1), 'br59': ('>=', 1), 'br60': ('>=', 1), 'br70': ('>=', 1), 'br72': ('>=', 1), 'br74': ('>=', 1), 'br80': ('>=', 1), 'sys': ('>=', 1)}
Updated sys_vals: [50.911, 52.111, 52.271, 52.43, 52.546, 52.802, 52.944, 52.983, 52.99, 52.998, 53.108, 53.119, 53.122, 53.294, 53.35, 53.458, 53.47, 53.489, 53.505, 53.518, 53.534, 53.544, 53.55, 53.582, 53.584, 53.598, 53.63, 53.664, 53.699, 53.71, 53.716, 53.718, 53.744, 53.745, 53.753, 53.758, 53.76, 53.789, 53.79, 53.794, 53.807, 53.81, 53.814, 53.824, 53.833, 53.834, 53.851, 53.854, 53.855, 53.856, 53.857, 53.865, 53.87, 53.877, 53.878, 53.88, 53.882, 53.883, 53.885, 53.889, 53.894, 53.899, 53.901, 53.906, 53.909, 53.922, 53.923, 53.925, 53.932, 53.935, 53.945, 53.947, 53.949, 53.955, 53.957, 53.958, 53.964, 53.968, 53.969, 53.973, 53.975, 53.977, 53.978, 53.979, 53.981, 53.982, 53.989, 53.99, 53.993, 53.994, 53.995, 53.996, 53.998, 53.999, 54.002, 54.004, 54.005, 54.011, 54.013, 54.016, 54.019, 54.02, 54.021, 54.023, 54.024, 54.026, 54.028, 54.029, 54.033, 54.036, 54.037, 54.039, 54.041, 54.042, 54.043, 54.044, 54.045, 54.047, 54.049, 54.051, 54.053, 54.055, 54.056, 54.057, 54.061, 54.064, 54.067, 54.068, 54.069, 54.071, 54.072, 54.078, 54.08, 54.081, 54.082, 54.083, 54.085, 54.087, 54.089, 54.09, 54.091, 54.092, 54.093, 54.094, 54.097, 54.099, 54.1, 54.11, 54.19, 54.209, 54.218, 54.222, 54.251, 54.302, 54.325, 54.343, 54.378, 54.384, 54.401, 54.445, 54.669, 54.712, 54.721, 54.79, 54.989, 54.995, 55.076, 55.212, 55.229, 55.444, 55.462, 55.661, 55.69, 56.231, 56.402, 56.974, 57.199, 57.245, 57.28, 57.496, 63.249, 64.739]
---
Round: 247, Unk. prob.: 5.000e-05
Surv probs: 9.999e-01, Fail probs: 7.000e-05
No. of non-dominant rules: 246, Survival rules: 208, Failure rules: 38
Survival sample found from sampling.
No. of existing rules removed:  0
New rule added. System state: 1, System value: 53.743903. Total samples: 100000.
New rule (No. of conditions: 14): {'vbus1': ('>=', 1), 'vbus2': ('>=', 1), 'vbus3': ('>=', 1), 'vbus6': ('>=', 1), 'vbus9': ('>=', 2), 'vbus12': ('>=', 1), 'vbus15': ('>=', 1), 'vbus16': ('>=', 1), 'vbus17': ('>=', 1), 'br1': ('>=', 1), 'br15': ('>=', 1), 'br16': ('>=', 1), 'br17': ('>=', 1), 'br27': ('>=', 1), 'sys': ('>=', 1)}
---
Round: 248, Unk. prob.: 1.900e-04
Surv probs: 9.997e-01, Fail probs: 8.000e-05
No. of non-dominant rules: 247, Survival rules: 209, Failure rules: 38
Survival sample found from sampling.
No. of existing rules removed:  0
New rule added. System state: 1, System value: 53.773585. Total samples: 100000.
New rule (No. of conditions: 11): {'vbus3': ('>=', 2), 'vbus4': ('>=', 1), 'vbus6': ('>=', 3), 'vbus8': ('>=', 1), 'vbus9': ('>=', 1), 'vbus12': ('>=', 1), 'vbus18': ('>=', 1), 'br3': ('>=', 1), 'br7': ('>=', 1), 'br8': ('>=', 1), 'br20': ('>=', 1), 'sys': ('>=', 1)}
Updated sys_vals: [50.911, 52.111, 52.271, 52.43, 52.546, 52.802, 52.944, 52.983, 52.99, 52.998, 53.108, 53.119, 53.122, 53.294, 53.35, 53.458, 53.47, 53.489, 53.505, 53.518, 53.534, 53.544, 53.55, 53.582, 53.584, 53.598, 53.63, 53.664, 53.699, 53.71, 53.716, 53.718, 53.744, 53.745, 53.753, 53.758, 53.76, 53.774, 53.789, 53.79, 53.794, 53.807, 53.81, 53.814, 53.824, 53.833, 53.834, 53.851, 53.854, 53.855, 53.856, 53.857, 53.865, 53.87, 53.877, 53.878, 53.88, 53.882, 53.883, 53.885, 53.889, 53.894, 53.899, 53.901, 53.906, 53.909, 53.922, 53.923, 53.925, 53.932, 53.935, 53.945, 53.947, 53.949, 53.955, 53.957, 53.958, 53.964, 53.968, 53.969, 53.973, 53.975, 53.977, 53.978, 53.979, 53.981, 53.982, 53.989, 53.99, 53.993, 53.994, 53.995, 53.996, 53.998, 53.999, 54.002, 54.004, 54.005, 54.011, 54.013, 54.016, 54.019, 54.02, 54.021, 54.023, 54.024, 54.026, 54.028, 54.029, 54.033, 54.036, 54.037, 54.039, 54.041, 54.042, 54.043, 54.044, 54.045, 54.047, 54.049, 54.051, 54.053, 54.055, 54.056, 54.057, 54.061, 54.064, 54.067, 54.068, 54.069, 54.071, 54.072, 54.078, 54.08, 54.081, 54.082, 54.083, 54.085, 54.087, 54.089, 54.09, 54.091, 54.092, 54.093, 54.094, 54.097, 54.099, 54.1, 54.11, 54.19, 54.209, 54.218, 54.222, 54.251, 54.302, 54.325, 54.343, 54.378, 54.384, 54.401, 54.445, 54.669, 54.712, 54.721, 54.79, 54.989, 54.995, 55.076, 55.212, 55.229, 55.444, 55.462, 55.661, 55.69, 56.231, 56.402, 56.974, 57.199, 57.245, 57.28, 57.496, 63.249, 64.739]
---
Round: 249, Unk. prob.: 7.000e-05
Surv probs: 9.999e-01, Fail probs: 4.000e-05
No. of non-dominant rules: 248, Survival rules: 210, Failure rules: 38
Failure sample found from sampling.
No. of existing rules removed:  0
New rule added. System state: 0, System value: 54.405727. Total samples: 100000.
New rule (No. of conditions: 6): {'vbus3': ('<=', 1), 'vbus6': ('<=', 2), 'vbus8': ('<=', 0), 'vbus12': ('<=', 0), 'br2': ('<=', 0), 'br18': ('<=', 0), 'sys': ('<=', 0)}
Updated sys_vals: [50.911, 52.111, 52.271, 52.43, 52.546, 52.802, 52.944, 52.983, 52.99, 52.998, 53.108, 53.119, 53.122, 53.294, 53.35, 53.458, 53.47, 53.489, 53.505, 53.518, 53.534, 53.544, 53.55, 53.582, 53.584, 53.598, 53.63, 53.664, 53.699, 53.71, 53.716, 53.718, 53.744, 53.745, 53.753, 53.758, 53.76, 53.774, 53.789, 53.79, 53.794, 53.807, 53.81, 53.814, 53.824, 53.833, 53.834, 53.851, 53.854, 53.855, 53.856, 53.857, 53.865, 53.87, 53.877, 53.878, 53.88, 53.882, 53.883, 53.885, 53.889, 53.894, 53.899, 53.901, 53.906, 53.909, 53.922, 53.923, 53.925, 53.932, 53.935, 53.945, 53.947, 53.949, 53.955, 53.957, 53.958, 53.964, 53.968, 53.969, 53.973, 53.975, 53.977, 53.978, 53.979, 53.981, 53.982, 53.989, 53.99, 53.993, 53.994, 53.995, 53.996, 53.998, 53.999, 54.002, 54.004, 54.005, 54.011, 54.013, 54.016, 54.019, 54.02, 54.021, 54.023, 54.024, 54.026, 54.028, 54.029, 54.033, 54.036, 54.037, 54.039, 54.041, 54.042, 54.043, 54.044, 54.045, 54.047, 54.049, 54.051, 54.053, 54.055, 54.056, 54.057, 54.061, 54.064, 54.067, 54.068, 54.069, 54.071, 54.072, 54.078, 54.08, 54.081, 54.082, 54.083, 54.085, 54.087, 54.089, 54.09, 54.091, 54.092, 54.093, 54.094, 54.097, 54.099, 54.1, 54.11, 54.19, 54.209, 54.218, 54.222, 54.251, 54.302, 54.325, 54.343, 54.378, 54.384, 54.401, 54.406, 54.445, 54.669, 54.712, 54.721, 54.79, 54.989, 54.995, 55.076, 55.212, 55.229, 55.444, 55.462, 55.661, 55.69, 56.231, 56.402, 56.974, 57.199, 57.245, 57.28, 57.496, 63.249, 64.739]
---
Round: 250, Unk. prob.: 1.000e-04
Surv probs: 9.998e-01, Fail probs: 6.000e-05
No. of non-dominant rules: 249, Survival rules: 210, Failure rules: 39
Failure sample found from sampling.
No. of existing rules removed:  0
New rule added. System state: 0, System value: 56.365425. Total samples: 100000.
New rule (No. of conditions: 5): {'vbus6': ('<=', 1), 'vbus8': ('<=', 1), 'vbus9': ('<=', 1), 'vbus12': ('<=', 0), 'vbus15': ('<=', 0), 'sys': ('<=', 0)}
Updated sys_vals: [50.911, 52.111, 52.271, 52.43, 52.546, 52.802, 52.944, 52.983, 52.99, 52.998, 53.108, 53.119, 53.122, 53.294, 53.35, 53.458, 53.47, 53.489, 53.505, 53.518, 53.534, 53.544, 53.55, 53.582, 53.584, 53.598, 53.63, 53.664, 53.699, 53.71, 53.716, 53.718, 53.744, 53.745, 53.753, 53.758, 53.76, 53.774, 53.789, 53.79, 53.794, 53.807, 53.81, 53.814, 53.824, 53.833, 53.834, 53.851, 53.854, 53.855, 53.856, 53.857, 53.865, 53.87, 53.877, 53.878, 53.88, 53.882, 53.883, 53.885, 53.889, 53.894, 53.899, 53.901, 53.906, 53.909, 53.922, 53.923, 53.925, 53.932, 53.935, 53.945, 53.947, 53.949, 53.955, 53.957, 53.958, 53.964, 53.968, 53.969, 53.973, 53.975, 53.977, 53.978, 53.979, 53.981, 53.982, 53.989, 53.99, 53.993, 53.994, 53.995, 53.996, 53.998, 53.999, 54.002, 54.004, 54.005, 54.011, 54.013, 54.016, 54.019, 54.02, 54.021, 54.023, 54.024, 54.026, 54.028, 54.029, 54.033, 54.036, 54.037, 54.039, 54.041, 54.042, 54.043, 54.044, 54.045, 54.047, 54.049, 54.051, 54.053, 54.055, 54.056, 54.057, 54.061, 54.064, 54.067, 54.068, 54.069, 54.071, 54.072, 54.078, 54.08, 54.081, 54.082, 54.083, 54.085, 54.087, 54.089, 54.09, 54.091, 54.092, 54.093, 54.094, 54.097, 54.099, 54.1, 54.11, 54.19, 54.209, 54.218, 54.222, 54.251, 54.302, 54.325, 54.343, 54.378, 54.384, 54.401, 54.406, 54.445, 54.669, 54.712, 54.721, 54.79, 54.989, 54.995, 55.076, 55.212, 55.229, 55.444, 55.462, 55.661, 55.69, 56.231, 56.365, 56.402, 56.974, 57.199, 57.245, 57.28, 57.496, 63.249, 64.739]
---
Round: 251, Unk. prob.: 7.000e-05
Surv probs: 9.998e-01, Fail probs: 1.000e-04
No. of non-dominant rules: 250, Survival rules: 210, Failure rules: 40
Survival sample found from sampling.
No. of existing rules removed:  0
New rule added. System state: 1, System value: 53.960785. Total samples: 100000.
New rule (No. of conditions: 23): {'vbus1': ('>=', 1), 'vbus3': ('>=', 1), 'vbus6': ('>=', 1), 'vbus7': ('>=', 1), 'vbus8': ('>=', 1), 'vbus9': ('>=', 2), 'vbus15': ('>=', 1), 'vbus16': ('>=', 1), 'vbus17': ('>=', 1), 'vbus38': ('>=', 1), 'vbus44': ('>=', 1), 'vbus45': ('>=', 1), 'vbus49': ('>=', 1), 'br6': ('>=', 1), 'br8': ('>=', 1), 'br15': ('>=', 1), 'br16': ('>=', 1), 'br17': ('>=', 1), 'br22': ('>=', 1), 'br57': ('>=', 1), 'br58': ('>=', 1), 'br72': ('>=', 1), 'br78': ('>=', 1), 'sys': ('>=', 1)}
Updated sys_vals: [50.911, 52.111, 52.271, 52.43, 52.546, 52.802, 52.944, 52.983, 52.99, 52.998, 53.108, 53.119, 53.122, 53.294, 53.35, 53.458, 53.47, 53.489, 53.505, 53.518, 53.534, 53.544, 53.55, 53.582, 53.584, 53.598, 53.63, 53.664, 53.699, 53.71, 53.716, 53.718, 53.744, 53.745, 53.753, 53.758, 53.76, 53.774, 53.789, 53.79, 53.794, 53.807, 53.81, 53.814, 53.824, 53.833, 53.834, 53.851, 53.854, 53.855, 53.856, 53.857, 53.865, 53.87, 53.877, 53.878, 53.88, 53.882, 53.883, 53.885, 53.889, 53.894, 53.899, 53.901, 53.906, 53.909, 53.922, 53.923, 53.925, 53.932, 53.935, 53.945, 53.947, 53.949, 53.955, 53.957, 53.958, 53.961, 53.964, 53.968, 53.969, 53.973, 53.975, 53.977, 53.978, 53.979, 53.981, 53.982, 53.989, 53.99, 53.993, 53.994, 53.995, 53.996, 53.998, 53.999, 54.002, 54.004, 54.005, 54.011, 54.013, 54.016, 54.019, 54.02, 54.021, 54.023, 54.024, 54.026, 54.028, 54.029, 54.033, 54.036, 54.037, 54.039, 54.041, 54.042, 54.043, 54.044, 54.045, 54.047, 54.049, 54.051, 54.053, 54.055, 54.056, 54.057, 54.061, 54.064, 54.067, 54.068, 54.069, 54.071, 54.072, 54.078, 54.08, 54.081, 54.082, 54.083, 54.085, 54.087, 54.089, 54.09, 54.091, 54.092, 54.093, 54.094, 54.097, 54.099, 54.1, 54.11, 54.19, 54.209, 54.218, 54.222, 54.251, 54.302, 54.325, 54.343, 54.378, 54.384, 54.401, 54.406, 54.445, 54.669, 54.712, 54.721, 54.79, 54.989, 54.995, 55.076, 55.212, 55.229, 55.444, 55.462, 55.661, 55.69, 56.231, 56.365, 56.402, 56.974, 57.199, 57.245, 57.28, 57.496, 63.249, 64.739]
---
Round: 252, Unk. prob.: 9.000e-05
Surv probs: 9.998e-01, Fail probs: 8.000e-05
No. of non-dominant rules: 251, Survival rules: 211, Failure rules: 40
Failure sample found from sampling.
No. of existing rules removed:  0
New rule added. System state: 0, System value: 54.80559. Total samples: 100000.
New rule (No. of conditions: 4): {'vbus1': ('<=', 1), 'vbus6': ('<=', 1), 'vbus8': ('<=', 0), 'vbus12': ('<=', 0), 'sys': ('<=', 0)}
Updated sys_vals: [50.911, 52.111, 52.271, 52.43, 52.546, 52.802, 52.944, 52.983, 52.99, 52.998, 53.108, 53.119, 53.122, 53.294, 53.35, 53.458, 53.47, 53.489, 53.505, 53.518, 53.534, 53.544, 53.55, 53.582, 53.584, 53.598, 53.63, 53.664, 53.699, 53.71, 53.716, 53.718, 53.744, 53.745, 53.753, 53.758, 53.76, 53.774, 53.789, 53.79, 53.794, 53.807, 53.81, 53.814, 53.824, 53.833, 53.834, 53.851, 53.854, 53.855, 53.856, 53.857, 53.865, 53.87, 53.877, 53.878, 53.88, 53.882, 53.883, 53.885, 53.889, 53.894, 53.899, 53.901, 53.906, 53.909, 53.922, 53.923, 53.925, 53.932, 53.935, 53.945, 53.947, 53.949, 53.955, 53.957, 53.958, 53.961, 53.964, 53.968, 53.969, 53.973, 53.975, 53.977, 53.978, 53.979, 53.981, 53.982, 53.989, 53.99, 53.993, 53.994, 53.995, 53.996, 53.998, 53.999, 54.002, 54.004, 54.005, 54.011, 54.013, 54.016, 54.019, 54.02, 54.021, 54.023, 54.024, 54.026, 54.028, 54.029, 54.033, 54.036, 54.037, 54.039, 54.041, 54.042, 54.043, 54.044, 54.045, 54.047, 54.049, 54.051, 54.053, 54.055, 54.056, 54.057, 54.061, 54.064, 54.067, 54.068, 54.069, 54.071, 54.072, 54.078, 54.08, 54.081, 54.082, 54.083, 54.085, 54.087, 54.089, 54.09, 54.091, 54.092, 54.093, 54.094, 54.097, 54.099, 54.1, 54.11, 54.19, 54.209, 54.218, 54.222, 54.251, 54.302, 54.325, 54.343, 54.378, 54.384, 54.401, 54.406, 54.445, 54.669, 54.712, 54.721, 54.79, 54.806, 54.989, 54.995, 55.076, 55.212, 55.229, 55.444, 55.462, 55.661, 55.69, 56.231, 56.365, 56.402, 56.974, 57.199, 57.245, 57.28, 57.496, 63.249, 64.739]
---
Round: 253, Unk. prob.: 1.800e-04
Surv probs: 9.998e-01, Fail probs: 7.000e-05
No. of non-dominant rules: 252, Survival rules: 211, Failure rules: 41
Survival sample found from sampling.
No. of existing rules removed:  0
New rule added. System state: 1, System value: 53.973995. Total samples: 100000.
New rule (No. of conditions: 53): {'vbus1': ('>=', 1), 'vbus2': ('>=', 1), 'vbus3': ('>=', 1), 'vbus5': ('>=', 1), 'vbus6': ('>=', 1), 'vbus7': ('>=', 1), 'vbus8': ('>=', 2), 'vbus11': ('>=', 1), 'vbus13': ('>=', 1), 'vbus14': ('>=', 1), 'vbus15': ('>=', 1), 'vbus16': ('>=', 1), 'vbus17': ('>=', 1), 'vbus27': ('>=', 1), 'vbus28': ('>=', 1), 'vbus29': ('>=', 1), 'vbus35': ('>=', 1), 'vbus36': ('>=', 1), 'vbus37': ('>=', 1), 'vbus38': ('>=', 1), 'vbus41': ('>=', 1), 'vbus42': ('>=', 1), 'vbus43': ('>=', 1), 'vbus44': ('>=', 1), 'vbus45': ('>=', 1), 'vbus49': ('>=', 1), 'vbus50': ('>=', 1), 'vbus52': ('>=', 1), 'br1': ('>=', 1), 'br2': ('>=', 1), 'br7': ('>=', 1), 'br14': ('>=', 1), 'br15': ('>=', 1), 'br16': ('>=', 1), 'br17': ('>=', 1), 'br21': ('>=', 1), 'br22': ('>=', 1), 'br24': ('>=', 1), 'br28': ('>=', 1), 'br39': ('>=', 1), 'br40': ('>=', 1), 'br41': ('>=', 1), 'br48': ('>=', 1), 'br49': ('>=', 1), 'br50': ('>=', 1), 'br54': ('>=', 1), 'br56': ('>=', 1), 'br57': ('>=', 1), 'br58': ('>=', 1), 'br63': ('>=', 1), 'br66': ('>=', 1), 'br67': ('>=', 1), 'br72': ('>=', 1), 'sys': ('>=', 1)}
Updated sys_vals: [50.911, 52.111, 52.271, 52.43, 52.546, 52.802, 52.944, 52.983, 52.99, 52.998, 53.108, 53.119, 53.122, 53.294, 53.35, 53.458, 53.47, 53.489, 53.505, 53.518, 53.534, 53.544, 53.55, 53.582, 53.584, 53.598, 53.63, 53.664, 53.699, 53.71, 53.716, 53.718, 53.744, 53.745, 53.753, 53.758, 53.76, 53.774, 53.789, 53.79, 53.794, 53.807, 53.81, 53.814, 53.824, 53.833, 53.834, 53.851, 53.854, 53.855, 53.856, 53.857, 53.865, 53.87, 53.877, 53.878, 53.88, 53.882, 53.883, 53.885, 53.889, 53.894, 53.899, 53.901, 53.906, 53.909, 53.922, 53.923, 53.925, 53.932, 53.935, 53.945, 53.947, 53.949, 53.955, 53.957, 53.958, 53.961, 53.964, 53.968, 53.969, 53.973, 53.974, 53.975, 53.977, 53.978, 53.979, 53.981, 53.982, 53.989, 53.99, 53.993, 53.994, 53.995, 53.996, 53.998, 53.999, 54.002, 54.004, 54.005, 54.011, 54.013, 54.016, 54.019, 54.02, 54.021, 54.023, 54.024, 54.026, 54.028, 54.029, 54.033, 54.036, 54.037, 54.039, 54.041, 54.042, 54.043, 54.044, 54.045, 54.047, 54.049, 54.051, 54.053, 54.055, 54.056, 54.057, 54.061, 54.064, 54.067, 54.068, 54.069, 54.071, 54.072, 54.078, 54.08, 54.081, 54.082, 54.083, 54.085, 54.087, 54.089, 54.09, 54.091, 54.092, 54.093, 54.094, 54.097, 54.099, 54.1, 54.11, 54.19, 54.209, 54.218, 54.222, 54.251, 54.302, 54.325, 54.343, 54.378, 54.384, 54.401, 54.406, 54.445, 54.669, 54.712, 54.721, 54.79, 54.806, 54.989, 54.995, 55.076, 55.212, 55.229, 55.444, 55.462, 55.661, 55.69, 56.231, 56.365, 56.402, 56.974, 57.199, 57.245, 57.28, 57.496, 63.249, 64.739]
---
Round: 254, Unk. prob.: 1.100e-04
Surv probs: 9.998e-01, Fail probs: 7.000e-05
No. of non-dominant rules: 253, Survival rules: 212, Failure rules: 41
Survival sample found from sampling.
No. of existing rules removed:  0
New rule added. System state: 1, System value: 54.07796. Total samples: 100000.
New rule (No. of conditions: 30): {'vbus2': ('>=', 1), 'vbus3': ('>=', 1), 'vbus4': ('>=', 1), 'vbus5': ('>=', 1), 'vbus7': ('>=', 1), 'vbus8': ('>=', 2), 'vbus9': ('>=', 1), 'vbus11': ('>=', 1), 'vbus12': ('>=', 1), 'vbus13': ('>=', 1), 'vbus29': ('>=', 1), 'vbus41': ('>=', 1), 'vbus42': ('>=', 1), 'vbus52': ('>=', 1), 'vbus53': ('>=', 1), 'vbus54': ('>=', 1), 'vbus55': ('>=', 1), 'br3': ('>=', 1), 'br4': ('>=', 1), 'br8': ('>=', 1), 'br10': ('>=', 1), 'br22': ('>=', 1), 'br24': ('>=', 1), 'br41': ('>=', 1), 'br54': ('>=', 1), 'br55': ('>=', 1), 'br67': ('>=', 1), 'br68': ('>=', 1), 'br70': ('>=', 1), 'br80': ('>=', 1), 'sys': ('>=', 1)}
---
Round: 255, Unk. prob.: 1.200e-04
Surv probs: 9.998e-01, Fail probs: 6.000e-05
No. of non-dominant rules: 254, Survival rules: 213, Failure rules: 41
Survival sample found from sampling.
No. of existing rules removed:  0
New rule added. System state: 1, System value: 54.07739. Total samples: 100000.
New rule (No. of conditions: 25): {'vbus1': ('>=', 1), 'vbus2': ('>=', 1), 'vbus3': ('>=', 1), 'vbus4': ('>=', 1), 'vbus5': ('>=', 1), 'vbus6': ('>=', 2), 'vbus7': ('>=', 1), 'vbus8': ('>=', 1), 'vbus9': ('>=', 3), 'vbus16': ('>=', 1), 'vbus17': ('>=', 1), 'vbus18': ('>=', 1), 'vbus19': ('>=', 1), 'vbus29': ('>=', 1), 'vbus52': ('>=', 1), 'br2': ('>=', 1), 'br3': ('>=', 1), 'br4': ('>=', 1), 'br16': ('>=', 1), 'br17': ('>=', 1), 'br20': ('>=', 1), 'br22': ('>=', 1), 'br29': ('>=', 1), 'br41': ('>=', 1), 'br67': ('>=', 1), 'sys': ('>=', 1)}
Updated sys_vals: [50.911, 52.111, 52.271, 52.43, 52.546, 52.802, 52.944, 52.983, 52.99, 52.998, 53.108, 53.119, 53.122, 53.294, 53.35, 53.458, 53.47, 53.489, 53.505, 53.518, 53.534, 53.544, 53.55, 53.582, 53.584, 53.598, 53.63, 53.664, 53.699, 53.71, 53.716, 53.718, 53.744, 53.745, 53.753, 53.758, 53.76, 53.774, 53.789, 53.79, 53.794, 53.807, 53.81, 53.814, 53.824, 53.833, 53.834, 53.851, 53.854, 53.855, 53.856, 53.857, 53.865, 53.87, 53.877, 53.878, 53.88, 53.882, 53.883, 53.885, 53.889, 53.894, 53.899, 53.901, 53.906, 53.909, 53.922, 53.923, 53.925, 53.932, 53.935, 53.945, 53.947, 53.949, 53.955, 53.957, 53.958, 53.961, 53.964, 53.968, 53.969, 53.973, 53.974, 53.975, 53.977, 53.978, 53.979, 53.981, 53.982, 53.989, 53.99, 53.993, 53.994, 53.995, 53.996, 53.998, 53.999, 54.002, 54.004, 54.005, 54.011, 54.013, 54.016, 54.019, 54.02, 54.021, 54.023, 54.024, 54.026, 54.028, 54.029, 54.033, 54.036, 54.037, 54.039, 54.041, 54.042, 54.043, 54.044, 54.045, 54.047, 54.049, 54.051, 54.053, 54.055, 54.056, 54.057, 54.061, 54.064, 54.067, 54.068, 54.069, 54.071, 54.072, 54.077, 54.078, 54.08, 54.081, 54.082, 54.083, 54.085, 54.087, 54.089, 54.09, 54.091, 54.092, 54.093, 54.094, 54.097, 54.099, 54.1, 54.11, 54.19, 54.209, 54.218, 54.222, 54.251, 54.302, 54.325, 54.343, 54.378, 54.384, 54.401, 54.406, 54.445, 54.669, 54.712, 54.721, 54.79, 54.806, 54.989, 54.995, 55.076, 55.212, 55.229, 55.444, 55.462, 55.661, 55.69, 56.231, 56.365, 56.402, 56.974, 57.199, 57.245, 57.28, 57.496, 63.249, 64.739]
---
Round: 256, Unk. prob.: 1.000e-04
Surv probs: 9.999e-01, Fail probs: 5.000e-05
No. of non-dominant rules: 255, Survival rules: 214, Failure rules: 41
Survival sample found from sampling.
No. of existing rules removed:  0
New rule added. System state: 1, System value: 51.551007. Total samples: 100000.
New rule (No. of conditions: 6): {'vbus3': ('>=', 1), 'vbus6': ('>=', 2), 'vbus9': ('>=', 2), 'vbus12': ('>=', 3), 'vbus16': ('>=', 1), 'br26': ('>=', 1), 'sys': ('>=', 1)}
Updated sys_vals: [50.911, 51.551, 52.111, 52.271, 52.43, 52.546, 52.802, 52.944, 52.983, 52.99, 52.998, 53.108, 53.119, 53.122, 53.294, 53.35, 53.458, 53.47, 53.489, 53.505, 53.518, 53.534, 53.544, 53.55, 53.582, 53.584, 53.598, 53.63, 53.664, 53.699, 53.71, 53.716, 53.718, 53.744, 53.745, 53.753, 53.758, 53.76, 53.774, 53.789, 53.79, 53.794, 53.807, 53.81, 53.814, 53.824, 53.833, 53.834, 53.851, 53.854, 53.855, 53.856, 53.857, 53.865, 53.87, 53.877, 53.878, 53.88, 53.882, 53.883, 53.885, 53.889, 53.894, 53.899, 53.901, 53.906, 53.909, 53.922, 53.923, 53.925, 53.932, 53.935, 53.945, 53.947, 53.949, 53.955, 53.957, 53.958, 53.961, 53.964, 53.968, 53.969, 53.973, 53.974, 53.975, 53.977, 53.978, 53.979, 53.981, 53.982, 53.989, 53.99, 53.993, 53.994, 53.995, 53.996, 53.998, 53.999, 54.002, 54.004, 54.005, 54.011, 54.013, 54.016, 54.019, 54.02, 54.021, 54.023, 54.024, 54.026, 54.028, 54.029, 54.033, 54.036, 54.037, 54.039, 54.041, 54.042, 54.043, 54.044, 54.045, 54.047, 54.049, 54.051, 54.053, 54.055, 54.056, 54.057, 54.061, 54.064, 54.067, 54.068, 54.069, 54.071, 54.072, 54.077, 54.078, 54.08, 54.081, 54.082, 54.083, 54.085, 54.087, 54.089, 54.09, 54.091, 54.092, 54.093, 54.094, 54.097, 54.099, 54.1, 54.11, 54.19, 54.209, 54.218, 54.222, 54.251, 54.302, 54.325, 54.343, 54.378, 54.384, 54.401, 54.406, 54.445, 54.669, 54.712, 54.721, 54.79, 54.806, 54.989, 54.995, 55.076, 55.212, 55.229, 55.444, 55.462, 55.661, 55.69, 56.231, 56.365, 56.402, 56.974, 57.199, 57.245, 57.28, 57.496, 63.249, 64.739]
---
Round: 257, Unk. prob.: 1.100e-04
Surv probs: 9.999e-01, Fail probs: 4.000e-05
No. of non-dominant rules: 256, Survival rules: 215, Failure rules: 41
Survival sample found from sampling.
No. of existing rules removed:  0
New rule added. System state: 1, System value: 53.2776. Total samples: 100000.
New rule (No. of conditions: 21): {'vbus1': ('>=', 2), 'vbus6': ('>=', 1), 'vbus9': ('>=', 1), 'vbus12': ('>=', 1), 'vbus13': ('>=', 1), 'vbus14': ('>=', 1), 'vbus15': ('>=', 1), 'vbus16': ('>=', 1), 'vbus17': ('>=', 1), 'vbus45': ('>=', 1), 'vbus49': ('>=', 1), 'vbus50': ('>=', 1), 'br13': ('>=', 1), 'br14': ('>=', 1), 'br15': ('>=', 1), 'br16': ('>=', 1), 'br17': ('>=', 1), 'br26': ('>=', 1), 'br27': ('>=', 1), 'br57': ('>=', 1), 'br66': ('>=', 1), 'sys': ('>=', 1)}
Updated sys_vals: [50.911, 51.551, 52.111, 52.271, 52.43, 52.546, 52.802, 52.944, 52.983, 52.99, 52.998, 53.108, 53.119, 53.122, 53.278, 53.294, 53.35, 53.458, 53.47, 53.489, 53.505, 53.518, 53.534, 53.544, 53.55, 53.582, 53.584, 53.598, 53.63, 53.664, 53.699, 53.71, 53.716, 53.718, 53.744, 53.745, 53.753, 53.758, 53.76, 53.774, 53.789, 53.79, 53.794, 53.807, 53.81, 53.814, 53.824, 53.833, 53.834, 53.851, 53.854, 53.855, 53.856, 53.857, 53.865, 53.87, 53.877, 53.878, 53.88, 53.882, 53.883, 53.885, 53.889, 53.894, 53.899, 53.901, 53.906, 53.909, 53.922, 53.923, 53.925, 53.932, 53.935, 53.945, 53.947, 53.949, 53.955, 53.957, 53.958, 53.961, 53.964, 53.968, 53.969, 53.973, 53.974, 53.975, 53.977, 53.978, 53.979, 53.981, 53.982, 53.989, 53.99, 53.993, 53.994, 53.995, 53.996, 53.998, 53.999, 54.002, 54.004, 54.005, 54.011, 54.013, 54.016, 54.019, 54.02, 54.021, 54.023, 54.024, 54.026, 54.028, 54.029, 54.033, 54.036, 54.037, 54.039, 54.041, 54.042, 54.043, 54.044, 54.045, 54.047, 54.049, 54.051, 54.053, 54.055, 54.056, 54.057, 54.061, 54.064, 54.067, 54.068, 54.069, 54.071, 54.072, 54.077, 54.078, 54.08, 54.081, 54.082, 54.083, 54.085, 54.087, 54.089, 54.09, 54.091, 54.092, 54.093, 54.094, 54.097, 54.099, 54.1, 54.11, 54.19, 54.209, 54.218, 54.222, 54.251, 54.302, 54.325, 54.343, 54.378, 54.384, 54.401, 54.406, 54.445, 54.669, 54.712, 54.721, 54.79, 54.806, 54.989, 54.995, 55.076, 55.212, 55.229, 55.444, 55.462, 55.661, 55.69, 56.231, 56.365, 56.402, 56.974, 57.199, 57.245, 57.28, 57.496, 63.249, 64.739]
---
Round: 258, Unk. prob.: 1.200e-04
Surv probs: 9.998e-01, Fail probs: 5.000e-05
No. of non-dominant rules: 257, Survival rules: 216, Failure rules: 41
Survival sample found from sampling.
No. of existing rules removed:  0
New rule added. System state: 1, System value: 54.083146. Total samples: 100000.
New rule (No. of conditions: 68): {'vbus1': ('>=', 1), 'vbus2': ('>=', 1), 'vbus3': ('>=', 1), 'vbus4': ('>=', 1), 'vbus5': ('>=', 1), 'vbus6': ('>=', 1), 'vbus7': ('>=', 1), 'vbus8': ('>=', 1), 'vbus11': ('>=', 1), 'vbus13': ('>=', 1), 'vbus14': ('>=', 1), 'vbus15': ('>=', 1), 'vbus16': ('>=', 1), 'vbus18': ('>=', 1), 'vbus20': ('>=', 1), 'vbus21': ('>=', 1), 'vbus22': ('>=', 1), 'vbus23': ('>=', 1), 'vbus24': ('>=', 1), 'vbus25': ('>=', 1), 'vbus26': ('>=', 1), 'vbus27': ('>=', 1), 'vbus28': ('>=', 1), 'vbus29': ('>=', 1), 'vbus37': ('>=', 1), 'vbus38': ('>=', 1), 'vbus39': ('>=', 1), 'vbus41': ('>=', 1), 'vbus42': ('>=', 1), 'vbus43': ('>=', 1), 'vbus44': ('>=', 1), 'vbus45': ('>=', 1), 'vbus47': ('>=', 1), 'vbus48': ('>=', 1), 'vbus57': ('>=', 1), 'br2': ('>=', 1), 'br3': ('>=', 1), 'br4': ('>=', 1), 'br6': ('>=', 1), 'br7': ('>=', 1), 'br13': ('>=', 1), 'br14': ('>=', 1), 'br15': ('>=', 1), 'br16': ('>=', 1), 'br19': ('>=', 1), 'br21': ('>=', 1), 'br24': ('>=', 1), 'br31': ('>=', 1), 'br32': ('>=', 1), 'br33': ('>=', 1), 'br35': ('>=', 1), 'br37': ('>=', 1), 'br38': ('>=', 1), 'br39': ('>=', 1), 'br40': ('>=', 1), 'br41': ('>=', 1), 'br50': ('>=', 1), 'br51': ('>=', 1), 'br53': ('>=', 1), 'br55': ('>=', 1), 'br56': ('>=', 1), 'br57': ('>=', 1), 'br58': ('>=', 1), 'br61': ('>=', 1), 'br71': ('>=', 1), 'br72': ('>=', 1), 'br76': ('>=', 1), 'br79': ('>=', 1), 'sys': ('>=', 1)}
---
Round: 259, Unk. prob.: 1.800e-04
Surv probs: 9.997e-01, Fail probs: 1.200e-04
No. of non-dominant rules: 258, Survival rules: 217, Failure rules: 41
Survival sample found from sampling.
No. of existing rules removed:  0
New rule added. System state: 1, System value: 52.697141. Total samples: 100000.
New rule (No. of conditions: 17): {'vbus1': ('>=', 2), 'vbus3': ('>=', 2), 'vbus4': ('>=', 1), 'vbus6': ('>=', 1), 'vbus12': ('>=', 1), 'vbus15': ('>=', 1), 'vbus16': ('>=', 1), 'vbus17': ('>=', 1), 'vbus18': ('>=', 1), 'br3': ('>=', 1), 'br5': ('>=', 1), 'br15': ('>=', 1), 'br16': ('>=', 1), 'br17': ('>=', 1), 'br19': ('>=', 1), 'br26': ('>=', 1), 'br27': ('>=', 1), 'sys': ('>=', 1)}
Updated sys_vals: [50.911, 51.551, 52.111, 52.271, 52.43, 52.546, 52.697, 52.802, 52.944, 52.983, 52.99, 52.998, 53.108, 53.119, 53.122, 53.278, 53.294, 53.35, 53.458, 53.47, 53.489, 53.505, 53.518, 53.534, 53.544, 53.55, 53.582, 53.584, 53.598, 53.63, 53.664, 53.699, 53.71, 53.716, 53.718, 53.744, 53.745, 53.753, 53.758, 53.76, 53.774, 53.789, 53.79, 53.794, 53.807, 53.81, 53.814, 53.824, 53.833, 53.834, 53.851, 53.854, 53.855, 53.856, 53.857, 53.865, 53.87, 53.877, 53.878, 53.88, 53.882, 53.883, 53.885, 53.889, 53.894, 53.899, 53.901, 53.906, 53.909, 53.922, 53.923, 53.925, 53.932, 53.935, 53.945, 53.947, 53.949, 53.955, 53.957, 53.958, 53.961, 53.964, 53.968, 53.969, 53.973, 53.974, 53.975, 53.977, 53.978, 53.979, 53.981, 53.982, 53.989, 53.99, 53.993, 53.994, 53.995, 53.996, 53.998, 53.999, 54.002, 54.004, 54.005, 54.011, 54.013, 54.016, 54.019, 54.02, 54.021, 54.023, 54.024, 54.026, 54.028, 54.029, 54.033, 54.036, 54.037, 54.039, 54.041, 54.042, 54.043, 54.044, 54.045, 54.047, 54.049, 54.051, 54.053, 54.055, 54.056, 54.057, 54.061, 54.064, 54.067, 54.068, 54.069, 54.071, 54.072, 54.077, 54.078, 54.08, 54.081, 54.082, 54.083, 54.085, 54.087, 54.089, 54.09, 54.091, 54.092, 54.093, 54.094, 54.097, 54.099, 54.1, 54.11, 54.19, 54.209, 54.218, 54.222, 54.251, 54.302, 54.325, 54.343, 54.378, 54.384, 54.401, 54.406, 54.445, 54.669, 54.712, 54.721, 54.79, 54.806, 54.989, 54.995, 55.076, 55.212, 55.229, 55.444, 55.462, 55.661, 55.69, 56.231, 56.365, 56.402, 56.974, 57.199, 57.245, 57.28, 57.496, 63.249, 64.739]
---
Round: 260, Unk. prob.: 1.000e-04
Surv probs: 9.998e-01, Fail probs: 8.000e-05
No. of non-dominant rules: 259, Survival rules: 218, Failure rules: 41
Survival sample found from sampling.
No. of existing rules removed:  0
New rule added. System state: 1, System value: 54.081228. Total samples: 100000.
New rule (No. of conditions: 19): {'vbus1': ('>=', 1), 'vbus2': ('>=', 1), 'vbus6': ('>=', 1), 'vbus9': ('>=', 3), 'vbus12': ('>=', 1), 'vbus14': ('>=', 1), 'vbus15': ('>=', 1), 'vbus16': ('>=', 1), 'vbus17': ('>=', 1), 'vbus44': ('>=', 1), 'vbus45': ('>=', 1), 'br1': ('>=', 1), 'br15': ('>=', 1), 'br16': ('>=', 1), 'br17': ('>=', 1), 'br27': ('>=', 1), 'br28': ('>=', 1), 'br58': ('>=', 1), 'br72': ('>=', 1), 'sys': ('>=', 1)}
---
Round: 261, Unk. prob.: 1.200e-04
Surv probs: 9.998e-01, Fail probs: 7.000e-05
No. of non-dominant rules: 260, Survival rules: 219, Failure rules: 41
Survival sample found from sampling.
No. of existing rules removed:  0
New rule added. System state: 1, System value: 53.505496. Total samples: 100000.
New rule (No. of conditions: 46): {'vbus2': ('>=', 1), 'vbus3': ('>=', 3), 'vbus4': ('>=', 1), 'vbus5': ('>=', 1), 'vbus6': ('>=', 1), 'vbus7': ('>=', 1), 'vbus8': ('>=', 2), 'vbus9': ('>=', 1), 'vbus10': ('>=', 1), 'vbus11': ('>=', 1), 'vbus13': ('>=', 1), 'vbus14': ('>=', 1), 'vbus15': ('>=', 1), 'vbus18': ('>=', 1), 'vbus29': ('>=', 1), 'vbus41': ('>=', 1), 'vbus42': ('>=', 1), 'vbus43': ('>=', 1), 'vbus46': ('>=', 1), 'vbus47': ('>=', 1), 'vbus51': ('>=', 1), 'vbus52': ('>=', 1), 'vbus53': ('>=', 1), 'vbus54': ('>=', 1), 'br2': ('>=', 1), 'br3': ('>=', 1), 'br4': ('>=', 1), 'br5': ('>=', 1), 'br8': ('>=', 1), 'br9': ('>=', 1), 'br10': ('>=', 1), 'br18': ('>=', 1), 'br19': ('>=', 1), 'br22': ('>=', 1), 'br24': ('>=', 1), 'br28': ('>=', 1), 'br41': ('>=', 1), 'br55': ('>=', 1), 'br56': ('>=', 1), 'br59': ('>=', 1), 'br60': ('>=', 1), 'br65': ('>=', 1), 'br67': ('>=', 1), 'br68': ('>=', 1), 'br69': ('>=', 1), 'br71': ('>=', 1), 'sys': ('>=', 1)}
---
Round: 262, Unk. prob.: 9.000e-05
Surv probs: 9.999e-01, Fail probs: 2.000e-05
No. of non-dominant rules: 261, Survival rules: 220, Failure rules: 41
Survival sample found from sampling.
No. of existing rules removed:  0
New rule added. System state: 1, System value: 54.061388. Total samples: 100000.
New rule (No. of conditions: 35): {'vbus1': ('>=', 1), 'vbus2': ('>=', 1), 'vbus3': ('>=', 1), 'vbus4': ('>=', 1), 'vbus6': ('>=', 1), 'vbus8': ('>=', 1), 'vbus9': ('>=', 1), 'vbus15': ('>=', 1), 'vbus17': ('>=', 1), 'vbus18': ('>=', 1), 'vbus20': ('>=', 1), 'vbus21': ('>=', 1), 'vbus22': ('>=', 1), 'vbus23': ('>=', 1), 'vbus38': ('>=', 1), 'vbus44': ('>=', 1), 'vbus45': ('>=', 1), 'vbus47': ('>=', 1), 'vbus48': ('>=', 1), 'br2': ('>=', 1), 'br3': ('>=', 1), 'br5': ('>=', 1), 'br8': ('>=', 1), 'br15': ('>=', 1), 'br17': ('>=', 1), 'br20': ('>=', 1), 'br31': ('>=', 1), 'br32': ('>=', 1), 'br33': ('>=', 1), 'br53': ('>=', 1), 'br57': ('>=', 1), 'br58': ('>=', 1), 'br61': ('>=', 1), 'br72': ('>=', 1), 'br79': ('>=', 1), 'sys': ('>=', 1)}
---
Round: 263, Unk. prob.: 1.000e-04
Surv probs: 9.998e-01, Fail probs: 7.000e-05
No. of non-dominant rules: 262, Survival rules: 221, Failure rules: 41
Survival sample found from sampling.
No. of existing rules removed:  0
New rule added. System state: 1, System value: 53.949472. Total samples: 100000.
New rule (No. of conditions: 9): {'vbus1': ('>=', 1), 'vbus6': ('>=', 1), 'vbus9': ('>=', 1), 'vbus12': ('>=', 2), 'vbus15': ('>=', 1), 'vbus17': ('>=', 1), 'br15': ('>=', 1), 'br17': ('>=', 1), 'br27': ('>=', 1), 'sys': ('>=', 1)}
---
Round: 264, Unk. prob.: 1.000e-04
Surv probs: 9.998e-01, Fail probs: 6.000e-05
No. of non-dominant rules: 263, Survival rules: 222, Failure rules: 41
Survival sample found from sampling.
No. of existing rules removed:  0
New rule added. System state: 1, System value: 54.029421. Total samples: 100000.
New rule (No. of conditions: 18): {'vbus1': ('>=', 1), 'vbus2': ('>=', 1), 'vbus3': ('>=', 2), 'vbus6': ('>=', 1), 'vbus8': ('>=', 2), 'vbus9': ('>=', 1), 'vbus10': ('>=', 1), 'vbus15': ('>=', 1), 'vbus16': ('>=', 1), 'vbus17': ('>=', 1), 'vbus51': ('>=', 1), 'br7': ('>=', 1), 'br8': ('>=', 1), 'br9': ('>=', 1), 'br16': ('>=', 1), 'br17': ('>=', 1), 'br18': ('>=', 1), 'br65': ('>=', 1), 'sys': ('>=', 1)}
---
Round: 265, Unk. prob.: 1.200e-04
Surv probs: 9.998e-01, Fail probs: 6.000e-05
No. of non-dominant rules: 264, Survival rules: 223, Failure rules: 41
Survival sample found from sampling.
No. of existing rules removed:  0
New rule added. System state: 1, System value: 53.673247. Total samples: 100000.
New rule (No. of conditions: 5): {'vbus1': ('>=', 1), 'vbus3': ('>=', 1), 'vbus9': ('>=', 3), 'vbus12': ('>=', 3), 'br11': ('>=', 1), 'sys': ('>=', 1)}
Updated sys_vals: [50.911, 51.551, 52.111, 52.271, 52.43, 52.546, 52.697, 52.802, 52.944, 52.983, 52.99, 52.998, 53.108, 53.119, 53.122, 53.278, 53.294, 53.35, 53.458, 53.47, 53.489, 53.505, 53.518, 53.534, 53.544, 53.55, 53.582, 53.584, 53.598, 53.63, 53.664, 53.673, 53.699, 53.71, 53.716, 53.718, 53.744, 53.745, 53.753, 53.758, 53.76, 53.774, 53.789, 53.79, 53.794, 53.807, 53.81, 53.814, 53.824, 53.833, 53.834, 53.851, 53.854, 53.855, 53.856, 53.857, 53.865, 53.87, 53.877, 53.878, 53.88, 53.882, 53.883, 53.885, 53.889, 53.894, 53.899, 53.901, 53.906, 53.909, 53.922, 53.923, 53.925, 53.932, 53.935, 53.945, 53.947, 53.949, 53.955, 53.957, 53.958, 53.961, 53.964, 53.968, 53.969, 53.973, 53.974, 53.975, 53.977, 53.978, 53.979, 53.981, 53.982, 53.989, 53.99, 53.993, 53.994, 53.995, 53.996, 53.998, 53.999, 54.002, 54.004, 54.005, 54.011, 54.013, 54.016, 54.019, 54.02, 54.021, 54.023, 54.024, 54.026, 54.028, 54.029, 54.033, 54.036, 54.037, 54.039, 54.041, 54.042, 54.043, 54.044, 54.045, 54.047, 54.049, 54.051, 54.053, 54.055, 54.056, 54.057, 54.061, 54.064, 54.067, 54.068, 54.069, 54.071, 54.072, 54.077, 54.078, 54.08, 54.081, 54.082, 54.083, 54.085, 54.087, 54.089, 54.09, 54.091, 54.092, 54.093, 54.094, 54.097, 54.099, 54.1, 54.11, 54.19, 54.209, 54.218, 54.222, 54.251, 54.302, 54.325, 54.343, 54.378, 54.384, 54.401, 54.406, 54.445, 54.669, 54.712, 54.721, 54.79, 54.806, 54.989, 54.995, 55.076, 55.212, 55.229, 55.444, 55.462, 55.661, 55.69, 56.231, 56.365, 56.402, 56.974, 57.199, 57.245, 57.28, 57.496, 63.249, 64.739]
---
Round: 266, Unk. prob.: 1.300e-04
Surv probs: 9.998e-01, Fail probs: 5.000e-05
No. of non-dominant rules: 265, Survival rules: 224, Failure rules: 41
Survival sample found from sampling.
No. of existing rules removed:  0
New rule added. System state: 1, System value: 54.061401. Total samples: 100000.
New rule (No. of conditions: 35): {'vbus1': ('>=', 1), 'vbus2': ('>=', 1), 'vbus3': ('>=', 1), 'vbus4': ('>=', 1), 'vbus6': ('>=', 1), 'vbus8': ('>=', 1), 'vbus9': ('>=', 1), 'vbus11': ('>=', 1), 'vbus13': ('>=', 1), 'vbus14': ('>=', 1), 'vbus15': ('>=', 1), 'vbus18': ('>=', 1), 'vbus41': ('>=', 1), 'vbus42': ('>=', 1), 'vbus44': ('>=', 1), 'vbus45': ('>=', 1), 'vbus46': ('>=', 1), 'vbus47': ('>=', 1), 'vbus49': ('>=', 1), 'br2': ('>=', 1), 'br3': ('>=', 1), 'br5': ('>=', 1), 'br8': ('>=', 1), 'br14': ('>=', 1), 'br15': ('>=', 1), 'br20': ('>=', 1), 'br24': ('>=', 1), 'br28': ('>=', 1), 'br54': ('>=', 1), 'br55': ('>=', 1), 'br58': ('>=', 1), 'br59': ('>=', 1), 'br60': ('>=', 1), 'br66': ('>=', 1), 'br72': ('>=', 1), 'sys': ('>=', 1)}
---
Round: 267, Unk. prob.: 9.000e-05
Surv probs: 9.999e-01, Fail probs: 5.000e-05
No. of non-dominant rules: 266, Survival rules: 225, Failure rules: 41
Failure sample found from sampling.
No. of existing rules removed:  0
New rule added. System state: 0, System value: 55.006295. Total samples: 100000.
New rule (No. of conditions: 5): {'vbus8': ('<=', 1), 'vbus9': ('<=', 1), 'vbus12': ('<=', 0), 'vbus15': ('<=', 0), 'br16': ('<=', 0), 'sys': ('<=', 0)}
Updated sys_vals: [50.911, 51.551, 52.111, 52.271, 52.43, 52.546, 52.697, 52.802, 52.944, 52.983, 52.99, 52.998, 53.108, 53.119, 53.122, 53.278, 53.294, 53.35, 53.458, 53.47, 53.489, 53.505, 53.518, 53.534, 53.544, 53.55, 53.582, 53.584, 53.598, 53.63, 53.664, 53.673, 53.699, 53.71, 53.716, 53.718, 53.744, 53.745, 53.753, 53.758, 53.76, 53.774, 53.789, 53.79, 53.794, 53.807, 53.81, 53.814, 53.824, 53.833, 53.834, 53.851, 53.854, 53.855, 53.856, 53.857, 53.865, 53.87, 53.877, 53.878, 53.88, 53.882, 53.883, 53.885, 53.889, 53.894, 53.899, 53.901, 53.906, 53.909, 53.922, 53.923, 53.925, 53.932, 53.935, 53.945, 53.947, 53.949, 53.955, 53.957, 53.958, 53.961, 53.964, 53.968, 53.969, 53.973, 53.974, 53.975, 53.977, 53.978, 53.979, 53.981, 53.982, 53.989, 53.99, 53.993, 53.994, 53.995, 53.996, 53.998, 53.999, 54.002, 54.004, 54.005, 54.011, 54.013, 54.016, 54.019, 54.02, 54.021, 54.023, 54.024, 54.026, 54.028, 54.029, 54.033, 54.036, 54.037, 54.039, 54.041, 54.042, 54.043, 54.044, 54.045, 54.047, 54.049, 54.051, 54.053, 54.055, 54.056, 54.057, 54.061, 54.064, 54.067, 54.068, 54.069, 54.071, 54.072, 54.077, 54.078, 54.08, 54.081, 54.082, 54.083, 54.085, 54.087, 54.089, 54.09, 54.091, 54.092, 54.093, 54.094, 54.097, 54.099, 54.1, 54.11, 54.19, 54.209, 54.218, 54.222, 54.251, 54.302, 54.325, 54.343, 54.378, 54.384, 54.401, 54.406, 54.445, 54.669, 54.712, 54.721, 54.79, 54.806, 54.989, 54.995, 55.006, 55.076, 55.212, 55.229, 55.444, 55.462, 55.661, 55.69, 56.231, 56.365, 56.402, 56.974, 57.199, 57.245, 57.28, 57.496, 63.249, 64.739]
---
Round: 268, Unk. prob.: 1.000e-04
Surv probs: 9.998e-01, Fail probs: 9.000e-05
No. of non-dominant rules: 267, Survival rules: 225, Failure rules: 42
Survival sample found from sampling.
No. of existing rules removed:  0
New rule added. System state: 1, System value: 54.08509. Total samples: 100000.
New rule (No. of conditions: 42): {'vbus1': ('>=', 1), 'vbus2': ('>=', 1), 'vbus3': ('>=', 2), 'vbus6': ('>=', 1), 'vbus7': ('>=', 1), 'vbus8': ('>=', 1), 'vbus11': ('>=', 1), 'vbus13': ('>=', 1), 'vbus14': ('>=', 1), 'vbus15': ('>=', 1), 'vbus16': ('>=', 1), 'vbus17': ('>=', 1), 'vbus27': ('>=', 1), 'vbus28': ('>=', 1), 'vbus29': ('>=', 1), 'vbus41': ('>=', 1), 'vbus42': ('>=', 1), 'vbus43': ('>=', 1), 'vbus46': ('>=', 1), 'vbus47': ('>=', 1), 'vbus49': ('>=', 1), 'vbus50': ('>=', 1), 'vbus56': ('>=', 1), 'br6': ('>=', 1), 'br7': ('>=', 1), 'br14': ('>=', 1), 'br15': ('>=', 1), 'br16': ('>=', 1), 'br17': ('>=', 1), 'br18': ('>=', 1), 'br24': ('>=', 1), 'br28': ('>=', 1), 'br39': ('>=', 1), 'br40': ('>=', 1), 'br41': ('>=', 1), 'br56': ('>=', 1), 'br59': ('>=', 1), 'br60': ('>=', 1), 'br63': ('>=', 1), 'br66': ('>=', 1), 'br71': ('>=', 1), 'br74': ('>=', 1), 'sys': ('>=', 1)}
---
Round: 269, Unk. prob.: 1.400e-04
Surv probs: 9.998e-01, Fail probs: 5.000e-05
No. of non-dominant rules: 268, Survival rules: 226, Failure rules: 42
Survival sample found from sampling.
No. of existing rules removed:  0
New rule added. System state: 1, System value: 53.861226. Total samples: 100000.
New rule (No. of conditions: 32): {'vbus1': ('>=', 1), 'vbus2': ('>=', 2), 'vbus3': ('>=', 2), 'vbus4': ('>=', 1), 'vbus12': ('>=', 1), 'vbus13': ('>=', 1), 'vbus15': ('>=', 1), 'vbus16': ('>=', 1), 'vbus17': ('>=', 1), 'vbus18': ('>=', 1), 'vbus44': ('>=', 1), 'vbus45': ('>=', 1), 'vbus46': ('>=', 1), 'vbus47': ('>=', 1), 'vbus49': ('>=', 1), 'br1': ('>=', 1), 'br2': ('>=', 1), 'br3': ('>=', 1), 'br14': ('>=', 1), 'br15': ('>=', 1), 'br16': ('>=', 1), 'br17': ('>=', 1), 'br20': ('>=', 1), 'br24': ('>=', 1), 'br26': ('>=', 1), 'br27': ('>=', 1), 'br58': ('>=', 1), 'br59': ('>=', 1), 'br60': ('>=', 1), 'br66': ('>=', 1), 'br72': ('>=', 1), 'br74': ('>=', 1), 'sys': ('>=', 1)}
Updated sys_vals: [50.911, 51.551, 52.111, 52.271, 52.43, 52.546, 52.697, 52.802, 52.944, 52.983, 52.99, 52.998, 53.108, 53.119, 53.122, 53.278, 53.294, 53.35, 53.458, 53.47, 53.489, 53.505, 53.518, 53.534, 53.544, 53.55, 53.582, 53.584, 53.598, 53.63, 53.664, 53.673, 53.699, 53.71, 53.716, 53.718, 53.744, 53.745, 53.753, 53.758, 53.76, 53.774, 53.789, 53.79, 53.794, 53.807, 53.81, 53.814, 53.824, 53.833, 53.834, 53.851, 53.854, 53.855, 53.856, 53.857, 53.861, 53.865, 53.87, 53.877, 53.878, 53.88, 53.882, 53.883, 53.885, 53.889, 53.894, 53.899, 53.901, 53.906, 53.909, 53.922, 53.923, 53.925, 53.932, 53.935, 53.945, 53.947, 53.949, 53.955, 53.957, 53.958, 53.961, 53.964, 53.968, 53.969, 53.973, 53.974, 53.975, 53.977, 53.978, 53.979, 53.981, 53.982, 53.989, 53.99, 53.993, 53.994, 53.995, 53.996, 53.998, 53.999, 54.002, 54.004, 54.005, 54.011, 54.013, 54.016, 54.019, 54.02, 54.021, 54.023, 54.024, 54.026, 54.028, 54.029, 54.033, 54.036, 54.037, 54.039, 54.041, 54.042, 54.043, 54.044, 54.045, 54.047, 54.049, 54.051, 54.053, 54.055, 54.056, 54.057, 54.061, 54.064, 54.067, 54.068, 54.069, 54.071, 54.072, 54.077, 54.078, 54.08, 54.081, 54.082, 54.083, 54.085, 54.087, 54.089, 54.09, 54.091, 54.092, 54.093, 54.094, 54.097, 54.099, 54.1, 54.11, 54.19, 54.209, 54.218, 54.222, 54.251, 54.302, 54.325, 54.343, 54.378, 54.384, 54.401, 54.406, 54.445, 54.669, 54.712, 54.721, 54.79, 54.806, 54.989, 54.995, 55.006, 55.076, 55.212, 55.229, 55.444, 55.462, 55.661, 55.69, 56.231, 56.365, 56.402, 56.974, 57.199, 57.245, 57.28, 57.496, 63.249, 64.739]
---
Round: 270, Unk. prob.: 8.000e-05
Surv probs: 9.998e-01, Fail probs: 1.100e-04
No. of non-dominant rules: 269, Survival rules: 227, Failure rules: 42
Failure sample found from sampling.
No. of existing rules removed:  0
New rule added. System state: 0, System value: 57.809839. Total samples: 100000.
New rule (No. of conditions: 5): {'vbus1': ('<=', 0), 'vbus3': ('<=', 1), 'vbus9': ('<=', 0), 'vbus12': ('<=', 1), 'br2': ('<=', 0), 'sys': ('<=', 0)}
Updated sys_vals: [50.911, 51.551, 52.111, 52.271, 52.43, 52.546, 52.697, 52.802, 52.944, 52.983, 52.99, 52.998, 53.108, 53.119, 53.122, 53.278, 53.294, 53.35, 53.458, 53.47, 53.489, 53.505, 53.518, 53.534, 53.544, 53.55, 53.582, 53.584, 53.598, 53.63, 53.664, 53.673, 53.699, 53.71, 53.716, 53.718, 53.744, 53.745, 53.753, 53.758, 53.76, 53.774, 53.789, 53.79, 53.794, 53.807, 53.81, 53.814, 53.824, 53.833, 53.834, 53.851, 53.854, 53.855, 53.856, 53.857, 53.861, 53.865, 53.87, 53.877, 53.878, 53.88, 53.882, 53.883, 53.885, 53.889, 53.894, 53.899, 53.901, 53.906, 53.909, 53.922, 53.923, 53.925, 53.932, 53.935, 53.945, 53.947, 53.949, 53.955, 53.957, 53.958, 53.961, 53.964, 53.968, 53.969, 53.973, 53.974, 53.975, 53.977, 53.978, 53.979, 53.981, 53.982, 53.989, 53.99, 53.993, 53.994, 53.995, 53.996, 53.998, 53.999, 54.002, 54.004, 54.005, 54.011, 54.013, 54.016, 54.019, 54.02, 54.021, 54.023, 54.024, 54.026, 54.028, 54.029, 54.033, 54.036, 54.037, 54.039, 54.041, 54.042, 54.043, 54.044, 54.045, 54.047, 54.049, 54.051, 54.053, 54.055, 54.056, 54.057, 54.061, 54.064, 54.067, 54.068, 54.069, 54.071, 54.072, 54.077, 54.078, 54.08, 54.081, 54.082, 54.083, 54.085, 54.087, 54.089, 54.09, 54.091, 54.092, 54.093, 54.094, 54.097, 54.099, 54.1, 54.11, 54.19, 54.209, 54.218, 54.222, 54.251, 54.302, 54.325, 54.343, 54.378, 54.384, 54.401, 54.406, 54.445, 54.669, 54.712, 54.721, 54.79, 54.806, 54.989, 54.995, 55.006, 55.076, 55.212, 55.229, 55.444, 55.462, 55.661, 55.69, 56.231, 56.365, 56.402, 56.974, 57.199, 57.245, 57.28, 57.496, 57.81, 63.249, 64.739]
---
Round: 271, Unk. prob.: 7.000e-05
Surv probs: 9.998e-01, Fail probs: 1.200e-04
No. of non-dominant rules: 270, Survival rules: 227, Failure rules: 43
Survival sample found from sampling.
No. of existing rules removed:  0
New rule added. System state: 1, System value: 53.989151. Total samples: 100000.
New rule (No. of conditions: 21): {'vbus1': ('>=', 1), 'vbus3': ('>=', 1), 'vbus6': ('>=', 2), 'vbus9': ('>=', 2), 'vbus12': ('>=', 1), 'vbus13': ('>=', 1), 'vbus14': ('>=', 1), 'vbus15': ('>=', 1), 'vbus17': ('>=', 1), 'vbus46': ('>=', 1), 'vbus47': ('>=', 1), 'vbus49': ('>=', 1), 'vbus50': ('>=', 1), 'br14': ('>=', 1), 'br15': ('>=', 1), 'br17': ('>=', 1), 'br28': ('>=', 1), 'br59': ('>=', 1), 'br60': ('>=', 1), 'br63': ('>=', 1), 'br66': ('>=', 1), 'sys': ('>=', 1)}
---
Round: 272, Unk. prob.: 1.000e-04
Surv probs: 9.999e-01, Fail probs: 2.000e-05
No. of non-dominant rules: 271, Survival rules: 228, Failure rules: 43
Survival sample found from sampling.
No. of existing rules removed:  0
New rule added. System state: 1, System value: 53.991279. Total samples: 100000.
New rule (No. of conditions: 49): {'vbus2': ('>=', 1), 'vbus3': ('>=', 2), 'vbus5': ('>=', 1), 'vbus6': ('>=', 2), 'vbus7': ('>=', 1), 'vbus8': ('>=', 2), 'vbus9': ('>=', 1), 'vbus10': ('>=', 1), 'vbus11': ('>=', 1), 'vbus13': ('>=', 1), 'vbus15': ('>=', 1), 'vbus27': ('>=', 1), 'vbus28': ('>=', 1), 'vbus29': ('>=', 1), 'vbus38': ('>=', 1), 'vbus41': ('>=', 1), 'vbus42': ('>=', 1), 'vbus44': ('>=', 1), 'vbus45': ('>=', 1), 'vbus49': ('>=', 1), 'vbus51': ('>=', 1), 'vbus52': ('>=', 1), 'vbus53': ('>=', 1), 'vbus54': ('>=', 1), 'vbus55': ('>=', 1), 'vbus56': ('>=', 1), 'br8': ('>=', 1), 'br9': ('>=', 1), 'br10': ('>=', 1), 'br12': ('>=', 1), 'br14': ('>=', 1), 'br18': ('>=', 1), 'br21': ('>=', 1), 'br22': ('>=', 1), 'br39': ('>=', 1), 'br40': ('>=', 1), 'br41': ('>=', 1), 'br54': ('>=', 1), 'br55': ('>=', 1), 'br58': ('>=', 1), 'br65': ('>=', 1), 'br66': ('>=', 1), 'br67': ('>=', 1), 'br68': ('>=', 1), 'br69': ('>=', 1), 'br70': ('>=', 1), 'br72': ('>=', 1), 'br74': ('>=', 1), 'br78': ('>=', 1), 'sys': ('>=', 1)}
Updated sys_vals: [50.911, 51.551, 52.111, 52.271, 52.43, 52.546, 52.697, 52.802, 52.944, 52.983, 52.99, 52.998, 53.108, 53.119, 53.122, 53.278, 53.294, 53.35, 53.458, 53.47, 53.489, 53.505, 53.518, 53.534, 53.544, 53.55, 53.582, 53.584, 53.598, 53.63, 53.664, 53.673, 53.699, 53.71, 53.716, 53.718, 53.744, 53.745, 53.753, 53.758, 53.76, 53.774, 53.789, 53.79, 53.794, 53.807, 53.81, 53.814, 53.824, 53.833, 53.834, 53.851, 53.854, 53.855, 53.856, 53.857, 53.861, 53.865, 53.87, 53.877, 53.878, 53.88, 53.882, 53.883, 53.885, 53.889, 53.894, 53.899, 53.901, 53.906, 53.909, 53.922, 53.923, 53.925, 53.932, 53.935, 53.945, 53.947, 53.949, 53.955, 53.957, 53.958, 53.961, 53.964, 53.968, 53.969, 53.973, 53.974, 53.975, 53.977, 53.978, 53.979, 53.981, 53.982, 53.989, 53.99, 53.991, 53.993, 53.994, 53.995, 53.996, 53.998, 53.999, 54.002, 54.004, 54.005, 54.011, 54.013, 54.016, 54.019, 54.02, 54.021, 54.023, 54.024, 54.026, 54.028, 54.029, 54.033, 54.036, 54.037, 54.039, 54.041, 54.042, 54.043, 54.044, 54.045, 54.047, 54.049, 54.051, 54.053, 54.055, 54.056, 54.057, 54.061, 54.064, 54.067, 54.068, 54.069, 54.071, 54.072, 54.077, 54.078, 54.08, 54.081, 54.082, 54.083, 54.085, 54.087, 54.089, 54.09, 54.091, 54.092, 54.093, 54.094, 54.097, 54.099, 54.1, 54.11, 54.19, 54.209, 54.218, 54.222, 54.251, 54.302, 54.325, 54.343, 54.378, 54.384, 54.401, 54.406, 54.445, 54.669, 54.712, 54.721, 54.79, 54.806, 54.989, 54.995, 55.006, 55.076, 55.212, 55.229, 55.444, 55.462, 55.661, 55.69, 56.231, 56.365, 56.402, 56.974, 57.199, 57.245, 57.28, 57.496, 57.81, 63.249, 64.739]
---
Round: 273, Unk. prob.: 6.000e-05
Surv probs: 9.999e-01, Fail probs: 7.000e-05
No. of non-dominant rules: 272, Survival rules: 229, Failure rules: 43
Survival sample found from sampling.
No. of existing rules removed:  0
New rule added. System state: 1, System value: 54.013431. Total samples: 100000.
New rule (No. of conditions: 19): {'vbus2': ('>=', 1), 'vbus3': ('>=', 2), 'vbus4': ('>=', 1), 'vbus6': ('>=', 1), 'vbus7': ('>=', 1), 'vbus8': ('>=', 1), 'vbus9': ('>=', 2), 'vbus12': ('>=', 1), 'vbus18': ('>=', 1), 'vbus29': ('>=', 1), 'vbus52': ('>=', 1), 'vbus53': ('>=', 1), 'br3': ('>=', 1), 'br7': ('>=', 1), 'br20': ('>=', 1), 'br22': ('>=', 1), 'br41': ('>=', 1), 'br67': ('>=', 1), 'br68': ('>=', 1), 'sys': ('>=', 1)}
---
Round: 274, Unk. prob.: 9.000e-05
Surv probs: 9.999e-01, Fail probs: 6.000e-05
No. of non-dominant rules: 273, Survival rules: 230, Failure rules: 43
Survival sample found from sampling.
No. of existing rules removed:  0
New rule added. System state: 1, System value: 54.013431. Total samples: 100000.
New rule (No. of conditions: 27): {'vbus1': ('>=', 1), 'vbus2': ('>=', 1), 'vbus3': ('>=', 1), 'vbus4': ('>=', 1), 'vbus6': ('>=', 1), 'vbus8': ('>=', 1), 'vbus9': ('>=', 1), 'vbus14': ('>=', 1), 'vbus15': ('>=', 1), 'vbus16': ('>=', 1), 'vbus17': ('>=', 1), 'vbus18': ('>=', 1), 'vbus38': ('>=', 1), 'vbus46': ('>=', 1), 'vbus47': ('>=', 1), 'vbus48': ('>=', 1), 'br3': ('>=', 1), 'br8': ('>=', 1), 'br15': ('>=', 1), 'br16': ('>=', 1), 'br17': ('>=', 1), 'br19': ('>=', 1), 'br28': ('>=', 1), 'br59': ('>=', 1), 'br60': ('>=', 1), 'br61': ('>=', 1), 'br79': ('>=', 1), 'sys': ('>=', 1)}
---
Round: 275, Unk. prob.: 1.200e-04
Surv probs: 9.998e-01, Fail probs: 9.000e-05
No. of non-dominant rules: 274, Survival rules: 231, Failure rules: 43
Failure sample found from sampling.
No. of existing rules removed:  0
New rule added. System state: 0, System value: 54.208884. Total samples: 100000.
New rule (No. of conditions: 4): {'vbus7': ('<=', 0), 'vbus8': ('<=', 0), 'vbus9': ('<=', 2), 'vbus12': ('<=', 0), 'sys': ('<=', 0)}
---
Round: 276, Unk. prob.: 7.000e-05
Surv probs: 9.999e-01, Fail probs: 4.000e-05
No. of non-dominant rules: 275, Survival rules: 231, Failure rules: 44
Survival sample found from sampling.
No. of existing rules removed:  0
New rule added. System state: 1, System value: 53.905408. Total samples: 100000.
New rule (No. of conditions: 58): {'vbus1': ('>=', 2), 'vbus2': ('>=', 1), 'vbus3': ('>=', 1), 'vbus4': ('>=', 1), 'vbus6': ('>=', 3), 'vbus7': ('>=', 1), 'vbus9': ('>=', 2), 'vbus11': ('>=', 1), 'vbus13': ('>=', 1), 'vbus14': ('>=', 1), 'vbus15': ('>=', 1), 'vbus16': ('>=', 1), 'vbus17': ('>=', 1), 'vbus18': ('>=', 1), 'vbus22': ('>=', 1), 'vbus23': ('>=', 1), 'vbus29': ('>=', 1), 'vbus38': ('>=', 1), 'vbus41': ('>=', 1), 'vbus42': ('>=', 1), 'vbus44': ('>=', 1), 'vbus46': ('>=', 1), 'vbus47': ('>=', 1), 'vbus48': ('>=', 1), 'vbus49': ('>=', 1), 'vbus50': ('>=', 1), 'vbus52': ('>=', 1), 'vbus53': ('>=', 1), 'vbus56': ('>=', 1), 'br3': ('>=', 1), 'br5': ('>=', 1), 'br6': ('>=', 1), 'br12': ('>=', 1), 'br13': ('>=', 1), 'br14': ('>=', 1), 'br15': ('>=', 1), 'br16': ('>=', 1), 'br17': ('>=', 1), 'br18': ('>=', 1), 'br19': ('>=', 1), 'br24': ('>=', 1), 'br28': ('>=', 1), 'br33': ('>=', 1), 'br41': ('>=', 1), 'br53': ('>=', 1), 'br54': ('>=', 1), 'br55': ('>=', 1), 'br57': ('>=', 1), 'br59': ('>=', 1), 'br60': ('>=', 1), 'br61': ('>=', 1), 'br63': ('>=', 1), 'br66': ('>=', 1), 'br67': ('>=', 1), 'br68': ('>=', 1), 'br74': ('>=', 1), 'br78': ('>=', 1), 'br79': ('>=', 1), 'sys': ('>=', 1)}
Updated sys_vals: [50.911, 51.551, 52.111, 52.271, 52.43, 52.546, 52.697, 52.802, 52.944, 52.983, 52.99, 52.998, 53.108, 53.119, 53.122, 53.278, 53.294, 53.35, 53.458, 53.47, 53.489, 53.505, 53.518, 53.534, 53.544, 53.55, 53.582, 53.584, 53.598, 53.63, 53.664, 53.673, 53.699, 53.71, 53.716, 53.718, 53.744, 53.745, 53.753, 53.758, 53.76, 53.774, 53.789, 53.79, 53.794, 53.807, 53.81, 53.814, 53.824, 53.833, 53.834, 53.851, 53.854, 53.855, 53.856, 53.857, 53.861, 53.865, 53.87, 53.877, 53.878, 53.88, 53.882, 53.883, 53.885, 53.889, 53.894, 53.899, 53.901, 53.905, 53.906, 53.909, 53.922, 53.923, 53.925, 53.932, 53.935, 53.945, 53.947, 53.949, 53.955, 53.957, 53.958, 53.961, 53.964, 53.968, 53.969, 53.973, 53.974, 53.975, 53.977, 53.978, 53.979, 53.981, 53.982, 53.989, 53.99, 53.991, 53.993, 53.994, 53.995, 53.996, 53.998, 53.999, 54.002, 54.004, 54.005, 54.011, 54.013, 54.016, 54.019, 54.02, 54.021, 54.023, 54.024, 54.026, 54.028, 54.029, 54.033, 54.036, 54.037, 54.039, 54.041, 54.042, 54.043, 54.044, 54.045, 54.047, 54.049, 54.051, 54.053, 54.055, 54.056, 54.057, 54.061, 54.064, 54.067, 54.068, 54.069, 54.071, 54.072, 54.077, 54.078, 54.08, 54.081, 54.082, 54.083, 54.085, 54.087, 54.089, 54.09, 54.091, 54.092, 54.093, 54.094, 54.097, 54.099, 54.1, 54.11, 54.19, 54.209, 54.218, 54.222, 54.251, 54.302, 54.325, 54.343, 54.378, 54.384, 54.401, 54.406, 54.445, 54.669, 54.712, 54.721, 54.79, 54.806, 54.989, 54.995, 55.006, 55.076, 55.212, 55.229, 55.444, 55.462, 55.661, 55.69, 56.231, 56.365, 56.402, 56.974, 57.199, 57.245, 57.28, 57.496, 57.81, 63.249, 64.739]
---
Round: 277, Unk. prob.: 1.400e-04
Surv probs: 9.998e-01, Fail probs: 1.000e-04
No. of non-dominant rules: 276, Survival rules: 232, Failure rules: 44
Survival sample found from sampling.
No. of existing rules removed:  0
New rule added. System state: 1, System value: 53.981452. Total samples: 100000.
New rule (No. of conditions: 22): {'vbus2': ('>=', 1), 'vbus6': ('>=', 2), 'vbus7': ('>=', 1), 'vbus8': ('>=', 2), 'vbus9': ('>=', 1), 'vbus11': ('>=', 1), 'vbus12': ('>=', 1), 'vbus29': ('>=', 1), 'vbus41': ('>=', 1), 'vbus52': ('>=', 1), 'vbus53': ('>=', 1), 'vbus55': ('>=', 1), 'vbus56': ('>=', 1), 'br8': ('>=', 1), 'br10': ('>=', 1), 'br22': ('>=', 1), 'br41': ('>=', 1), 'br54': ('>=', 1), 'br67': ('>=', 1), 'br68': ('>=', 1), 'br74': ('>=', 1), 'br80': ('>=', 1), 'sys': ('>=', 1)}
---
Round: 278, Unk. prob.: 1.300e-04
Surv probs: 9.998e-01, Fail probs: 5.000e-05
No. of non-dominant rules: 277, Survival rules: 233, Failure rules: 44
Survival sample found from sampling.
No. of existing rules removed:  0
New rule added. System state: 1, System value: 54.099405. Total samples: 100000.
New rule (No. of conditions: 22): {'vbus2': ('>=', 1), 'vbus3': ('>=', 3), 'vbus4': ('>=', 1), 'vbus6': ('>=', 1), 'vbus8': ('>=', 1), 'vbus9': ('>=', 1), 'vbus12': ('>=', 1), 'vbus13': ('>=', 1), 'vbus14': ('>=', 1), 'vbus15': ('>=', 1), 'vbus18': ('>=', 1), 'vbus19': ('>=', 1), 'br3': ('>=', 1), 'br5': ('>=', 1), 'br7': ('>=', 1), 'br12': ('>=', 1), 'br13': ('>=', 1), 'br14': ('>=', 1), 'br18': ('>=', 1), 'br20': ('>=', 1), 'br25': ('>=', 1), 'br29': ('>=', 1), 'sys': ('>=', 1)}
---
Round: 279, Unk. prob.: 1.300e-04
Surv probs: 9.998e-01, Fail probs: 7.000e-05
No. of non-dominant rules: 278, Survival rules: 234, Failure rules: 44
Survival sample found from sampling.
No. of existing rules removed:  0
New rule added. System state: 1, System value: 53.918152. Total samples: 100000.
New rule (No. of conditions: 17): {'vbus1': ('>=', 1), 'vbus3': ('>=', 2), 'vbus6': ('>=', 2), 'vbus9': ('>=', 1), 'vbus12': ('>=', 1), 'vbus13': ('>=', 1), 'vbus15': ('>=', 1), 'vbus16': ('>=', 1), 'vbus17': ('>=', 1), 'vbus49': ('>=', 1), 'br13': ('>=', 1), 'br14': ('>=', 1), 'br16': ('>=', 1), 'br17': ('>=', 1), 'br18': ('>=', 1), 'br26': ('>=', 1), 'br66': ('>=', 1), 'sys': ('>=', 1)}
Updated sys_vals: [50.911, 51.551, 52.111, 52.271, 52.43, 52.546, 52.697, 52.802, 52.944, 52.983, 52.99, 52.998, 53.108, 53.119, 53.122, 53.278, 53.294, 53.35, 53.458, 53.47, 53.489, 53.505, 53.518, 53.534, 53.544, 53.55, 53.582, 53.584, 53.598, 53.63, 53.664, 53.673, 53.699, 53.71, 53.716, 53.718, 53.744, 53.745, 53.753, 53.758, 53.76, 53.774, 53.789, 53.79, 53.794, 53.807, 53.81, 53.814, 53.824, 53.833, 53.834, 53.851, 53.854, 53.855, 53.856, 53.857, 53.861, 53.865, 53.87, 53.877, 53.878, 53.88, 53.882, 53.883, 53.885, 53.889, 53.894, 53.899, 53.901, 53.905, 53.906, 53.909, 53.918, 53.922, 53.923, 53.925, 53.932, 53.935, 53.945, 53.947, 53.949, 53.955, 53.957, 53.958, 53.961, 53.964, 53.968, 53.969, 53.973, 53.974, 53.975, 53.977, 53.978, 53.979, 53.981, 53.982, 53.989, 53.99, 53.991, 53.993, 53.994, 53.995, 53.996, 53.998, 53.999, 54.002, 54.004, 54.005, 54.011, 54.013, 54.016, 54.019, 54.02, 54.021, 54.023, 54.024, 54.026, 54.028, 54.029, 54.033, 54.036, 54.037, 54.039, 54.041, 54.042, 54.043, 54.044, 54.045, 54.047, 54.049, 54.051, 54.053, 54.055, 54.056, 54.057, 54.061, 54.064, 54.067, 54.068, 54.069, 54.071, 54.072, 54.077, 54.078, 54.08, 54.081, 54.082, 54.083, 54.085, 54.087, 54.089, 54.09, 54.091, 54.092, 54.093, 54.094, 54.097, 54.099, 54.1, 54.11, 54.19, 54.209, 54.218, 54.222, 54.251, 54.302, 54.325, 54.343, 54.378, 54.384, 54.401, 54.406, 54.445, 54.669, 54.712, 54.721, 54.79, 54.806, 54.989, 54.995, 55.006, 55.076, 55.212, 55.229, 55.444, 55.462, 55.661, 55.69, 56.231, 56.365, 56.402, 56.974, 57.199, 57.245, 57.28, 57.496, 57.81, 63.249, 64.739]
---
Round: 280, Unk. prob.: 1.000e-04
Surv probs: 9.999e-01, Fail probs: 4.000e-05
No. of non-dominant rules: 279, Survival rules: 235, Failure rules: 44
Survival sample found from sampling.
No. of existing rules removed:  0
New rule added. System state: 1, System value: 53.70229. Total samples: 100000.
New rule (No. of conditions: 34): {'vbus1': ('>=', 1), 'vbus2': ('>=', 2), 'vbus3': ('>=', 1), 'vbus4': ('>=', 1), 'vbus6': ('>=', 2), 'vbus12': ('>=', 1), 'vbus13': ('>=', 1), 'vbus14': ('>=', 1), 'vbus15': ('>=', 1), 'vbus16': ('>=', 1), 'vbus18': ('>=', 1), 'vbus22': ('>=', 1), 'vbus23': ('>=', 1), 'vbus38': ('>=', 1), 'vbus44': ('>=', 1), 'vbus45': ('>=', 1), 'vbus46': ('>=', 1), 'vbus47': ('>=', 1), 'br2': ('>=', 1), 'br3': ('>=', 1), 'br13': ('>=', 1), 'br15': ('>=', 1), 'br16': ('>=', 1), 'br18': ('>=', 1), 'br20': ('>=', 1), 'br26': ('>=', 1), 'br28': ('>=', 1), 'br33': ('>=', 1), 'br53': ('>=', 1), 'br57': ('>=', 1), 'br58': ('>=', 1), 'br59': ('>=', 1), 'br60': ('>=', 1), 'br72': ('>=', 1), 'sys': ('>=', 1)}
Updated sys_vals: [50.911, 51.551, 52.111, 52.271, 52.43, 52.546, 52.697, 52.802, 52.944, 52.983, 52.99, 52.998, 53.108, 53.119, 53.122, 53.278, 53.294, 53.35, 53.458, 53.47, 53.489, 53.505, 53.518, 53.534, 53.544, 53.55, 53.582, 53.584, 53.598, 53.63, 53.664, 53.673, 53.699, 53.702, 53.71, 53.716, 53.718, 53.744, 53.745, 53.753, 53.758, 53.76, 53.774, 53.789, 53.79, 53.794, 53.807, 53.81, 53.814, 53.824, 53.833, 53.834, 53.851, 53.854, 53.855, 53.856, 53.857, 53.861, 53.865, 53.87, 53.877, 53.878, 53.88, 53.882, 53.883, 53.885, 53.889, 53.894, 53.899, 53.901, 53.905, 53.906, 53.909, 53.918, 53.922, 53.923, 53.925, 53.932, 53.935, 53.945, 53.947, 53.949, 53.955, 53.957, 53.958, 53.961, 53.964, 53.968, 53.969, 53.973, 53.974, 53.975, 53.977, 53.978, 53.979, 53.981, 53.982, 53.989, 53.99, 53.991, 53.993, 53.994, 53.995, 53.996, 53.998, 53.999, 54.002, 54.004, 54.005, 54.011, 54.013, 54.016, 54.019, 54.02, 54.021, 54.023, 54.024, 54.026, 54.028, 54.029, 54.033, 54.036, 54.037, 54.039, 54.041, 54.042, 54.043, 54.044, 54.045, 54.047, 54.049, 54.051, 54.053, 54.055, 54.056, 54.057, 54.061, 54.064, 54.067, 54.068, 54.069, 54.071, 54.072, 54.077, 54.078, 54.08, 54.081, 54.082, 54.083, 54.085, 54.087, 54.089, 54.09, 54.091, 54.092, 54.093, 54.094, 54.097, 54.099, 54.1, 54.11, 54.19, 54.209, 54.218, 54.222, 54.251, 54.302, 54.325, 54.343, 54.378, 54.384, 54.401, 54.406, 54.445, 54.669, 54.712, 54.721, 54.79, 54.806, 54.989, 54.995, 55.006, 55.076, 55.212, 55.229, 55.444, 55.462, 55.661, 55.69, 56.231, 56.365, 56.402, 56.974, 57.199, 57.245, 57.28, 57.496, 57.81, 63.249, 64.739]
---
Round: 281, Unk. prob.: 1.200e-04
Surv probs: 9.997e-01, Fail probs: 1.900e-04
No. of non-dominant rules: 280, Survival rules: 236, Failure rules: 44
Survival sample found from sampling.
No. of existing rules removed:  0
New rule added. System state: 1, System value: 54.048475. Total samples: 100000.
New rule (No. of conditions: 41): {'vbus2': ('>=', 1), 'vbus3': ('>=', 3), 'vbus4': ('>=', 1), 'vbus5': ('>=', 1), 'vbus6': ('>=', 2), 'vbus8': ('>=', 2), 'vbus9': ('>=', 1), 'vbus10': ('>=', 1), 'vbus11': ('>=', 1), 'vbus13': ('>=', 1), 'vbus14': ('>=', 1), 'vbus15': ('>=', 1), 'vbus18': ('>=', 1), 'vbus41': ('>=', 1), 'vbus42': ('>=', 1), 'vbus49': ('>=', 1), 'vbus50': ('>=', 1), 'vbus51': ('>=', 1), 'vbus53': ('>=', 1), 'vbus54': ('>=', 1), 'vbus55': ('>=', 1), 'br2': ('>=', 1), 'br3': ('>=', 1), 'br4': ('>=', 1), 'br8': ('>=', 1), 'br9': ('>=', 1), 'br10': ('>=', 1), 'br12': ('>=', 1), 'br14': ('>=', 1), 'br18': ('>=', 1), 'br19': ('>=', 1), 'br28': ('>=', 1), 'br54': ('>=', 1), 'br55': ('>=', 1), 'br63': ('>=', 1), 'br64': ('>=', 1), 'br65': ('>=', 1), 'br66': ('>=', 1), 'br69': ('>=', 1), 'br70': ('>=', 1), 'br80': ('>=', 1), 'sys': ('>=', 1)}
Updated sys_vals: [50.911, 51.551, 52.111, 52.271, 52.43, 52.546, 52.697, 52.802, 52.944, 52.983, 52.99, 52.998, 53.108, 53.119, 53.122, 53.278, 53.294, 53.35, 53.458, 53.47, 53.489, 53.505, 53.518, 53.534, 53.544, 53.55, 53.582, 53.584, 53.598, 53.63, 53.664, 53.673, 53.699, 53.702, 53.71, 53.716, 53.718, 53.744, 53.745, 53.753, 53.758, 53.76, 53.774, 53.789, 53.79, 53.794, 53.807, 53.81, 53.814, 53.824, 53.833, 53.834, 53.851, 53.854, 53.855, 53.856, 53.857, 53.861, 53.865, 53.87, 53.877, 53.878, 53.88, 53.882, 53.883, 53.885, 53.889, 53.894, 53.899, 53.901, 53.905, 53.906, 53.909, 53.918, 53.922, 53.923, 53.925, 53.932, 53.935, 53.945, 53.947, 53.949, 53.955, 53.957, 53.958, 53.961, 53.964, 53.968, 53.969, 53.973, 53.974, 53.975, 53.977, 53.978, 53.979, 53.981, 53.982, 53.989, 53.99, 53.991, 53.993, 53.994, 53.995, 53.996, 53.998, 53.999, 54.002, 54.004, 54.005, 54.011, 54.013, 54.016, 54.019, 54.02, 54.021, 54.023, 54.024, 54.026, 54.028, 54.029, 54.033, 54.036, 54.037, 54.039, 54.041, 54.042, 54.043, 54.044, 54.045, 54.047, 54.048, 54.049, 54.051, 54.053, 54.055, 54.056, 54.057, 54.061, 54.064, 54.067, 54.068, 54.069, 54.071, 54.072, 54.077, 54.078, 54.08, 54.081, 54.082, 54.083, 54.085, 54.087, 54.089, 54.09, 54.091, 54.092, 54.093, 54.094, 54.097, 54.099, 54.1, 54.11, 54.19, 54.209, 54.218, 54.222, 54.251, 54.302, 54.325, 54.343, 54.378, 54.384, 54.401, 54.406, 54.445, 54.669, 54.712, 54.721, 54.79, 54.806, 54.989, 54.995, 55.006, 55.076, 55.212, 55.229, 55.444, 55.462, 55.661, 55.69, 56.231, 56.365, 56.402, 56.974, 57.199, 57.245, 57.28, 57.496, 57.81, 63.249, 64.739]
---
Round: 282, Unk. prob.: 8.000e-05
Surv probs: 9.999e-01, Fail probs: 7.000e-05
No. of non-dominant rules: 281, Survival rules: 237, Failure rules: 44
Survival sample found from sampling.
No. of existing rules removed:  0
New rule added. System state: 1, System value: 53.949472. Total samples: 100000.
New rule (No. of conditions: 29): {'vbus2': ('>=', 1), 'vbus3': ('>=', 2), 'vbus4': ('>=', 1), 'vbus6': ('>=', 1), 'vbus7': ('>=', 1), 'vbus8': ('>=', 1), 'vbus12': ('>=', 1), 'vbus13': ('>=', 1), 'vbus15': ('>=', 1), 'vbus18': ('>=', 1), 'vbus29': ('>=', 1), 'vbus49': ('>=', 1), 'vbus52': ('>=', 1), 'vbus53': ('>=', 1), 'vbus54': ('>=', 1), 'br2': ('>=', 1), 'br3': ('>=', 1), 'br5': ('>=', 1), 'br7': ('>=', 1), 'br14': ('>=', 1), 'br18': ('>=', 1), 'br19': ('>=', 1), 'br22': ('>=', 1), 'br25': ('>=', 1), 'br41': ('>=', 1), 'br66': ('>=', 1), 'br67': ('>=', 1), 'br68': ('>=', 1), 'br69': ('>=', 1), 'sys': ('>=', 1)}
---
Round: 283, Unk. prob.: 1.300e-04
Surv probs: 9.998e-01, Fail probs: 4.000e-05
No. of non-dominant rules: 282, Survival rules: 238, Failure rules: 44
Failure sample found from sampling.
No. of existing rules removed:  0
New rule added. System state: 0, System value: 54.252425. Total samples: 100000.
New rule (No. of conditions: 4): {'vbus8': ('<=', 0), 'vbus12': ('<=', 0), 'vbus49': ('<=', 0), 'br58': ('<=', 0), 'sys': ('<=', 0)}
Updated sys_vals: [50.911, 51.551, 52.111, 52.271, 52.43, 52.546, 52.697, 52.802, 52.944, 52.983, 52.99, 52.998, 53.108, 53.119, 53.122, 53.278, 53.294, 53.35, 53.458, 53.47, 53.489, 53.505, 53.518, 53.534, 53.544, 53.55, 53.582, 53.584, 53.598, 53.63, 53.664, 53.673, 53.699, 53.702, 53.71, 53.716, 53.718, 53.744, 53.745, 53.753, 53.758, 53.76, 53.774, 53.789, 53.79, 53.794, 53.807, 53.81, 53.814, 53.824, 53.833, 53.834, 53.851, 53.854, 53.855, 53.856, 53.857, 53.861, 53.865, 53.87, 53.877, 53.878, 53.88, 53.882, 53.883, 53.885, 53.889, 53.894, 53.899, 53.901, 53.905, 53.906, 53.909, 53.918, 53.922, 53.923, 53.925, 53.932, 53.935, 53.945, 53.947, 53.949, 53.955, 53.957, 53.958, 53.961, 53.964, 53.968, 53.969, 53.973, 53.974, 53.975, 53.977, 53.978, 53.979, 53.981, 53.982, 53.989, 53.99, 53.991, 53.993, 53.994, 53.995, 53.996, 53.998, 53.999, 54.002, 54.004, 54.005, 54.011, 54.013, 54.016, 54.019, 54.02, 54.021, 54.023, 54.024, 54.026, 54.028, 54.029, 54.033, 54.036, 54.037, 54.039, 54.041, 54.042, 54.043, 54.044, 54.045, 54.047, 54.048, 54.049, 54.051, 54.053, 54.055, 54.056, 54.057, 54.061, 54.064, 54.067, 54.068, 54.069, 54.071, 54.072, 54.077, 54.078, 54.08, 54.081, 54.082, 54.083, 54.085, 54.087, 54.089, 54.09, 54.091, 54.092, 54.093, 54.094, 54.097, 54.099, 54.1, 54.11, 54.19, 54.209, 54.218, 54.222, 54.251, 54.252, 54.302, 54.325, 54.343, 54.378, 54.384, 54.401, 54.406, 54.445, 54.669, 54.712, 54.721, 54.79, 54.806, 54.989, 54.995, 55.006, 55.076, 55.212, 55.229, 55.444, 55.462, 55.661, 55.69, 56.231, 56.365, 56.402, 56.974, 57.199, 57.245, 57.28, 57.496, 57.81, 63.249, 64.739]
---
Round: 284, Unk. prob.: 1.100e-04
Surv probs: 9.998e-01, Fail probs: 5.000e-05
No. of non-dominant rules: 283, Survival rules: 238, Failure rules: 45
Failure sample found from sampling.
No. of existing rules removed:  0
New rule added. System state: 0, System value: 54.269268. Total samples: 100000.
New rule (No. of conditions: 5): {'vbus1': ('<=', 0), 'vbus2': ('<=', 1), 'vbus3': ('<=', 2), 'vbus8': ('<=', 1), 'vbus12': ('<=', 0), 'sys': ('<=', 0)}
Updated sys_vals: [50.911, 51.551, 52.111, 52.271, 52.43, 52.546, 52.697, 52.802, 52.944, 52.983, 52.99, 52.998, 53.108, 53.119, 53.122, 53.278, 53.294, 53.35, 53.458, 53.47, 53.489, 53.505, 53.518, 53.534, 53.544, 53.55, 53.582, 53.584, 53.598, 53.63, 53.664, 53.673, 53.699, 53.702, 53.71, 53.716, 53.718, 53.744, 53.745, 53.753, 53.758, 53.76, 53.774, 53.789, 53.79, 53.794, 53.807, 53.81, 53.814, 53.824, 53.833, 53.834, 53.851, 53.854, 53.855, 53.856, 53.857, 53.861, 53.865, 53.87, 53.877, 53.878, 53.88, 53.882, 53.883, 53.885, 53.889, 53.894, 53.899, 53.901, 53.905, 53.906, 53.909, 53.918, 53.922, 53.923, 53.925, 53.932, 53.935, 53.945, 53.947, 53.949, 53.955, 53.957, 53.958, 53.961, 53.964, 53.968, 53.969, 53.973, 53.974, 53.975, 53.977, 53.978, 53.979, 53.981, 53.982, 53.989, 53.99, 53.991, 53.993, 53.994, 53.995, 53.996, 53.998, 53.999, 54.002, 54.004, 54.005, 54.011, 54.013, 54.016, 54.019, 54.02, 54.021, 54.023, 54.024, 54.026, 54.028, 54.029, 54.033, 54.036, 54.037, 54.039, 54.041, 54.042, 54.043, 54.044, 54.045, 54.047, 54.048, 54.049, 54.051, 54.053, 54.055, 54.056, 54.057, 54.061, 54.064, 54.067, 54.068, 54.069, 54.071, 54.072, 54.077, 54.078, 54.08, 54.081, 54.082, 54.083, 54.085, 54.087, 54.089, 54.09, 54.091, 54.092, 54.093, 54.094, 54.097, 54.099, 54.1, 54.11, 54.19, 54.209, 54.218, 54.222, 54.251, 54.252, 54.269, 54.302, 54.325, 54.343, 54.378, 54.384, 54.401, 54.406, 54.445, 54.669, 54.712, 54.721, 54.79, 54.806, 54.989, 54.995, 55.006, 55.076, 55.212, 55.229, 55.444, 55.462, 55.661, 55.69, 56.231, 56.365, 56.402, 56.974, 57.199, 57.245, 57.28, 57.496, 57.81, 63.249, 64.739]
---
Round: 285, Unk. prob.: 4.000e-05
Surv probs: 9.999e-01, Fail probs: 1.000e-04
No. of non-dominant rules: 284, Survival rules: 238, Failure rules: 46
Failure sample found from sampling.
No. of existing rules removed:  0
New rule added. System state: 0, System value: 57.54717. Total samples: 100000.
New rule (No. of conditions: 4): {'vbus1': ('<=', 0), 'vbus3': ('<=', 0), 'vbus8': ('<=', 0), 'vbus12': ('<=', 2), 'sys': ('<=', 0)}
Updated sys_vals: [50.911, 51.551, 52.111, 52.271, 52.43, 52.546, 52.697, 52.802, 52.944, 52.983, 52.99, 52.998, 53.108, 53.119, 53.122, 53.278, 53.294, 53.35, 53.458, 53.47, 53.489, 53.505, 53.518, 53.534, 53.544, 53.55, 53.582, 53.584, 53.598, 53.63, 53.664, 53.673, 53.699, 53.702, 53.71, 53.716, 53.718, 53.744, 53.745, 53.753, 53.758, 53.76, 53.774, 53.789, 53.79, 53.794, 53.807, 53.81, 53.814, 53.824, 53.833, 53.834, 53.851, 53.854, 53.855, 53.856, 53.857, 53.861, 53.865, 53.87, 53.877, 53.878, 53.88, 53.882, 53.883, 53.885, 53.889, 53.894, 53.899, 53.901, 53.905, 53.906, 53.909, 53.918, 53.922, 53.923, 53.925, 53.932, 53.935, 53.945, 53.947, 53.949, 53.955, 53.957, 53.958, 53.961, 53.964, 53.968, 53.969, 53.973, 53.974, 53.975, 53.977, 53.978, 53.979, 53.981, 53.982, 53.989, 53.99, 53.991, 53.993, 53.994, 53.995, 53.996, 53.998, 53.999, 54.002, 54.004, 54.005, 54.011, 54.013, 54.016, 54.019, 54.02, 54.021, 54.023, 54.024, 54.026, 54.028, 54.029, 54.033, 54.036, 54.037, 54.039, 54.041, 54.042, 54.043, 54.044, 54.045, 54.047, 54.048, 54.049, 54.051, 54.053, 54.055, 54.056, 54.057, 54.061, 54.064, 54.067, 54.068, 54.069, 54.071, 54.072, 54.077, 54.078, 54.08, 54.081, 54.082, 54.083, 54.085, 54.087, 54.089, 54.09, 54.091, 54.092, 54.093, 54.094, 54.097, 54.099, 54.1, 54.11, 54.19, 54.209, 54.218, 54.222, 54.251, 54.252, 54.269, 54.302, 54.325, 54.343, 54.378, 54.384, 54.401, 54.406, 54.445, 54.669, 54.712, 54.721, 54.79, 54.806, 54.989, 54.995, 55.006, 55.076, 55.212, 55.229, 55.444, 55.462, 55.661, 55.69, 56.231, 56.365, 56.402, 56.974, 57.199, 57.245, 57.28, 57.496, 57.547, 57.81, 63.249, 64.739]
---
Round: 286, Unk. prob.: 7.000e-05
Surv probs: 9.998e-01, Fail probs: 9.000e-05
No. of non-dominant rules: 285, Survival rules: 238, Failure rules: 47
Survival sample found from sampling.
No. of existing rules removed:  0
New rule added. System state: 1, System value: 54.037114. Total samples: 100000.
New rule (No. of conditions: 15): {'vbus1': ('>=', 2), 'vbus2': ('>=', 1), 'vbus3': ('>=', 1), 'vbus4': ('>=', 1), 'vbus6': ('>=', 1), 'vbus9': ('>=', 1), 'vbus12': ('>=', 1), 'vbus16': ('>=', 1), 'vbus17': ('>=', 1), 'br3': ('>=', 1), 'br5': ('>=', 1), 'br16': ('>=', 1), 'br17': ('>=', 1), 'br26': ('>=', 1), 'br27': ('>=', 1), 'sys': ('>=', 1)}
---
Round: 287, Unk. prob.: 7.000e-05
Surv probs: 9.999e-01, Fail probs: 4.000e-05
No. of non-dominant rules: 286, Survival rules: 239, Failure rules: 47
Failure sample found from sampling.
No. of existing rules removed:  0
New rule added. System state: 0, System value: 54.908858. Total samples: 100000.
New rule (No. of conditions: 6): {'vbus1': ('<=', 0), 'vbus2': ('<=', 1), 'vbus3': ('<=', 1), 'vbus8': ('<=', 0), 'vbus9': ('<=', 1), 'vbus12': ('<=', 2), 'sys': ('<=', 0)}
Updated sys_vals: [50.911, 51.551, 52.111, 52.271, 52.43, 52.546, 52.697, 52.802, 52.944, 52.983, 52.99, 52.998, 53.108, 53.119, 53.122, 53.278, 53.294, 53.35, 53.458, 53.47, 53.489, 53.505, 53.518, 53.534, 53.544, 53.55, 53.582, 53.584, 53.598, 53.63, 53.664, 53.673, 53.699, 53.702, 53.71, 53.716, 53.718, 53.744, 53.745, 53.753, 53.758, 53.76, 53.774, 53.789, 53.79, 53.794, 53.807, 53.81, 53.814, 53.824, 53.833, 53.834, 53.851, 53.854, 53.855, 53.856, 53.857, 53.861, 53.865, 53.87, 53.877, 53.878, 53.88, 53.882, 53.883, 53.885, 53.889, 53.894, 53.899, 53.901, 53.905, 53.906, 53.909, 53.918, 53.922, 53.923, 53.925, 53.932, 53.935, 53.945, 53.947, 53.949, 53.955, 53.957, 53.958, 53.961, 53.964, 53.968, 53.969, 53.973, 53.974, 53.975, 53.977, 53.978, 53.979, 53.981, 53.982, 53.989, 53.99, 53.991, 53.993, 53.994, 53.995, 53.996, 53.998, 53.999, 54.002, 54.004, 54.005, 54.011, 54.013, 54.016, 54.019, 54.02, 54.021, 54.023, 54.024, 54.026, 54.028, 54.029, 54.033, 54.036, 54.037, 54.039, 54.041, 54.042, 54.043, 54.044, 54.045, 54.047, 54.048, 54.049, 54.051, 54.053, 54.055, 54.056, 54.057, 54.061, 54.064, 54.067, 54.068, 54.069, 54.071, 54.072, 54.077, 54.078, 54.08, 54.081, 54.082, 54.083, 54.085, 54.087, 54.089, 54.09, 54.091, 54.092, 54.093, 54.094, 54.097, 54.099, 54.1, 54.11, 54.19, 54.209, 54.218, 54.222, 54.251, 54.252, 54.269, 54.302, 54.325, 54.343, 54.378, 54.384, 54.401, 54.406, 54.445, 54.669, 54.712, 54.721, 54.79, 54.806, 54.909, 54.989, 54.995, 55.006, 55.076, 55.212, 55.229, 55.444, 55.462, 55.661, 55.69, 56.231, 56.365, 56.402, 56.974, 57.199, 57.245, 57.28, 57.496, 57.547, 57.81, 63.249, 64.739]
---
Round: 288, Unk. prob.: 1.200e-04
Surv probs: 9.999e-01, Fail probs: 3.000e-05
No. of non-dominant rules: 287, Survival rules: 239, Failure rules: 48
Survival sample found from sampling.
No. of existing rules removed:  0
New rule added. System state: 1, System value: 53.955604. Total samples: 100000.
New rule (No. of conditions: 53): {'vbus2': ('>=', 1), 'vbus3': ('>=', 3), 'vbus4': ('>=', 1), 'vbus5': ('>=', 1), 'vbus6': ('>=', 2), 'vbus7': ('>=', 1), 'vbus8': ('>=', 1), 'vbus9': ('>=', 3), 'vbus15': ('>=', 1), 'vbus18': ('>=', 1), 'vbus19': ('>=', 1), 'vbus24': ('>=', 1), 'vbus25': ('>=', 1), 'vbus26': ('>=', 1), 'vbus27': ('>=', 1), 'vbus28': ('>=', 1), 'vbus29': ('>=', 1), 'vbus30': ('>=', 1), 'vbus31': ('>=', 1), 'vbus38': ('>=', 1), 'vbus44': ('>=', 1), 'vbus45': ('>=', 1), 'vbus47': ('>=', 1), 'vbus48': ('>=', 1), 'vbus52': ('>=', 1), 'vbus53': ('>=', 1), 'br2': ('>=', 1), 'br3': ('>=', 1), 'br4': ('>=', 1), 'br5': ('>=', 1), 'br6': ('>=', 1), 'br8': ('>=', 1), 'br10': ('>=', 1), 'br18': ('>=', 1), 'br20': ('>=', 1), 'br22': ('>=', 1), 'br29': ('>=', 1), 'br35': ('>=', 1), 'br36': ('>=', 1), 'br37': ('>=', 1), 'br38': ('>=', 1), 'br39': ('>=', 1), 'br40': ('>=', 1), 'br41': ('>=', 1), 'br42': ('>=', 1), 'br43': ('>=', 1), 'br57': ('>=', 1), 'br58': ('>=', 1), 'br61': ('>=', 1), 'br67': ('>=', 1), 'br68': ('>=', 1), 'br72': ('>=', 1), 'br79': ('>=', 1), 'sys': ('>=', 1)}
Updated sys_vals: [50.911, 51.551, 52.111, 52.271, 52.43, 52.546, 52.697, 52.802, 52.944, 52.983, 52.99, 52.998, 53.108, 53.119, 53.122, 53.278, 53.294, 53.35, 53.458, 53.47, 53.489, 53.505, 53.518, 53.534, 53.544, 53.55, 53.582, 53.584, 53.598, 53.63, 53.664, 53.673, 53.699, 53.702, 53.71, 53.716, 53.718, 53.744, 53.745, 53.753, 53.758, 53.76, 53.774, 53.789, 53.79, 53.794, 53.807, 53.81, 53.814, 53.824, 53.833, 53.834, 53.851, 53.854, 53.855, 53.856, 53.857, 53.861, 53.865, 53.87, 53.877, 53.878, 53.88, 53.882, 53.883, 53.885, 53.889, 53.894, 53.899, 53.901, 53.905, 53.906, 53.909, 53.918, 53.922, 53.923, 53.925, 53.932, 53.935, 53.945, 53.947, 53.949, 53.955, 53.956, 53.957, 53.958, 53.961, 53.964, 53.968, 53.969, 53.973, 53.974, 53.975, 53.977, 53.978, 53.979, 53.981, 53.982, 53.989, 53.99, 53.991, 53.993, 53.994, 53.995, 53.996, 53.998, 53.999, 54.002, 54.004, 54.005, 54.011, 54.013, 54.016, 54.019, 54.02, 54.021, 54.023, 54.024, 54.026, 54.028, 54.029, 54.033, 54.036, 54.037, 54.039, 54.041, 54.042, 54.043, 54.044, 54.045, 54.047, 54.048, 54.049, 54.051, 54.053, 54.055, 54.056, 54.057, 54.061, 54.064, 54.067, 54.068, 54.069, 54.071, 54.072, 54.077, 54.078, 54.08, 54.081, 54.082, 54.083, 54.085, 54.087, 54.089, 54.09, 54.091, 54.092, 54.093, 54.094, 54.097, 54.099, 54.1, 54.11, 54.19, 54.209, 54.218, 54.222, 54.251, 54.252, 54.269, 54.302, 54.325, 54.343, 54.378, 54.384, 54.401, 54.406, 54.445, 54.669, 54.712, 54.721, 54.79, 54.806, 54.909, 54.989, 54.995, 55.006, 55.076, 55.212, 55.229, 55.444, 55.462, 55.661, 55.69, 56.231, 56.365, 56.402, 56.974, 57.199, 57.245, 57.28, 57.496, 57.547, 57.81, 63.249, 64.739]
---
Round: 289, Unk. prob.: 1.300e-04
Surv probs: 9.998e-01, Fail probs: 1.000e-04
No. of non-dominant rules: 288, Survival rules: 240, Failure rules: 48
Survival sample found from sampling.
No. of existing rules removed:  0
New rule added. System state: 1, System value: 54.005144. Total samples: 100000.
New rule (No. of conditions: 43): {'vbus2': ('>=', 1), 'vbus3': ('>=', 2), 'vbus4': ('>=', 1), 'vbus6': ('>=', 1), 'vbus7': ('>=', 1), 'vbus8': ('>=', 2), 'vbus9': ('>=', 1), 'vbus10': ('>=', 1), 'vbus13': ('>=', 1), 'vbus14': ('>=', 1), 'vbus15': ('>=', 1), 'vbus18': ('>=', 1), 'vbus19': ('>=', 1), 'vbus27': ('>=', 1), 'vbus28': ('>=', 1), 'vbus29': ('>=', 1), 'vbus46': ('>=', 1), 'vbus47': ('>=', 1), 'vbus51': ('>=', 1), 'vbus53': ('>=', 1), 'vbus54': ('>=', 1), 'vbus55': ('>=', 1), 'br2': ('>=', 1), 'br3': ('>=', 1), 'br6': ('>=', 1), 'br8': ('>=', 1), 'br9': ('>=', 1), 'br12': ('>=', 1), 'br14': ('>=', 1), 'br18': ('>=', 1), 'br20': ('>=', 1), 'br22': ('>=', 1), 'br28': ('>=', 1), 'br29': ('>=', 1), 'br39': ('>=', 1), 'br40': ('>=', 1), 'br41': ('>=', 1), 'br59': ('>=', 1), 'br60': ('>=', 1), 'br65': ('>=', 1), 'br69': ('>=', 1), 'br70': ('>=', 1), 'br80': ('>=', 1), 'sys': ('>=', 1)}
---
Round: 290, Unk. prob.: 1.300e-04
Surv probs: 9.998e-01, Fail probs: 4.000e-05
No. of non-dominant rules: 289, Survival rules: 241, Failure rules: 48
Survival sample found from sampling.
No. of existing rules removed:  0
New rule added. System state: 1, System value: 54.034272. Total samples: 100000.
New rule (No. of conditions: 32): {'vbus1': ('>=', 2), 'vbus2': ('>=', 1), 'vbus3': ('>=', 1), 'vbus8': ('>=', 1), 'vbus9': ('>=', 2), 'vbus11': ('>=', 1), 'vbus13': ('>=', 1), 'vbus14': ('>=', 1), 'vbus15': ('>=', 1), 'vbus16': ('>=', 1), 'vbus17': ('>=', 1), 'vbus41': ('>=', 1), 'vbus42': ('>=', 1), 'vbus43': ('>=', 1), 'vbus46': ('>=', 1), 'vbus47': ('>=', 1), 'vbus49': ('>=', 1), 'vbus56': ('>=', 1), 'br8': ('>=', 1), 'br10': ('>=', 1), 'br14': ('>=', 1), 'br15': ('>=', 1), 'br16': ('>=', 1), 'br17': ('>=', 1), 'br28': ('>=', 1), 'br54': ('>=', 1), 'br55': ('>=', 1), 'br59': ('>=', 1), 'br60': ('>=', 1), 'br66': ('>=', 1), 'br71': ('>=', 1), 'br74': ('>=', 1), 'sys': ('>=', 1)}
Updated sys_vals: [50.911, 51.551, 52.111, 52.271, 52.43, 52.546, 52.697, 52.802, 52.944, 52.983, 52.99, 52.998, 53.108, 53.119, 53.122, 53.278, 53.294, 53.35, 53.458, 53.47, 53.489, 53.505, 53.518, 53.534, 53.544, 53.55, 53.582, 53.584, 53.598, 53.63, 53.664, 53.673, 53.699, 53.702, 53.71, 53.716, 53.718, 53.744, 53.745, 53.753, 53.758, 53.76, 53.774, 53.789, 53.79, 53.794, 53.807, 53.81, 53.814, 53.824, 53.833, 53.834, 53.851, 53.854, 53.855, 53.856, 53.857, 53.861, 53.865, 53.87, 53.877, 53.878, 53.88, 53.882, 53.883, 53.885, 53.889, 53.894, 53.899, 53.901, 53.905, 53.906, 53.909, 53.918, 53.922, 53.923, 53.925, 53.932, 53.935, 53.945, 53.947, 53.949, 53.955, 53.956, 53.957, 53.958, 53.961, 53.964, 53.968, 53.969, 53.973, 53.974, 53.975, 53.977, 53.978, 53.979, 53.981, 53.982, 53.989, 53.99, 53.991, 53.993, 53.994, 53.995, 53.996, 53.998, 53.999, 54.002, 54.004, 54.005, 54.011, 54.013, 54.016, 54.019, 54.02, 54.021, 54.023, 54.024, 54.026, 54.028, 54.029, 54.033, 54.034, 54.036, 54.037, 54.039, 54.041, 54.042, 54.043, 54.044, 54.045, 54.047, 54.048, 54.049, 54.051, 54.053, 54.055, 54.056, 54.057, 54.061, 54.064, 54.067, 54.068, 54.069, 54.071, 54.072, 54.077, 54.078, 54.08, 54.081, 54.082, 54.083, 54.085, 54.087, 54.089, 54.09, 54.091, 54.092, 54.093, 54.094, 54.097, 54.099, 54.1, 54.11, 54.19, 54.209, 54.218, 54.222, 54.251, 54.252, 54.269, 54.302, 54.325, 54.343, 54.378, 54.384, 54.401, 54.406, 54.445, 54.669, 54.712, 54.721, 54.79, 54.806, 54.909, 54.989, 54.995, 55.006, 55.076, 55.212, 55.229, 55.444, 55.462, 55.661, 55.69, 56.231, 56.365, 56.402, 56.974, 57.199, 57.245, 57.28, 57.496, 57.547, 57.81, 63.249, 64.739]
---
Round: 291, Unk. prob.: 1.000e-04
Surv probs: 9.998e-01, Fail probs: 6.000e-05
No. of non-dominant rules: 290, Survival rules: 242, Failure rules: 48
Failure sample found from sampling.
No. of existing rules removed:  0
New rule added. System state: 0, System value: 54.605217. Total samples: 100000.
New rule (No. of conditions: 4): {'vbus8': ('<=', 0), 'vbus9': ('<=', 2), 'vbus12': ('<=', 0), 'vbus17': ('<=', 0), 'sys': ('<=', 0)}
Updated sys_vals: [50.911, 51.551, 52.111, 52.271, 52.43, 52.546, 52.697, 52.802, 52.944, 52.983, 52.99, 52.998, 53.108, 53.119, 53.122, 53.278, 53.294, 53.35, 53.458, 53.47, 53.489, 53.505, 53.518, 53.534, 53.544, 53.55, 53.582, 53.584, 53.598, 53.63, 53.664, 53.673, 53.699, 53.702, 53.71, 53.716, 53.718, 53.744, 53.745, 53.753, 53.758, 53.76, 53.774, 53.789, 53.79, 53.794, 53.807, 53.81, 53.814, 53.824, 53.833, 53.834, 53.851, 53.854, 53.855, 53.856, 53.857, 53.861, 53.865, 53.87, 53.877, 53.878, 53.88, 53.882, 53.883, 53.885, 53.889, 53.894, 53.899, 53.901, 53.905, 53.906, 53.909, 53.918, 53.922, 53.923, 53.925, 53.932, 53.935, 53.945, 53.947, 53.949, 53.955, 53.956, 53.957, 53.958, 53.961, 53.964, 53.968, 53.969, 53.973, 53.974, 53.975, 53.977, 53.978, 53.979, 53.981, 53.982, 53.989, 53.99, 53.991, 53.993, 53.994, 53.995, 53.996, 53.998, 53.999, 54.002, 54.004, 54.005, 54.011, 54.013, 54.016, 54.019, 54.02, 54.021, 54.023, 54.024, 54.026, 54.028, 54.029, 54.033, 54.034, 54.036, 54.037, 54.039, 54.041, 54.042, 54.043, 54.044, 54.045, 54.047, 54.048, 54.049, 54.051, 54.053, 54.055, 54.056, 54.057, 54.061, 54.064, 54.067, 54.068, 54.069, 54.071, 54.072, 54.077, 54.078, 54.08, 54.081, 54.082, 54.083, 54.085, 54.087, 54.089, 54.09, 54.091, 54.092, 54.093, 54.094, 54.097, 54.099, 54.1, 54.11, 54.19, 54.209, 54.218, 54.222, 54.251, 54.252, 54.269, 54.302, 54.325, 54.343, 54.378, 54.384, 54.401, 54.406, 54.445, 54.605, 54.669, 54.712, 54.721, 54.79, 54.806, 54.909, 54.989, 54.995, 55.006, 55.076, 55.212, 55.229, 55.444, 55.462, 55.661, 55.69, 56.231, 56.365, 56.402, 56.974, 57.199, 57.245, 57.28, 57.496, 57.547, 57.81, 63.249, 64.739]
---
Round: 292, Unk. prob.: 1.100e-04
Surv probs: 9.998e-01, Fail probs: 1.100e-04
No. of non-dominant rules: 291, Survival rules: 242, Failure rules: 49
Survival sample found from sampling.
No. of existing rules removed:  0
New rule added. System state: 1, System value: 54.064568. Total samples: 100000.
New rule (No. of conditions: 28): {'vbus1': ('>=', 2), 'vbus2': ('>=', 1), 'vbus3': ('>=', 1), 'vbus4': ('>=', 1), 'vbus6': ('>=', 1), 'vbus8': ('>=', 1), 'vbus9': ('>=', 2), 'vbus14': ('>=', 1), 'vbus15': ('>=', 1), 'vbus16': ('>=', 1), 'vbus17': ('>=', 1), 'vbus18': ('>=', 1), 'vbus19': ('>=', 1), 'vbus20': ('>=', 1), 'vbus46': ('>=', 1), 'vbus47': ('>=', 1), 'br3': ('>=', 1), 'br5': ('>=', 1), 'br15': ('>=', 1), 'br16': ('>=', 1), 'br17': ('>=', 1), 'br18': ('>=', 1), 'br20': ('>=', 1), 'br28': ('>=', 1), 'br29': ('>=', 1), 'br30': ('>=', 1), 'br59': ('>=', 1), 'br60': ('>=', 1), 'sys': ('>=', 1)}
Updated sys_vals: [50.911, 51.551, 52.111, 52.271, 52.43, 52.546, 52.697, 52.802, 52.944, 52.983, 52.99, 52.998, 53.108, 53.119, 53.122, 53.278, 53.294, 53.35, 53.458, 53.47, 53.489, 53.505, 53.518, 53.534, 53.544, 53.55, 53.582, 53.584, 53.598, 53.63, 53.664, 53.673, 53.699, 53.702, 53.71, 53.716, 53.718, 53.744, 53.745, 53.753, 53.758, 53.76, 53.774, 53.789, 53.79, 53.794, 53.807, 53.81, 53.814, 53.824, 53.833, 53.834, 53.851, 53.854, 53.855, 53.856, 53.857, 53.861, 53.865, 53.87, 53.877, 53.878, 53.88, 53.882, 53.883, 53.885, 53.889, 53.894, 53.899, 53.901, 53.905, 53.906, 53.909, 53.918, 53.922, 53.923, 53.925, 53.932, 53.935, 53.945, 53.947, 53.949, 53.955, 53.956, 53.957, 53.958, 53.961, 53.964, 53.968, 53.969, 53.973, 53.974, 53.975, 53.977, 53.978, 53.979, 53.981, 53.982, 53.989, 53.99, 53.991, 53.993, 53.994, 53.995, 53.996, 53.998, 53.999, 54.002, 54.004, 54.005, 54.011, 54.013, 54.016, 54.019, 54.02, 54.021, 54.023, 54.024, 54.026, 54.028, 54.029, 54.033, 54.034, 54.036, 54.037, 54.039, 54.041, 54.042, 54.043, 54.044, 54.045, 54.047, 54.048, 54.049, 54.051, 54.053, 54.055, 54.056, 54.057, 54.061, 54.064, 54.065, 54.067, 54.068, 54.069, 54.071, 54.072, 54.077, 54.078, 54.08, 54.081, 54.082, 54.083, 54.085, 54.087, 54.089, 54.09, 54.091, 54.092, 54.093, 54.094, 54.097, 54.099, 54.1, 54.11, 54.19, 54.209, 54.218, 54.222, 54.251, 54.252, 54.269, 54.302, 54.325, 54.343, 54.378, 54.384, 54.401, 54.406, 54.445, 54.605, 54.669, 54.712, 54.721, 54.79, 54.806, 54.909, 54.989, 54.995, 55.006, 55.076, 55.212, 55.229, 55.444, 55.462, 55.661, 55.69, 56.231, 56.365, 56.402, 56.974, 57.199, 57.245, 57.28, 57.496, 57.547, 57.81, 63.249, 64.739]
---
Round: 293, Unk. prob.: 1.100e-04
Surv probs: 9.998e-01, Fail probs: 1.400e-04
No. of non-dominant rules: 292, Survival rules: 243, Failure rules: 49
Survival sample found from sampling.
No. of existing rules removed:  0
New rule added. System state: 1, System value: 53.792892. Total samples: 100000.
New rule (No. of conditions: 41): {'vbus2': ('>=', 1), 'vbus3': ('>=', 2), 'vbus4': ('>=', 1), 'vbus5': ('>=', 1), 'vbus6': ('>=', 2), 'vbus7': ('>=', 1), 'vbus8': ('>=', 2), 'vbus9': ('>=', 1), 'vbus10': ('>=', 1), 'vbus11': ('>=', 1), 'vbus13': ('>=', 1), 'vbus14': ('>=', 1), 'vbus15': ('>=', 1), 'vbus18': ('>=', 1), 'vbus28': ('>=', 1), 'vbus29': ('>=', 1), 'vbus38': ('>=', 1), 'vbus49': ('>=', 1), 'vbus50': ('>=', 1), 'vbus51': ('>=', 1), 'vbus55': ('>=', 1), 'br2': ('>=', 1), 'br3': ('>=', 1), 'br4': ('>=', 1), 'br8': ('>=', 1), 'br9': ('>=', 1), 'br10': ('>=', 1), 'br14': ('>=', 1), 'br18': ('>=', 1), 'br20': ('>=', 1), 'br22': ('>=', 1), 'br24': ('>=', 1), 'br28': ('>=', 1), 'br40': ('>=', 1), 'br41': ('>=', 1), 'br63': ('>=', 1), 'br64': ('>=', 1), 'br65': ('>=', 1), 'br66': ('>=', 1), 'br78': ('>=', 1), 'br80': ('>=', 1), 'sys': ('>=', 1)}
Updated sys_vals: [50.911, 51.551, 52.111, 52.271, 52.43, 52.546, 52.697, 52.802, 52.944, 52.983, 52.99, 52.998, 53.108, 53.119, 53.122, 53.278, 53.294, 53.35, 53.458, 53.47, 53.489, 53.505, 53.518, 53.534, 53.544, 53.55, 53.582, 53.584, 53.598, 53.63, 53.664, 53.673, 53.699, 53.702, 53.71, 53.716, 53.718, 53.744, 53.745, 53.753, 53.758, 53.76, 53.774, 53.789, 53.79, 53.793, 53.794, 53.807, 53.81, 53.814, 53.824, 53.833, 53.834, 53.851, 53.854, 53.855, 53.856, 53.857, 53.861, 53.865, 53.87, 53.877, 53.878, 53.88, 53.882, 53.883, 53.885, 53.889, 53.894, 53.899, 53.901, 53.905, 53.906, 53.909, 53.918, 53.922, 53.923, 53.925, 53.932, 53.935, 53.945, 53.947, 53.949, 53.955, 53.956, 53.957, 53.958, 53.961, 53.964, 53.968, 53.969, 53.973, 53.974, 53.975, 53.977, 53.978, 53.979, 53.981, 53.982, 53.989, 53.99, 53.991, 53.993, 53.994, 53.995, 53.996, 53.998, 53.999, 54.002, 54.004, 54.005, 54.011, 54.013, 54.016, 54.019, 54.02, 54.021, 54.023, 54.024, 54.026, 54.028, 54.029, 54.033, 54.034, 54.036, 54.037, 54.039, 54.041, 54.042, 54.043, 54.044, 54.045, 54.047, 54.048, 54.049, 54.051, 54.053, 54.055, 54.056, 54.057, 54.061, 54.064, 54.065, 54.067, 54.068, 54.069, 54.071, 54.072, 54.077, 54.078, 54.08, 54.081, 54.082, 54.083, 54.085, 54.087, 54.089, 54.09, 54.091, 54.092, 54.093, 54.094, 54.097, 54.099, 54.1, 54.11, 54.19, 54.209, 54.218, 54.222, 54.251, 54.252, 54.269, 54.302, 54.325, 54.343, 54.378, 54.384, 54.401, 54.406, 54.445, 54.605, 54.669, 54.712, 54.721, 54.79, 54.806, 54.909, 54.989, 54.995, 55.006, 55.076, 55.212, 55.229, 55.444, 55.462, 55.661, 55.69, 56.231, 56.365, 56.402, 56.974, 57.199, 57.245, 57.28, 57.496, 57.547, 57.81, 63.249, 64.739]
---
Round: 294, Unk. prob.: 6.000e-05
Surv probs: 9.999e-01, Fail probs: 9.000e-05
No. of non-dominant rules: 293, Survival rules: 244, Failure rules: 49
Survival sample found from sampling.
No. of existing rules removed:  0
New rule added. System state: 1, System value: 54.097244. Total samples: 100000.
New rule (No. of conditions: 42): {'vbus1': ('>=', 1), 'vbus2': ('>=', 1), 'vbus3': ('>=', 1), 'vbus7': ('>=', 1), 'vbus8': ('>=', 2), 'vbus9': ('>=', 1), 'vbus10': ('>=', 1), 'vbus11': ('>=', 1), 'vbus16': ('>=', 1), 'vbus17': ('>=', 1), 'vbus28': ('>=', 1), 'vbus29': ('>=', 1), 'vbus41': ('>=', 1), 'vbus42': ('>=', 1), 'vbus43': ('>=', 1), 'vbus50': ('>=', 1), 'vbus51': ('>=', 1), 'vbus52': ('>=', 1), 'vbus53': ('>=', 1), 'vbus54': ('>=', 1), 'vbus55': ('>=', 1), 'vbus56': ('>=', 1), 'vbus57': ('>=', 1), 'br8': ('>=', 1), 'br9': ('>=', 1), 'br10': ('>=', 1), 'br16': ('>=', 1), 'br17': ('>=', 1), 'br22': ('>=', 1), 'br40': ('>=', 1), 'br41': ('>=', 1), 'br55': ('>=', 1), 'br56': ('>=', 1), 'br64': ('>=', 1), 'br65': ('>=', 1), 'br67': ('>=', 1), 'br68': ('>=', 1), 'br69': ('>=', 1), 'br71': ('>=', 1), 'br74': ('>=', 1), 'br77': ('>=', 1), 'br80': ('>=', 1), 'sys': ('>=', 1)}
---
Round: 295, Unk. prob.: 1.100e-04
Surv probs: 9.998e-01, Fail probs: 9.000e-05
No. of non-dominant rules: 294, Survival rules: 245, Failure rules: 49
Survival sample found from sampling.
No. of existing rules removed:  0
New rule added. System state: 1, System value: 53.549728. Total samples: 100000.
New rule (No. of conditions: 10): {'vbus3': ('>=', 2), 'vbus9': ('>=', 2), 'vbus12': ('>=', 3), 'vbus13': ('>=', 1), 'vbus15': ('>=', 1), 'vbus16': ('>=', 1), 'br14': ('>=', 1), 'br18': ('>=', 1), 'br25': ('>=', 1), 'br26': ('>=', 1), 'sys': ('>=', 1)}
---
Round: 296, Unk. prob.: 2.000e-05
Surv probs: 9.999e-01, Fail probs: 9.000e-05
No. of non-dominant rules: 295, Survival rules: 246, Failure rules: 49
Survival sample found from sampling.
No. of existing rules removed:  0
New rule added. System state: 1, System value: 53.717941. Total samples: 100000.
New rule (No. of conditions: 60): {'vbus1': ('>=', 1), 'vbus7': ('>=', 1), 'vbus8': ('>=', 2), 'vbus9': ('>=', 1), 'vbus11': ('>=', 1), 'vbus13': ('>=', 1), 'vbus14': ('>=', 1), 'vbus15': ('>=', 1), 'vbus16': ('>=', 1), 'vbus23': ('>=', 1), 'vbus24': ('>=', 1), 'vbus25': ('>=', 1), 'vbus26': ('>=', 1), 'vbus27': ('>=', 1), 'vbus28': ('>=', 1), 'vbus29': ('>=', 1), 'vbus30': ('>=', 1), 'vbus38': ('>=', 1), 'vbus41': ('>=', 1), 'vbus42': ('>=', 1), 'vbus43': ('>=', 1), 'vbus44': ('>=', 1), 'vbus46': ('>=', 1), 'vbus47': ('>=', 1), 'vbus48': ('>=', 1), 'vbus49': ('>=', 1), 'vbus52': ('>=', 1), 'vbus53': ('>=', 1), 'vbus54': ('>=', 1), 'vbus57': ('>=', 1), 'br8': ('>=', 1), 'br12': ('>=', 1), 'br14': ('>=', 1), 'br15': ('>=', 1), 'br16': ('>=', 1), 'br22': ('>=', 1), 'br24': ('>=', 1), 'br28': ('>=', 1), 'br34': ('>=', 1), 'br36': ('>=', 1), 'br37': ('>=', 1), 'br38': ('>=', 1), 'br39': ('>=', 1), 'br40': ('>=', 1), 'br41': ('>=', 1), 'br42': ('>=', 1), 'br55': ('>=', 1), 'br56': ('>=', 1), 'br57': ('>=', 1), 'br59': ('>=', 1), 'br60': ('>=', 1), 'br61': ('>=', 1), 'br66': ('>=', 1), 'br67': ('>=', 1), 'br68': ('>=', 1), 'br69': ('>=', 1), 'br71': ('>=', 1), 'br76': ('>=', 1), 'br78': ('>=', 1), 'br79': ('>=', 1), 'sys': ('>=', 1)}
---
Round: 297, Unk. prob.: 7.000e-05
Surv probs: 9.999e-01, Fail probs: 6.000e-05
No. of non-dominant rules: 296, Survival rules: 247, Failure rules: 49
Survival sample found from sampling.
No. of existing rules removed:  0
New rule added. System state: 1, System value: 53.933846. Total samples: 100000.
New rule (No. of conditions: 30): {'vbus1': ('>=', 2), 'vbus2': ('>=', 1), 'vbus3': ('>=', 2), 'vbus4': ('>=', 1), 'vbus5': ('>=', 1), 'vbus6': ('>=', 2), 'vbus11': ('>=', 1), 'vbus12': ('>=', 1), 'vbus13': ('>=', 1), 'vbus15': ('>=', 1), 'vbus16': ('>=', 1), 'vbus18': ('>=', 1), 'vbus41': ('>=', 1), 'vbus44': ('>=', 1), 'vbus45': ('>=', 1), 'vbus49': ('>=', 1), 'vbus50': ('>=', 1), 'br3': ('>=', 1), 'br4': ('>=', 1), 'br14': ('>=', 1), 'br15': ('>=', 1), 'br16': ('>=', 1), 'br20': ('>=', 1), 'br24': ('>=', 1), 'br26': ('>=', 1), 'br54': ('>=', 1), 'br58': ('>=', 1), 'br63': ('>=', 1), 'br66': ('>=', 1), 'br72': ('>=', 1), 'sys': ('>=', 1)}
Updated sys_vals: [50.911, 51.551, 52.111, 52.271, 52.43, 52.546, 52.697, 52.802, 52.944, 52.983, 52.99, 52.998, 53.108, 53.119, 53.122, 53.278, 53.294, 53.35, 53.458, 53.47, 53.489, 53.505, 53.518, 53.534, 53.544, 53.55, 53.582, 53.584, 53.598, 53.63, 53.664, 53.673, 53.699, 53.702, 53.71, 53.716, 53.718, 53.744, 53.745, 53.753, 53.758, 53.76, 53.774, 53.789, 53.79, 53.793, 53.794, 53.807, 53.81, 53.814, 53.824, 53.833, 53.834, 53.851, 53.854, 53.855, 53.856, 53.857, 53.861, 53.865, 53.87, 53.877, 53.878, 53.88, 53.882, 53.883, 53.885, 53.889, 53.894, 53.899, 53.901, 53.905, 53.906, 53.909, 53.918, 53.922, 53.923, 53.925, 53.932, 53.934, 53.935, 53.945, 53.947, 53.949, 53.955, 53.956, 53.957, 53.958, 53.961, 53.964, 53.968, 53.969, 53.973, 53.974, 53.975, 53.977, 53.978, 53.979, 53.981, 53.982, 53.989, 53.99, 53.991, 53.993, 53.994, 53.995, 53.996, 53.998, 53.999, 54.002, 54.004, 54.005, 54.011, 54.013, 54.016, 54.019, 54.02, 54.021, 54.023, 54.024, 54.026, 54.028, 54.029, 54.033, 54.034, 54.036, 54.037, 54.039, 54.041, 54.042, 54.043, 54.044, 54.045, 54.047, 54.048, 54.049, 54.051, 54.053, 54.055, 54.056, 54.057, 54.061, 54.064, 54.065, 54.067, 54.068, 54.069, 54.071, 54.072, 54.077, 54.078, 54.08, 54.081, 54.082, 54.083, 54.085, 54.087, 54.089, 54.09, 54.091, 54.092, 54.093, 54.094, 54.097, 54.099, 54.1, 54.11, 54.19, 54.209, 54.218, 54.222, 54.251, 54.252, 54.269, 54.302, 54.325, 54.343, 54.378, 54.384, 54.401, 54.406, 54.445, 54.605, 54.669, 54.712, 54.721, 54.79, 54.806, 54.909, 54.989, 54.995, 55.006, 55.076, 55.212, 55.229, 55.444, 55.462, 55.661, 55.69, 56.231, 56.365, 56.402, 56.974, 57.199, 57.245, 57.28, 57.496, 57.547, 57.81, 63.249, 64.739]
---
Round: 298, Unk. prob.: 1.000e-04
Surv probs: 9.999e-01, Fail probs: 3.000e-05
No. of non-dominant rules: 297, Survival rules: 248, Failure rules: 49
Survival sample found from sampling.
No. of existing rules removed:  0
New rule added. System state: 1, System value: 53.96776. Total samples: 100000.
New rule (No. of conditions: 18): {'vbus1': ('>=', 1), 'vbus2': ('>=', 1), 'vbus3': ('>=', 1), 'vbus6': ('>=', 1), 'vbus9': ('>=', 2), 'vbus12': ('>=', 1), 'vbus14': ('>=', 1), 'vbus15': ('>=', 1), 'vbus17': ('>=', 1), 'vbus46': ('>=', 1), 'vbus47': ('>=', 1), 'br1': ('>=', 1), 'br15': ('>=', 1), 'br17': ('>=', 1), 'br27': ('>=', 1), 'br28': ('>=', 1), 'br59': ('>=', 1), 'br60': ('>=', 1), 'sys': ('>=', 1)}
---
Round: 299, Unk. prob.: 9.000e-05
Surv probs: 9.999e-01, Fail probs: 4.000e-05
No. of non-dominant rules: 298, Survival rules: 249, Failure rules: 49
Survival sample found from sampling.
No. of existing rules removed:  0
New rule added. System state: 1, System value: 53.923933. Total samples: 100000.
New rule (No. of conditions: 60): {'vbus1': ('>=', 2), 'vbus2': ('>=', 1), 'vbus3': ('>=', 2), 'vbus4': ('>=', 1), 'vbus5': ('>=', 1), 'vbus7': ('>=', 1), 'vbus8': ('>=', 1), 'vbus13': ('>=', 1), 'vbus14': ('>=', 1), 'vbus15': ('>=', 1), 'vbus16': ('>=', 1), 'vbus17': ('>=', 1), 'vbus18': ('>=', 1), 'vbus19': ('>=', 1), 'vbus20': ('>=', 1), 'vbus22': ('>=', 1), 'vbus23': ('>=', 1), 'vbus25': ('>=', 1), 'vbus27': ('>=', 1), 'vbus28': ('>=', 1), 'vbus29': ('>=', 1), 'vbus38': ('>=', 1), 'vbus44': ('>=', 1), 'vbus45': ('>=', 1), 'vbus47': ('>=', 1), 'vbus48': ('>=', 1), 'vbus49': ('>=', 1), 'vbus50': ('>=', 1), 'vbus52': ('>=', 1), 'vbus53': ('>=', 1), 'vbus54': ('>=', 1), 'vbus55': ('>=', 1), 'br3': ('>=', 1), 'br4': ('>=', 1), 'br13': ('>=', 1), 'br14': ('>=', 1), 'br15': ('>=', 1), 'br16': ('>=', 1), 'br17': ('>=', 1), 'br20': ('>=', 1), 'br22': ('>=', 1), 'br29': ('>=', 1), 'br30': ('>=', 1), 'br33': ('>=', 1), 'br34': ('>=', 1), 'br36': ('>=', 1), 'br39': ('>=', 1), 'br41': ('>=', 1), 'br53': ('>=', 1), 'br57': ('>=', 1), 'br58': ('>=', 1), 'br61': ('>=', 1), 'br63': ('>=', 1), 'br66': ('>=', 1), 'br67': ('>=', 1), 'br68': ('>=', 1), 'br69': ('>=', 1), 'br70': ('>=', 1), 'br72': ('>=', 1), 'br79': ('>=', 1), 'sys': ('>=', 1)}
Updated sys_vals: [50.911, 51.551, 52.111, 52.271, 52.43, 52.546, 52.697, 52.802, 52.944, 52.983, 52.99, 52.998, 53.108, 53.119, 53.122, 53.278, 53.294, 53.35, 53.458, 53.47, 53.489, 53.505, 53.518, 53.534, 53.544, 53.55, 53.582, 53.584, 53.598, 53.63, 53.664, 53.673, 53.699, 53.702, 53.71, 53.716, 53.718, 53.744, 53.745, 53.753, 53.758, 53.76, 53.774, 53.789, 53.79, 53.793, 53.794, 53.807, 53.81, 53.814, 53.824, 53.833, 53.834, 53.851, 53.854, 53.855, 53.856, 53.857, 53.861, 53.865, 53.87, 53.877, 53.878, 53.88, 53.882, 53.883, 53.885, 53.889, 53.894, 53.899, 53.901, 53.905, 53.906, 53.909, 53.918, 53.922, 53.923, 53.924, 53.925, 53.932, 53.934, 53.935, 53.945, 53.947, 53.949, 53.955, 53.956, 53.957, 53.958, 53.961, 53.964, 53.968, 53.969, 53.973, 53.974, 53.975, 53.977, 53.978, 53.979, 53.981, 53.982, 53.989, 53.99, 53.991, 53.993, 53.994, 53.995, 53.996, 53.998, 53.999, 54.002, 54.004, 54.005, 54.011, 54.013, 54.016, 54.019, 54.02, 54.021, 54.023, 54.024, 54.026, 54.028, 54.029, 54.033, 54.034, 54.036, 54.037, 54.039, 54.041, 54.042, 54.043, 54.044, 54.045, 54.047, 54.048, 54.049, 54.051, 54.053, 54.055, 54.056, 54.057, 54.061, 54.064, 54.065, 54.067, 54.068, 54.069, 54.071, 54.072, 54.077, 54.078, 54.08, 54.081, 54.082, 54.083, 54.085, 54.087, 54.089, 54.09, 54.091, 54.092, 54.093, 54.094, 54.097, 54.099, 54.1, 54.11, 54.19, 54.209, 54.218, 54.222, 54.251, 54.252, 54.269, 54.302, 54.325, 54.343, 54.378, 54.384, 54.401, 54.406, 54.445, 54.605, 54.669, 54.712, 54.721, 54.79, 54.806, 54.909, 54.989, 54.995, 55.006, 55.076, 55.212, 55.229, 55.444, 55.462, 55.661, 55.69, 56.231, 56.365, 56.402, 56.974, 57.199, 57.245, 57.28, 57.496, 57.547, 57.81, 63.249, 64.739]
---
Round: 300, Unk. prob.: 1.300e-04
Surv probs: 9.997e-01, Fail probs: 1.300e-04
No. of non-dominant rules: 299, Survival rules: 250, Failure rules: 49
Failure sample found from sampling.
No. of existing rules removed:  0
New rule added. System state: 0, System value: 54.994939. Total samples: 100000.
New rule (No. of conditions: 6): {'vbus1': ('<=', 0), 'vbus4': ('<=', 0), 'vbus6': ('<=', 2), 'vbus8': ('<=', 0), 'vbus9': ('<=', 1), 'vbus12': ('<=', 2), 'sys': ('<=', 0)}
---
Round: 301, Unk. prob.: 9.000e-05
Surv probs: 9.999e-01, Fail probs: 6.000e-05
No. of non-dominant rules: 300, Survival rules: 250, Failure rules: 50
Survival sample found from sampling.
No. of existing rules removed:  0
New rule added. System state: 1, System value: 54.057455. Total samples: 100000.
New rule (No. of conditions: 45): {'vbus1': ('>=', 2), 'vbus2': ('>=', 1), 'vbus3': ('>=', 2), 'vbus4': ('>=', 1), 'vbus9': ('>=', 2), 'vbus11': ('>=', 1), 'vbus12': ('>=', 1), 'vbus13': ('>=', 1), 'vbus14': ('>=', 1), 'vbus15': ('>=', 1), 'vbus17': ('>=', 1), 'vbus18': ('>=', 1), 'vbus22': ('>=', 1), 'vbus23': ('>=', 1), 'vbus38': ('>=', 1), 'vbus41': ('>=', 1), 'vbus43': ('>=', 1), 'vbus44': ('>=', 1), 'vbus45': ('>=', 1), 'vbus46': ('>=', 1), 'vbus47': ('>=', 1), 'vbus48': ('>=', 1), 'vbus49': ('>=', 1), 'br3': ('>=', 1), 'br10': ('>=', 1), 'br12': ('>=', 1), 'br14': ('>=', 1), 'br15': ('>=', 1), 'br17': ('>=', 1), 'br19': ('>=', 1), 'br24': ('>=', 1), 'br25': ('>=', 1), 'br28': ('>=', 1), 'br33': ('>=', 1), 'br53': ('>=', 1), 'br54': ('>=', 1), 'br55': ('>=', 1), 'br56': ('>=', 1), 'br58': ('>=', 1), 'br59': ('>=', 1), 'br60': ('>=', 1), 'br61': ('>=', 1), 'br66': ('>=', 1), 'br72': ('>=', 1), 'br79': ('>=', 1), 'sys': ('>=', 1)}
---
Round: 302, Unk. prob.: 1.100e-04
Surv probs: 9.998e-01, Fail probs: 5.000e-05
No. of non-dominant rules: 301, Survival rules: 251, Failure rules: 50
Survival sample found from sampling.
No. of existing rules removed:  0
New rule added. System state: 1, System value: 54.076113. Total samples: 100000.
New rule (No. of conditions: 53): {'vbus1': ('>=', 2), 'vbus2': ('>=', 1), 'vbus3': ('>=', 2), 'vbus4': ('>=', 1), 'vbus5': ('>=', 1), 'vbus6': ('>=', 2), 'vbus7': ('>=', 1), 'vbus9': ('>=', 3), 'vbus11': ('>=', 1), 'vbus13': ('>=', 1), 'vbus14': ('>=', 1), 'vbus15': ('>=', 1), 'vbus16': ('>=', 1), 'vbus17': ('>=', 1), 'vbus18': ('>=', 1), 'vbus19': ('>=', 1), 'vbus29': ('>=', 1), 'vbus38': ('>=', 1), 'vbus41': ('>=', 1), 'vbus42': ('>=', 1), 'vbus44': ('>=', 1), 'vbus45': ('>=', 1), 'vbus46': ('>=', 1), 'vbus47': ('>=', 1), 'vbus49': ('>=', 1), 'vbus52': ('>=', 1), 'vbus53': ('>=', 1), 'vbus56': ('>=', 1), 'br3': ('>=', 1), 'br4': ('>=', 1), 'br5': ('>=', 1), 'br6': ('>=', 1), 'br12': ('>=', 1), 'br14': ('>=', 1), 'br15': ('>=', 1), 'br16': ('>=', 1), 'br17': ('>=', 1), 'br20': ('>=', 1), 'br24': ('>=', 1), 'br28': ('>=', 1), 'br29': ('>=', 1), 'br41': ('>=', 1), 'br54': ('>=', 1), 'br55': ('>=', 1), 'br58': ('>=', 1), 'br59': ('>=', 1), 'br60': ('>=', 1), 'br66': ('>=', 1), 'br67': ('>=', 1), 'br68': ('>=', 1), 'br72': ('>=', 1), 'br75': ('>=', 1), 'br78': ('>=', 1), 'sys': ('>=', 1)}
Updated sys_vals: [50.911, 51.551, 52.111, 52.271, 52.43, 52.546, 52.697, 52.802, 52.944, 52.983, 52.99, 52.998, 53.108, 53.119, 53.122, 53.278, 53.294, 53.35, 53.458, 53.47, 53.489, 53.505, 53.518, 53.534, 53.544, 53.55, 53.582, 53.584, 53.598, 53.63, 53.664, 53.673, 53.699, 53.702, 53.71, 53.716, 53.718, 53.744, 53.745, 53.753, 53.758, 53.76, 53.774, 53.789, 53.79, 53.793, 53.794, 53.807, 53.81, 53.814, 53.824, 53.833, 53.834, 53.851, 53.854, 53.855, 53.856, 53.857, 53.861, 53.865, 53.87, 53.877, 53.878, 53.88, 53.882, 53.883, 53.885, 53.889, 53.894, 53.899, 53.901, 53.905, 53.906, 53.909, 53.918, 53.922, 53.923, 53.924, 53.925, 53.932, 53.934, 53.935, 53.945, 53.947, 53.949, 53.955, 53.956, 53.957, 53.958, 53.961, 53.964, 53.968, 53.969, 53.973, 53.974, 53.975, 53.977, 53.978, 53.979, 53.981, 53.982, 53.989, 53.99, 53.991, 53.993, 53.994, 53.995, 53.996, 53.998, 53.999, 54.002, 54.004, 54.005, 54.011, 54.013, 54.016, 54.019, 54.02, 54.021, 54.023, 54.024, 54.026, 54.028, 54.029, 54.033, 54.034, 54.036, 54.037, 54.039, 54.041, 54.042, 54.043, 54.044, 54.045, 54.047, 54.048, 54.049, 54.051, 54.053, 54.055, 54.056, 54.057, 54.061, 54.064, 54.065, 54.067, 54.068, 54.069, 54.071, 54.072, 54.076, 54.077, 54.078, 54.08, 54.081, 54.082, 54.083, 54.085, 54.087, 54.089, 54.09, 54.091, 54.092, 54.093, 54.094, 54.097, 54.099, 54.1, 54.11, 54.19, 54.209, 54.218, 54.222, 54.251, 54.252, 54.269, 54.302, 54.325, 54.343, 54.378, 54.384, 54.401, 54.406, 54.445, 54.605, 54.669, 54.712, 54.721, 54.79, 54.806, 54.909, 54.989, 54.995, 55.006, 55.076, 55.212, 55.229, 55.444, 55.462, 55.661, 55.69, 56.231, 56.365, 56.402, 56.974, 57.199, 57.245, 57.28, 57.496, 57.547, 57.81, 63.249, 64.739]
---
Round: 303, Unk. prob.: 1.300e-04
Surv probs: 9.998e-01, Fail probs: 6.000e-05
No. of non-dominant rules: 302, Survival rules: 252, Failure rules: 50
Survival sample found from sampling.
No. of existing rules removed:  0
New rule added. System state: 1, System value: 53.941477. Total samples: 100000.
New rule (No. of conditions: 28): {'vbus3': ('>=', 2), 'vbus4': ('>=', 1), 'vbus7': ('>=', 1), 'vbus8': ('>=', 1), 'vbus9': ('>=', 3), 'vbus12': ('>=', 1), 'vbus15': ('>=', 1), 'vbus18': ('>=', 1), 'vbus27': ('>=', 1), 'vbus28': ('>=', 1), 'vbus29': ('>=', 1), 'vbus44': ('>=', 1), 'vbus45': ('>=', 1), 'vbus52': ('>=', 1), 'vbus53': ('>=', 1), 'vbus54': ('>=', 1), 'br3': ('>=', 1), 'br18': ('>=', 1), 'br19': ('>=', 1), 'br22': ('>=', 1), 'br39': ('>=', 1), 'br40': ('>=', 1), 'br41': ('>=', 1), 'br58': ('>=', 1), 'br67': ('>=', 1), 'br68': ('>=', 1), 'br69': ('>=', 1), 'br72': ('>=', 1), 'sys': ('>=', 1)}
Updated sys_vals: [50.911, 51.551, 52.111, 52.271, 52.43, 52.546, 52.697, 52.802, 52.944, 52.983, 52.99, 52.998, 53.108, 53.119, 53.122, 53.278, 53.294, 53.35, 53.458, 53.47, 53.489, 53.505, 53.518, 53.534, 53.544, 53.55, 53.582, 53.584, 53.598, 53.63, 53.664, 53.673, 53.699, 53.702, 53.71, 53.716, 53.718, 53.744, 53.745, 53.753, 53.758, 53.76, 53.774, 53.789, 53.79, 53.793, 53.794, 53.807, 53.81, 53.814, 53.824, 53.833, 53.834, 53.851, 53.854, 53.855, 53.856, 53.857, 53.861, 53.865, 53.87, 53.877, 53.878, 53.88, 53.882, 53.883, 53.885, 53.889, 53.894, 53.899, 53.901, 53.905, 53.906, 53.909, 53.918, 53.922, 53.923, 53.924, 53.925, 53.932, 53.934, 53.935, 53.941, 53.945, 53.947, 53.949, 53.955, 53.956, 53.957, 53.958, 53.961, 53.964, 53.968, 53.969, 53.973, 53.974, 53.975, 53.977, 53.978, 53.979, 53.981, 53.982, 53.989, 53.99, 53.991, 53.993, 53.994, 53.995, 53.996, 53.998, 53.999, 54.002, 54.004, 54.005, 54.011, 54.013, 54.016, 54.019, 54.02, 54.021, 54.023, 54.024, 54.026, 54.028, 54.029, 54.033, 54.034, 54.036, 54.037, 54.039, 54.041, 54.042, 54.043, 54.044, 54.045, 54.047, 54.048, 54.049, 54.051, 54.053, 54.055, 54.056, 54.057, 54.061, 54.064, 54.065, 54.067, 54.068, 54.069, 54.071, 54.072, 54.076, 54.077, 54.078, 54.08, 54.081, 54.082, 54.083, 54.085, 54.087, 54.089, 54.09, 54.091, 54.092, 54.093, 54.094, 54.097, 54.099, 54.1, 54.11, 54.19, 54.209, 54.218, 54.222, 54.251, 54.252, 54.269, 54.302, 54.325, 54.343, 54.378, 54.384, 54.401, 54.406, 54.445, 54.605, 54.669, 54.712, 54.721, 54.79, 54.806, 54.909, 54.989, 54.995, 55.006, 55.076, 55.212, 55.229, 55.444, 55.462, 55.661, 55.69, 56.231, 56.365, 56.402, 56.974, 57.199, 57.245, 57.28, 57.496, 57.547, 57.81, 63.249, 64.739]
---
Round: 304, Unk. prob.: 7.000e-05
Surv probs: 9.999e-01, Fail probs: 7.000e-05
No. of non-dominant rules: 303, Survival rules: 253, Failure rules: 50
Survival sample found from sampling.
No. of existing rules removed:  0
New rule added. System state: 1, System value: 54.041853. Total samples: 100000.
New rule (No. of conditions: 67): {'vbus1': ('>=', 2), 'vbus3': ('>=', 2), 'vbus4': ('>=', 1), 'vbus6': ('>=', 2), 'vbus7': ('>=', 1), 'vbus9': ('>=', 2), 'vbus11': ('>=', 1), 'vbus13': ('>=', 1), 'vbus14': ('>=', 1), 'vbus15': ('>=', 1), 'vbus16': ('>=', 1), 'vbus17': ('>=', 1), 'vbus18': ('>=', 1), 'vbus27': ('>=', 1), 'vbus28': ('>=', 1), 'vbus29': ('>=', 1), 'vbus35': ('>=', 1), 'vbus36': ('>=', 1), 'vbus37': ('>=', 1), 'vbus38': ('>=', 1), 'vbus39': ('>=', 1), 'vbus40': ('>=', 1), 'vbus41': ('>=', 1), 'vbus42': ('>=', 1), 'vbus44': ('>=', 1), 'vbus45': ('>=', 1), 'vbus46': ('>=', 1), 'vbus47': ('>=', 1), 'vbus48': ('>=', 1), 'vbus49': ('>=', 1), 'vbus50': ('>=', 1), 'vbus56': ('>=', 1), 'vbus57': ('>=', 1), 'br3': ('>=', 1), 'br5': ('>=', 1), 'br6': ('>=', 1), 'br10': ('>=', 1), 'br12': ('>=', 1), 'br13': ('>=', 1), 'br14': ('>=', 1), 'br15': ('>=', 1), 'br16': ('>=', 1), 'br17': ('>=', 1), 'br19': ('>=', 1), 'br24': ('>=', 1), 'br28': ('>=', 1), 'br39': ('>=', 1), 'br40': ('>=', 1), 'br41': ('>=', 1), 'br48': ('>=', 1), 'br49': ('>=', 1), 'br50': ('>=', 1), 'br51': ('>=', 1), 'br54': ('>=', 1), 'br58': ('>=', 1), 'br59': ('>=', 1), 'br60': ('>=', 1), 'br61': ('>=', 1), 'br63': ('>=', 1), 'br66': ('>=', 1), 'br72': ('>=', 1), 'br73': ('>=', 1), 'br74': ('>=', 1), 'br75': ('>=', 1), 'br76': ('>=', 1), 'br78': ('>=', 1), 'br79': ('>=', 1), 'sys': ('>=', 1)}
---
Round: 305, Unk. prob.: 6.000e-05
Surv probs: 9.998e-01, Fail probs: 1.000e-04
No. of non-dominant rules: 304, Survival rules: 254, Failure rules: 50
Survival sample found from sampling.
No. of existing rules removed:  0
New rule added. System state: 1, System value: 53.974761. Total samples: 100000.
New rule (No. of conditions: 23): {'vbus2': ('>=', 2), 'vbus3': ('>=', 2), 'vbus4': ('>=', 1), 'vbus6': ('>=', 1), 'vbus9': ('>=', 1), 'vbus12': ('>=', 2), 'vbus14': ('>=', 1), 'vbus15': ('>=', 1), 'vbus18': ('>=', 1), 'vbus38': ('>=', 1), 'vbus46': ('>=', 1), 'vbus47': ('>=', 1), 'vbus48': ('>=', 1), 'br2': ('>=', 1), 'br3': ('>=', 1), 'br5': ('>=', 1), 'br18': ('>=', 1), 'br19': ('>=', 1), 'br28': ('>=', 1), 'br59': ('>=', 1), 'br60': ('>=', 1), 'br61': ('>=', 1), 'br79': ('>=', 1), 'sys': ('>=', 1)}
---
Round: 306, Unk. prob.: 7.000e-05
Surv probs: 9.999e-01, Fail probs: 7.000e-05
No. of non-dominant rules: 305, Survival rules: 255, Failure rules: 50
Survival sample found from sampling.
No. of existing rules removed:  0
New rule added. System state: 1, System value: 54.086121. Total samples: 100000.
New rule (No. of conditions: 51): {'vbus1': ('>=', 1), 'vbus2': ('>=', 2), 'vbus3': ('>=', 2), 'vbus4': ('>=', 1), 'vbus6': ('>=', 1), 'vbus8': ('>=', 1), 'vbus11': ('>=', 1), 'vbus13': ('>=', 1), 'vbus15': ('>=', 1), 'vbus16': ('>=', 1), 'vbus17': ('>=', 1), 'vbus18': ('>=', 1), 'vbus19': ('>=', 1), 'vbus20': ('>=', 1), 'vbus22': ('>=', 1), 'vbus23': ('>=', 1), 'vbus37': ('>=', 1), 'vbus38': ('>=', 1), 'vbus39': ('>=', 1), 'vbus41': ('>=', 1), 'vbus42': ('>=', 1), 'vbus43': ('>=', 1), 'vbus44': ('>=', 1), 'vbus45': ('>=', 1), 'vbus49': ('>=', 1), 'vbus50': ('>=', 1), 'vbus57': ('>=', 1), 'br1': ('>=', 1), 'br3': ('>=', 1), 'br7': ('>=', 1), 'br14': ('>=', 1), 'br15': ('>=', 1), 'br16': ('>=', 1), 'br17': ('>=', 1), 'br20': ('>=', 1), 'br24': ('>=', 1), 'br29': ('>=', 1), 'br30': ('>=', 1), 'br33': ('>=', 1), 'br50': ('>=', 1), 'br51': ('>=', 1), 'br53': ('>=', 1), 'br55': ('>=', 1), 'br56': ('>=', 1), 'br57': ('>=', 1), 'br58': ('>=', 1), 'br63': ('>=', 1), 'br66': ('>=', 1), 'br71': ('>=', 1), 'br72': ('>=', 1), 'br76': ('>=', 1), 'sys': ('>=', 1)}
Updated sys_vals: [50.911, 51.551, 52.111, 52.271, 52.43, 52.546, 52.697, 52.802, 52.944, 52.983, 52.99, 52.998, 53.108, 53.119, 53.122, 53.278, 53.294, 53.35, 53.458, 53.47, 53.489, 53.505, 53.518, 53.534, 53.544, 53.55, 53.582, 53.584, 53.598, 53.63, 53.664, 53.673, 53.699, 53.702, 53.71, 53.716, 53.718, 53.744, 53.745, 53.753, 53.758, 53.76, 53.774, 53.789, 53.79, 53.793, 53.794, 53.807, 53.81, 53.814, 53.824, 53.833, 53.834, 53.851, 53.854, 53.855, 53.856, 53.857, 53.861, 53.865, 53.87, 53.877, 53.878, 53.88, 53.882, 53.883, 53.885, 53.889, 53.894, 53.899, 53.901, 53.905, 53.906, 53.909, 53.918, 53.922, 53.923, 53.924, 53.925, 53.932, 53.934, 53.935, 53.941, 53.945, 53.947, 53.949, 53.955, 53.956, 53.957, 53.958, 53.961, 53.964, 53.968, 53.969, 53.973, 53.974, 53.975, 53.977, 53.978, 53.979, 53.981, 53.982, 53.989, 53.99, 53.991, 53.993, 53.994, 53.995, 53.996, 53.998, 53.999, 54.002, 54.004, 54.005, 54.011, 54.013, 54.016, 54.019, 54.02, 54.021, 54.023, 54.024, 54.026, 54.028, 54.029, 54.033, 54.034, 54.036, 54.037, 54.039, 54.041, 54.042, 54.043, 54.044, 54.045, 54.047, 54.048, 54.049, 54.051, 54.053, 54.055, 54.056, 54.057, 54.061, 54.064, 54.065, 54.067, 54.068, 54.069, 54.071, 54.072, 54.076, 54.077, 54.078, 54.08, 54.081, 54.082, 54.083, 54.085, 54.086, 54.087, 54.089, 54.09, 54.091, 54.092, 54.093, 54.094, 54.097, 54.099, 54.1, 54.11, 54.19, 54.209, 54.218, 54.222, 54.251, 54.252, 54.269, 54.302, 54.325, 54.343, 54.378, 54.384, 54.401, 54.406, 54.445, 54.605, 54.669, 54.712, 54.721, 54.79, 54.806, 54.909, 54.989, 54.995, 55.006, 55.076, 55.212, 55.229, 55.444, 55.462, 55.661, 55.69, 56.231, 56.365, 56.402, 56.974, 57.199, 57.245, 57.28, 57.496, 57.547, 57.81, 63.249, 64.739]
---
Round: 307, Unk. prob.: 5.000e-05
Surv probs: 9.999e-01, Fail probs: 7.000e-05
No. of non-dominant rules: 306, Survival rules: 256, Failure rules: 50
Survival sample found from sampling.
No. of existing rules removed:  0
New rule added. System state: 1, System value: 54.094951. Total samples: 100000.
New rule (No. of conditions: 29): {'vbus1': ('>=', 1), 'vbus2': ('>=', 1), 'vbus3': ('>=', 1), 'vbus4': ('>=', 1), 'vbus5': ('>=', 1), 'vbus6': ('>=', 1), 'vbus7': ('>=', 1), 'vbus8': ('>=', 2), 'vbus9': ('>=', 1), 'vbus13': ('>=', 1), 'vbus17': ('>=', 1), 'vbus18': ('>=', 1), 'vbus29': ('>=', 1), 'vbus53': ('>=', 1), 'vbus54': ('>=', 1), 'vbus55': ('>=', 1), 'br2': ('>=', 1), 'br3': ('>=', 1), 'br4': ('>=', 1), 'br7': ('>=', 1), 'br8': ('>=', 1), 'br12': ('>=', 1), 'br17': ('>=', 1), 'br20': ('>=', 1), 'br22': ('>=', 1), 'br41': ('>=', 1), 'br69': ('>=', 1), 'br70': ('>=', 1), 'br80': ('>=', 1), 'sys': ('>=', 1)}
Updated sys_vals: [50.911, 51.551, 52.111, 52.271, 52.43, 52.546, 52.697, 52.802, 52.944, 52.983, 52.99, 52.998, 53.108, 53.119, 53.122, 53.278, 53.294, 53.35, 53.458, 53.47, 53.489, 53.505, 53.518, 53.534, 53.544, 53.55, 53.582, 53.584, 53.598, 53.63, 53.664, 53.673, 53.699, 53.702, 53.71, 53.716, 53.718, 53.744, 53.745, 53.753, 53.758, 53.76, 53.774, 53.789, 53.79, 53.793, 53.794, 53.807, 53.81, 53.814, 53.824, 53.833, 53.834, 53.851, 53.854, 53.855, 53.856, 53.857, 53.861, 53.865, 53.87, 53.877, 53.878, 53.88, 53.882, 53.883, 53.885, 53.889, 53.894, 53.899, 53.901, 53.905, 53.906, 53.909, 53.918, 53.922, 53.923, 53.924, 53.925, 53.932, 53.934, 53.935, 53.941, 53.945, 53.947, 53.949, 53.955, 53.956, 53.957, 53.958, 53.961, 53.964, 53.968, 53.969, 53.973, 53.974, 53.975, 53.977, 53.978, 53.979, 53.981, 53.982, 53.989, 53.99, 53.991, 53.993, 53.994, 53.995, 53.996, 53.998, 53.999, 54.002, 54.004, 54.005, 54.011, 54.013, 54.016, 54.019, 54.02, 54.021, 54.023, 54.024, 54.026, 54.028, 54.029, 54.033, 54.034, 54.036, 54.037, 54.039, 54.041, 54.042, 54.043, 54.044, 54.045, 54.047, 54.048, 54.049, 54.051, 54.053, 54.055, 54.056, 54.057, 54.061, 54.064, 54.065, 54.067, 54.068, 54.069, 54.071, 54.072, 54.076, 54.077, 54.078, 54.08, 54.081, 54.082, 54.083, 54.085, 54.086, 54.087, 54.089, 54.09, 54.091, 54.092, 54.093, 54.094, 54.095, 54.097, 54.099, 54.1, 54.11, 54.19, 54.209, 54.218, 54.222, 54.251, 54.252, 54.269, 54.302, 54.325, 54.343, 54.378, 54.384, 54.401, 54.406, 54.445, 54.605, 54.669, 54.712, 54.721, 54.79, 54.806, 54.909, 54.989, 54.995, 55.006, 55.076, 55.212, 55.229, 55.444, 55.462, 55.661, 55.69, 56.231, 56.365, 56.402, 56.974, 57.199, 57.245, 57.28, 57.496, 57.547, 57.81, 63.249, 64.739]
---
Round: 308, Unk. prob.: 5.000e-05
Surv probs: 9.999e-01, Fail probs: 5.000e-05
No. of non-dominant rules: 307, Survival rules: 257, Failure rules: 50
Survival sample found from sampling.
No. of existing rules removed:  0
New rule added. System state: 1, System value: 52.270547. Total samples: 100000.
New rule (No. of conditions: 8): {'vbus1': ('>=', 1), 'vbus6': ('>=', 1), 'vbus9': ('>=', 1), 'vbus12': ('>=', 3), 'vbus16': ('>=', 1), 'vbus17': ('>=', 1), 'br16': ('>=', 1), 'br17': ('>=', 1), 'sys': ('>=', 1)}
---
Round: 309, Unk. prob.: 1.100e-04
Surv probs: 9.998e-01, Fail probs: 5.000e-05
No. of non-dominant rules: 308, Survival rules: 258, Failure rules: 50
Failure sample found from sampling.
No. of existing rules removed:  0
New rule added. System state: 0, System value: 54.208877. Total samples: 100000.
New rule (No. of conditions: 5): {'vbus8': ('<=', 1), 'vbus9': ('<=', 1), 'vbus12': ('<=', 0), 'vbus15': ('<=', 0), 'vbus18': ('<=', 0), 'sys': ('<=', 0)}
---
Round: 310, Unk. prob.: 8.000e-05
Surv probs: 9.999e-01, Fail probs: 7.000e-05
No. of non-dominant rules: 309, Survival rules: 258, Failure rules: 51
Survival sample found from sampling.
No. of existing rules removed:  0
New rule added. System state: 1, System value: 54.092802. Total samples: 100000.
New rule (No. of conditions: 29): {'vbus1': ('>=', 1), 'vbus2': ('>=', 1), 'vbus3': ('>=', 1), 'vbus4': ('>=', 1), 'vbus5': ('>=', 1), 'vbus6': ('>=', 1), 'vbus9': ('>=', 3), 'vbus12': ('>=', 1), 'vbus15': ('>=', 1), 'vbus16': ('>=', 1), 'vbus18': ('>=', 1), 'vbus19': ('>=', 1), 'vbus20': ('>=', 1), 'vbus21': ('>=', 1), 'vbus22': ('>=', 1), 'vbus23': ('>=', 1), 'br2': ('>=', 1), 'br3': ('>=', 1), 'br4': ('>=', 1), 'br15': ('>=', 1), 'br16': ('>=', 1), 'br20': ('>=', 1), 'br21': ('>=', 1), 'br26': ('>=', 1), 'br29': ('>=', 1), 'br30': ('>=', 1), 'br31': ('>=', 1), 'br32': ('>=', 1), 'br33': ('>=', 1), 'sys': ('>=', 1)}
---
Round: 311, Unk. prob.: 5.000e-05
Surv probs: 9.998e-01, Fail probs: 1.300e-04
No. of non-dominant rules: 310, Survival rules: 259, Failure rules: 51
Failure sample found from sampling.
No. of existing rules removed:  0
New rule added. System state: 0, System value: 54.98358. Total samples: 100000.
New rule (No. of conditions: 4): {'vbus1': ('<=', 0), 'vbus3': ('<=', 0), 'vbus12': ('<=', 1), 'br8': ('<=', 0), 'sys': ('<=', 0)}
Updated sys_vals: [50.911, 51.551, 52.111, 52.271, 52.43, 52.546, 52.697, 52.802, 52.944, 52.983, 52.99, 52.998, 53.108, 53.119, 53.122, 53.278, 53.294, 53.35, 53.458, 53.47, 53.489, 53.505, 53.518, 53.534, 53.544, 53.55, 53.582, 53.584, 53.598, 53.63, 53.664, 53.673, 53.699, 53.702, 53.71, 53.716, 53.718, 53.744, 53.745, 53.753, 53.758, 53.76, 53.774, 53.789, 53.79, 53.793, 53.794, 53.807, 53.81, 53.814, 53.824, 53.833, 53.834, 53.851, 53.854, 53.855, 53.856, 53.857, 53.861, 53.865, 53.87, 53.877, 53.878, 53.88, 53.882, 53.883, 53.885, 53.889, 53.894, 53.899, 53.901, 53.905, 53.906, 53.909, 53.918, 53.922, 53.923, 53.924, 53.925, 53.932, 53.934, 53.935, 53.941, 53.945, 53.947, 53.949, 53.955, 53.956, 53.957, 53.958, 53.961, 53.964, 53.968, 53.969, 53.973, 53.974, 53.975, 53.977, 53.978, 53.979, 53.981, 53.982, 53.989, 53.99, 53.991, 53.993, 53.994, 53.995, 53.996, 53.998, 53.999, 54.002, 54.004, 54.005, 54.011, 54.013, 54.016, 54.019, 54.02, 54.021, 54.023, 54.024, 54.026, 54.028, 54.029, 54.033, 54.034, 54.036, 54.037, 54.039, 54.041, 54.042, 54.043, 54.044, 54.045, 54.047, 54.048, 54.049, 54.051, 54.053, 54.055, 54.056, 54.057, 54.061, 54.064, 54.065, 54.067, 54.068, 54.069, 54.071, 54.072, 54.076, 54.077, 54.078, 54.08, 54.081, 54.082, 54.083, 54.085, 54.086, 54.087, 54.089, 54.09, 54.091, 54.092, 54.093, 54.094, 54.095, 54.097, 54.099, 54.1, 54.11, 54.19, 54.209, 54.218, 54.222, 54.251, 54.252, 54.269, 54.302, 54.325, 54.343, 54.378, 54.384, 54.401, 54.406, 54.445, 54.605, 54.669, 54.712, 54.721, 54.79, 54.806, 54.909, 54.984, 54.989, 54.995, 55.006, 55.076, 55.212, 55.229, 55.444, 55.462, 55.661, 55.69, 56.231, 56.365, 56.402, 56.974, 57.199, 57.245, 57.28, 57.496, 57.547, 57.81, 63.249, 64.739]
---
Round: 312, Unk. prob.: 6.000e-05
Surv probs: 9.998e-01, Fail probs: 1.500e-04
No. of non-dominant rules: 311, Survival rules: 259, Failure rules: 52
Survival sample found from sampling.
No. of existing rules removed:  0
New rule added. System state: 1, System value: 53.858999. Total samples: 100000.
New rule (No. of conditions: 20): {'vbus1': ('>=', 2), 'vbus2': ('>=', 1), 'vbus3': ('>=', 1), 'vbus4': ('>=', 1), 'vbus5': ('>=', 1), 'vbus6': ('>=', 1), 'vbus9': ('>=', 1), 'vbus12': ('>=', 1), 'vbus15': ('>=', 1), 'vbus16': ('>=', 1), 'vbus17': ('>=', 1), 'br1': ('>=', 1), 'br2': ('>=', 1), 'br3': ('>=', 1), 'br4': ('>=', 1), 'br5': ('>=', 1), 'br16': ('>=', 1), 'br17': ('>=', 1), 'br18': ('>=', 1), 'br27': ('>=', 1), 'sys': ('>=', 1)}
Updated sys_vals: [50.911, 51.551, 52.111, 52.271, 52.43, 52.546, 52.697, 52.802, 52.944, 52.983, 52.99, 52.998, 53.108, 53.119, 53.122, 53.278, 53.294, 53.35, 53.458, 53.47, 53.489, 53.505, 53.518, 53.534, 53.544, 53.55, 53.582, 53.584, 53.598, 53.63, 53.664, 53.673, 53.699, 53.702, 53.71, 53.716, 53.718, 53.744, 53.745, 53.753, 53.758, 53.76, 53.774, 53.789, 53.79, 53.793, 53.794, 53.807, 53.81, 53.814, 53.824, 53.833, 53.834, 53.851, 53.854, 53.855, 53.856, 53.857, 53.859, 53.861, 53.865, 53.87, 53.877, 53.878, 53.88, 53.882, 53.883, 53.885, 53.889, 53.894, 53.899, 53.901, 53.905, 53.906, 53.909, 53.918, 53.922, 53.923, 53.924, 53.925, 53.932, 53.934, 53.935, 53.941, 53.945, 53.947, 53.949, 53.955, 53.956, 53.957, 53.958, 53.961, 53.964, 53.968, 53.969, 53.973, 53.974, 53.975, 53.977, 53.978, 53.979, 53.981, 53.982, 53.989, 53.99, 53.991, 53.993, 53.994, 53.995, 53.996, 53.998, 53.999, 54.002, 54.004, 54.005, 54.011, 54.013, 54.016, 54.019, 54.02, 54.021, 54.023, 54.024, 54.026, 54.028, 54.029, 54.033, 54.034, 54.036, 54.037, 54.039, 54.041, 54.042, 54.043, 54.044, 54.045, 54.047, 54.048, 54.049, 54.051, 54.053, 54.055, 54.056, 54.057, 54.061, 54.064, 54.065, 54.067, 54.068, 54.069, 54.071, 54.072, 54.076, 54.077, 54.078, 54.08, 54.081, 54.082, 54.083, 54.085, 54.086, 54.087, 54.089, 54.09, 54.091, 54.092, 54.093, 54.094, 54.095, 54.097, 54.099, 54.1, 54.11, 54.19, 54.209, 54.218, 54.222, 54.251, 54.252, 54.269, 54.302, 54.325, 54.343, 54.378, 54.384, 54.401, 54.406, 54.445, 54.605, 54.669, 54.712, 54.721, 54.79, 54.806, 54.909, 54.984, 54.989, 54.995, 55.006, 55.076, 55.212, 55.229, 55.444, 55.462, 55.661, 55.69, 56.231, 56.365, 56.402, 56.974, 57.199, 57.245, 57.28, 57.496, 57.547, 57.81, 63.249, 64.739]
---
Round: 313, Unk. prob.: 1.100e-04
Surv probs: 9.998e-01, Fail probs: 5.000e-05
No. of non-dominant rules: 312, Survival rules: 260, Failure rules: 52
Survival sample found from sampling.
No. of existing rules removed:  0
New rule added. System state: 1, System value: 54.089833. Total samples: 100000.
New rule (No. of conditions: 45): {'vbus1': ('>=', 1), 'vbus2': ('>=', 1), 'vbus3': ('>=', 2), 'vbus4': ('>=', 1), 'vbus5': ('>=', 1), 'vbus6': ('>=', 2), 'vbus7': ('>=', 1), 'vbus8': ('>=', 2), 'vbus13': ('>=', 1), 'vbus14': ('>=', 1), 'vbus15': ('>=', 1), 'vbus16': ('>=', 1), 'vbus17': ('>=', 1), 'vbus18': ('>=', 1), 'vbus23': ('>=', 1), 'vbus24': ('>=', 1), 'vbus25': ('>=', 1), 'vbus26': ('>=', 1), 'vbus27': ('>=', 1), 'vbus28': ('>=', 1), 'vbus29': ('>=', 1), 'vbus52': ('>=', 1), 'vbus53': ('>=', 1), 'vbus54': ('>=', 1), 'vbus55': ('>=', 1), 'br3': ('>=', 1), 'br4': ('>=', 1), 'br14': ('>=', 1), 'br15': ('>=', 1), 'br16': ('>=', 1), 'br17': ('>=', 1), 'br19': ('>=', 1), 'br22': ('>=', 1), 'br28': ('>=', 1), 'br34': ('>=', 1), 'br35': ('>=', 1), 'br37': ('>=', 1), 'br38': ('>=', 1), 'br39': ('>=', 1), 'br40': ('>=', 1), 'br41': ('>=', 1), 'br67': ('>=', 1), 'br68': ('>=', 1), 'br69': ('>=', 1), 'br70': ('>=', 1), 'sys': ('>=', 1)}
---
Round: 314, Unk. prob.: 9.000e-05
Surv probs: 9.998e-01, Fail probs: 1.000e-04
No. of non-dominant rules: 313, Survival rules: 261, Failure rules: 52
Survival sample found from sampling.
No. of existing rules removed:  0
New rule added. System state: 1, System value: 54.013431. Total samples: 100000.
New rule (No. of conditions: 13): {'vbus2': ('>=', 1), 'vbus3': ('>=', 1), 'vbus4': ('>=', 1), 'vbus6': ('>=', 2), 'vbus8': ('>=', 1), 'vbus9': ('>=', 1), 'vbus12': ('>=', 1), 'vbus18': ('>=', 1), 'br2': ('>=', 1), 'br3': ('>=', 1), 'br7': ('>=', 1), 'br8': ('>=', 1), 'br19': ('>=', 1), 'sys': ('>=', 1)}
---
Round: 315, Unk. prob.: 9.000e-05
Surv probs: 9.999e-01, Fail probs: 5.000e-05
No. of non-dominant rules: 314, Survival rules: 262, Failure rules: 52
Failure sample found from sampling.
No. of existing rules removed:  0
New rule added. System state: 0, System value: 55.008347. Total samples: 100000.
New rule (No. of conditions: 3): {'vbus1': ('<=', 0), 'vbus6': ('<=', 0), 'vbus12': ('<=', 0), 'sys': ('<=', 0)}
Updated sys_vals: [50.911, 51.551, 52.111, 52.271, 52.43, 52.546, 52.697, 52.802, 52.944, 52.983, 52.99, 52.998, 53.108, 53.119, 53.122, 53.278, 53.294, 53.35, 53.458, 53.47, 53.489, 53.505, 53.518, 53.534, 53.544, 53.55, 53.582, 53.584, 53.598, 53.63, 53.664, 53.673, 53.699, 53.702, 53.71, 53.716, 53.718, 53.744, 53.745, 53.753, 53.758, 53.76, 53.774, 53.789, 53.79, 53.793, 53.794, 53.807, 53.81, 53.814, 53.824, 53.833, 53.834, 53.851, 53.854, 53.855, 53.856, 53.857, 53.859, 53.861, 53.865, 53.87, 53.877, 53.878, 53.88, 53.882, 53.883, 53.885, 53.889, 53.894, 53.899, 53.901, 53.905, 53.906, 53.909, 53.918, 53.922, 53.923, 53.924, 53.925, 53.932, 53.934, 53.935, 53.941, 53.945, 53.947, 53.949, 53.955, 53.956, 53.957, 53.958, 53.961, 53.964, 53.968, 53.969, 53.973, 53.974, 53.975, 53.977, 53.978, 53.979, 53.981, 53.982, 53.989, 53.99, 53.991, 53.993, 53.994, 53.995, 53.996, 53.998, 53.999, 54.002, 54.004, 54.005, 54.011, 54.013, 54.016, 54.019, 54.02, 54.021, 54.023, 54.024, 54.026, 54.028, 54.029, 54.033, 54.034, 54.036, 54.037, 54.039, 54.041, 54.042, 54.043, 54.044, 54.045, 54.047, 54.048, 54.049, 54.051, 54.053, 54.055, 54.056, 54.057, 54.061, 54.064, 54.065, 54.067, 54.068, 54.069, 54.071, 54.072, 54.076, 54.077, 54.078, 54.08, 54.081, 54.082, 54.083, 54.085, 54.086, 54.087, 54.089, 54.09, 54.091, 54.092, 54.093, 54.094, 54.095, 54.097, 54.099, 54.1, 54.11, 54.19, 54.209, 54.218, 54.222, 54.251, 54.252, 54.269, 54.302, 54.325, 54.343, 54.378, 54.384, 54.401, 54.406, 54.445, 54.605, 54.669, 54.712, 54.721, 54.79, 54.806, 54.909, 54.984, 54.989, 54.995, 55.006, 55.008, 55.076, 55.212, 55.229, 55.444, 55.462, 55.661, 55.69, 56.231, 56.365, 56.402, 56.974, 57.199, 57.245, 57.28, 57.496, 57.547, 57.81, 63.249, 64.739]
---
Round: 316, Unk. prob.: 1.000e-04
Surv probs: 9.998e-01, Fail probs: 1.200e-04
No. of non-dominant rules: 315, Survival rules: 262, Failure rules: 53
Failure sample found from sampling.
No. of existing rules removed:  0
New rule added. System state: 0, System value: 55.687406. Total samples: 100000.
New rule (No. of conditions: 4): {'vbus6': ('<=', 1), 'vbus8': ('<=', 0), 'vbus12': ('<=', 0), 'br28': ('<=', 0), 'sys': ('<=', 0)}
Updated sys_vals: [50.911, 51.551, 52.111, 52.271, 52.43, 52.546, 52.697, 52.802, 52.944, 52.983, 52.99, 52.998, 53.108, 53.119, 53.122, 53.278, 53.294, 53.35, 53.458, 53.47, 53.489, 53.505, 53.518, 53.534, 53.544, 53.55, 53.582, 53.584, 53.598, 53.63, 53.664, 53.673, 53.699, 53.702, 53.71, 53.716, 53.718, 53.744, 53.745, 53.753, 53.758, 53.76, 53.774, 53.789, 53.79, 53.793, 53.794, 53.807, 53.81, 53.814, 53.824, 53.833, 53.834, 53.851, 53.854, 53.855, 53.856, 53.857, 53.859, 53.861, 53.865, 53.87, 53.877, 53.878, 53.88, 53.882, 53.883, 53.885, 53.889, 53.894, 53.899, 53.901, 53.905, 53.906, 53.909, 53.918, 53.922, 53.923, 53.924, 53.925, 53.932, 53.934, 53.935, 53.941, 53.945, 53.947, 53.949, 53.955, 53.956, 53.957, 53.958, 53.961, 53.964, 53.968, 53.969, 53.973, 53.974, 53.975, 53.977, 53.978, 53.979, 53.981, 53.982, 53.989, 53.99, 53.991, 53.993, 53.994, 53.995, 53.996, 53.998, 53.999, 54.002, 54.004, 54.005, 54.011, 54.013, 54.016, 54.019, 54.02, 54.021, 54.023, 54.024, 54.026, 54.028, 54.029, 54.033, 54.034, 54.036, 54.037, 54.039, 54.041, 54.042, 54.043, 54.044, 54.045, 54.047, 54.048, 54.049, 54.051, 54.053, 54.055, 54.056, 54.057, 54.061, 54.064, 54.065, 54.067, 54.068, 54.069, 54.071, 54.072, 54.076, 54.077, 54.078, 54.08, 54.081, 54.082, 54.083, 54.085, 54.086, 54.087, 54.089, 54.09, 54.091, 54.092, 54.093, 54.094, 54.095, 54.097, 54.099, 54.1, 54.11, 54.19, 54.209, 54.218, 54.222, 54.251, 54.252, 54.269, 54.302, 54.325, 54.343, 54.378, 54.384, 54.401, 54.406, 54.445, 54.605, 54.669, 54.712, 54.721, 54.79, 54.806, 54.909, 54.984, 54.989, 54.995, 55.006, 55.008, 55.076, 55.212, 55.229, 55.444, 55.462, 55.661, 55.687, 55.69, 56.231, 56.365, 56.402, 56.974, 57.199, 57.245, 57.28, 57.496, 57.547, 57.81, 63.249, 64.739]
---
Round: 317, Unk. prob.: 6.000e-05
Surv probs: 9.999e-01, Fail probs: 3.000e-05
No. of non-dominant rules: 316, Survival rules: 262, Failure rules: 54
Survival sample found from sampling.
No. of existing rules removed:  0
New rule added. System state: 1, System value: 54.059891. Total samples: 100000.
New rule (No. of conditions: 30): {'vbus1': ('>=', 1), 'vbus2': ('>=', 1), 'vbus3': ('>=', 1), 'vbus4': ('>=', 1), 'vbus6': ('>=', 1), 'vbus7': ('>=', 1), 'vbus8': ('>=', 1), 'vbus9': ('>=', 3), 'vbus14': ('>=', 1), 'vbus15': ('>=', 1), 'vbus17': ('>=', 1), 'vbus18': ('>=', 1), 'vbus38': ('>=', 1), 'vbus46': ('>=', 1), 'vbus47': ('>=', 1), 'vbus48': ('>=', 1), 'vbus49': ('>=', 1), 'vbus50': ('>=', 1), 'br5': ('>=', 1), 'br7': ('>=', 1), 'br15': ('>=', 1), 'br17': ('>=', 1), 'br19': ('>=', 1), 'br28': ('>=', 1), 'br59': ('>=', 1), 'br60': ('>=', 1), 'br61': ('>=', 1), 'br63': ('>=', 1), 'br78': ('>=', 1), 'br79': ('>=', 1), 'sys': ('>=', 1)}
Updated sys_vals: [50.911, 51.551, 52.111, 52.271, 52.43, 52.546, 52.697, 52.802, 52.944, 52.983, 52.99, 52.998, 53.108, 53.119, 53.122, 53.278, 53.294, 53.35, 53.458, 53.47, 53.489, 53.505, 53.518, 53.534, 53.544, 53.55, 53.582, 53.584, 53.598, 53.63, 53.664, 53.673, 53.699, 53.702, 53.71, 53.716, 53.718, 53.744, 53.745, 53.753, 53.758, 53.76, 53.774, 53.789, 53.79, 53.793, 53.794, 53.807, 53.81, 53.814, 53.824, 53.833, 53.834, 53.851, 53.854, 53.855, 53.856, 53.857, 53.859, 53.861, 53.865, 53.87, 53.877, 53.878, 53.88, 53.882, 53.883, 53.885, 53.889, 53.894, 53.899, 53.901, 53.905, 53.906, 53.909, 53.918, 53.922, 53.923, 53.924, 53.925, 53.932, 53.934, 53.935, 53.941, 53.945, 53.947, 53.949, 53.955, 53.956, 53.957, 53.958, 53.961, 53.964, 53.968, 53.969, 53.973, 53.974, 53.975, 53.977, 53.978, 53.979, 53.981, 53.982, 53.989, 53.99, 53.991, 53.993, 53.994, 53.995, 53.996, 53.998, 53.999, 54.002, 54.004, 54.005, 54.011, 54.013, 54.016, 54.019, 54.02, 54.021, 54.023, 54.024, 54.026, 54.028, 54.029, 54.033, 54.034, 54.036, 54.037, 54.039, 54.041, 54.042, 54.043, 54.044, 54.045, 54.047, 54.048, 54.049, 54.051, 54.053, 54.055, 54.056, 54.057, 54.06, 54.061, 54.064, 54.065, 54.067, 54.068, 54.069, 54.071, 54.072, 54.076, 54.077, 54.078, 54.08, 54.081, 54.082, 54.083, 54.085, 54.086, 54.087, 54.089, 54.09, 54.091, 54.092, 54.093, 54.094, 54.095, 54.097, 54.099, 54.1, 54.11, 54.19, 54.209, 54.218, 54.222, 54.251, 54.252, 54.269, 54.302, 54.325, 54.343, 54.378, 54.384, 54.401, 54.406, 54.445, 54.605, 54.669, 54.712, 54.721, 54.79, 54.806, 54.909, 54.984, 54.989, 54.995, 55.006, 55.008, 55.076, 55.212, 55.229, 55.444, 55.462, 55.661, 55.687, 55.69, 56.231, 56.365, 56.402, 56.974, 57.199, 57.245, 57.28, 57.496, 57.547, 57.81, 63.249, 64.739]
---
Round: 318, Unk. prob.: 3.000e-05
Surv probs: 9.998e-01, Fail probs: 1.400e-04
No. of non-dominant rules: 317, Survival rules: 263, Failure rules: 54
Survival sample found from sampling.
No. of existing rules removed:  0
New rule added. System state: 1, System value: 54.057835. Total samples: 100000.
New rule (No. of conditions: 17): {'vbus3': ('>=', 1), 'vbus5': ('>=', 1), 'vbus6': ('>=', 2), 'vbus8': ('>=', 1), 'vbus9': ('>=', 2), 'vbus11': ('>=', 1), 'vbus12': ('>=', 1), 'vbus41': ('>=', 1), 'vbus42': ('>=', 1), 'vbus43': ('>=', 1), 'br8': ('>=', 1), 'br10': ('>=', 1), 'br11': ('>=', 1), 'br21': ('>=', 1), 'br55': ('>=', 1), 'br56': ('>=', 1), 'br71': ('>=', 1), 'sys': ('>=', 1)}
Updated sys_vals: [50.911, 51.551, 52.111, 52.271, 52.43, 52.546, 52.697, 52.802, 52.944, 52.983, 52.99, 52.998, 53.108, 53.119, 53.122, 53.278, 53.294, 53.35, 53.458, 53.47, 53.489, 53.505, 53.518, 53.534, 53.544, 53.55, 53.582, 53.584, 53.598, 53.63, 53.664, 53.673, 53.699, 53.702, 53.71, 53.716, 53.718, 53.744, 53.745, 53.753, 53.758, 53.76, 53.774, 53.789, 53.79, 53.793, 53.794, 53.807, 53.81, 53.814, 53.824, 53.833, 53.834, 53.851, 53.854, 53.855, 53.856, 53.857, 53.859, 53.861, 53.865, 53.87, 53.877, 53.878, 53.88, 53.882, 53.883, 53.885, 53.889, 53.894, 53.899, 53.901, 53.905, 53.906, 53.909, 53.918, 53.922, 53.923, 53.924, 53.925, 53.932, 53.934, 53.935, 53.941, 53.945, 53.947, 53.949, 53.955, 53.956, 53.957, 53.958, 53.961, 53.964, 53.968, 53.969, 53.973, 53.974, 53.975, 53.977, 53.978, 53.979, 53.981, 53.982, 53.989, 53.99, 53.991, 53.993, 53.994, 53.995, 53.996, 53.998, 53.999, 54.002, 54.004, 54.005, 54.011, 54.013, 54.016, 54.019, 54.02, 54.021, 54.023, 54.024, 54.026, 54.028, 54.029, 54.033, 54.034, 54.036, 54.037, 54.039, 54.041, 54.042, 54.043, 54.044, 54.045, 54.047, 54.048, 54.049, 54.051, 54.053, 54.055, 54.056, 54.057, 54.058, 54.06, 54.061, 54.064, 54.065, 54.067, 54.068, 54.069, 54.071, 54.072, 54.076, 54.077, 54.078, 54.08, 54.081, 54.082, 54.083, 54.085, 54.086, 54.087, 54.089, 54.09, 54.091, 54.092, 54.093, 54.094, 54.095, 54.097, 54.099, 54.1, 54.11, 54.19, 54.209, 54.218, 54.222, 54.251, 54.252, 54.269, 54.302, 54.325, 54.343, 54.378, 54.384, 54.401, 54.406, 54.445, 54.605, 54.669, 54.712, 54.721, 54.79, 54.806, 54.909, 54.984, 54.989, 54.995, 55.006, 55.008, 55.076, 55.212, 55.229, 55.444, 55.462, 55.661, 55.687, 55.69, 56.231, 56.365, 56.402, 56.974, 57.199, 57.245, 57.28, 57.496, 57.547, 57.81, 63.249, 64.739]
---
Round: 319, Unk. prob.: 1.300e-04
Surv probs: 9.998e-01, Fail probs: 8.000e-05
No. of non-dominant rules: 318, Survival rules: 264, Failure rules: 54
Survival sample found from sampling.
No. of existing rules removed:  0
New rule added. System state: 1, System value: 53.977806. Total samples: 100000.
New rule (No. of conditions: 49): {'vbus1': ('>=', 1), 'vbus3': ('>=', 2), 'vbus4': ('>=', 1), 'vbus5': ('>=', 1), 'vbus6': ('>=', 2), 'vbus7': ('>=', 1), 'vbus8': ('>=', 1), 'vbus14': ('>=', 1), 'vbus15': ('>=', 1), 'vbus16': ('>=', 1), 'vbus17': ('>=', 1), 'vbus18': ('>=', 1), 'vbus22': ('>=', 1), 'vbus23': ('>=', 1), 'vbus28': ('>=', 1), 'vbus29': ('>=', 1), 'vbus37': ('>=', 1), 'vbus38': ('>=', 1), 'vbus39': ('>=', 1), 'vbus44': ('>=', 1), 'vbus45': ('>=', 1), 'vbus46': ('>=', 1), 'vbus47': ('>=', 1), 'vbus49': ('>=', 1), 'vbus57': ('>=', 1), 'br3': ('>=', 1), 'br4': ('>=', 1), 'br15': ('>=', 1), 'br16': ('>=', 1), 'br17': ('>=', 1), 'br18': ('>=', 1), 'br20': ('>=', 1), 'br22': ('>=', 1), 'br28': ('>=', 1), 'br33': ('>=', 1), 'br40': ('>=', 1), 'br41': ('>=', 1), 'br42': ('>=', 1), 'br49': ('>=', 1), 'br50': ('>=', 1), 'br51': ('>=', 1), 'br53': ('>=', 1), 'br57': ('>=', 1), 'br58': ('>=', 1), 'br59': ('>=', 1), 'br60': ('>=', 1), 'br72': ('>=', 1), 'br76': ('>=', 1), 'br78': ('>=', 1), 'sys': ('>=', 1)}
---
Round: 320, Unk. prob.: 6.000e-05
Surv probs: 9.999e-01, Fail probs: 6.000e-05
No. of non-dominant rules: 319, Survival rules: 265, Failure rules: 54
Survival sample found from sampling.
No. of existing rules removed:  0
New rule added. System state: 1, System value: 53.933483. Total samples: 100000.
New rule (No. of conditions: 20): {'vbus1': ('>=', 1), 'vbus2': ('>=', 1), 'vbus3': ('>=', 2), 'vbus4': ('>=', 1), 'vbus5': ('>=', 1), 'vbus6': ('>=', 2), 'vbus8': ('>=', 1), 'vbus12': ('>=', 1), 'vbus15': ('>=', 1), 'vbus18': ('>=', 1), 'vbus38': ('>=', 1), 'vbus44': ('>=', 1), 'vbus45': ('>=', 1), 'br3': ('>=', 1), 'br4': ('>=', 1), 'br15': ('>=', 1), 'br19': ('>=', 1), 'br57': ('>=', 1), 'br58': ('>=', 1), 'br72': ('>=', 1), 'sys': ('>=', 1)}
Updated sys_vals: [50.911, 51.551, 52.111, 52.271, 52.43, 52.546, 52.697, 52.802, 52.944, 52.983, 52.99, 52.998, 53.108, 53.119, 53.122, 53.278, 53.294, 53.35, 53.458, 53.47, 53.489, 53.505, 53.518, 53.534, 53.544, 53.55, 53.582, 53.584, 53.598, 53.63, 53.664, 53.673, 53.699, 53.702, 53.71, 53.716, 53.718, 53.744, 53.745, 53.753, 53.758, 53.76, 53.774, 53.789, 53.79, 53.793, 53.794, 53.807, 53.81, 53.814, 53.824, 53.833, 53.834, 53.851, 53.854, 53.855, 53.856, 53.857, 53.859, 53.861, 53.865, 53.87, 53.877, 53.878, 53.88, 53.882, 53.883, 53.885, 53.889, 53.894, 53.899, 53.901, 53.905, 53.906, 53.909, 53.918, 53.922, 53.923, 53.924, 53.925, 53.932, 53.933, 53.934, 53.935, 53.941, 53.945, 53.947, 53.949, 53.955, 53.956, 53.957, 53.958, 53.961, 53.964, 53.968, 53.969, 53.973, 53.974, 53.975, 53.977, 53.978, 53.979, 53.981, 53.982, 53.989, 53.99, 53.991, 53.993, 53.994, 53.995, 53.996, 53.998, 53.999, 54.002, 54.004, 54.005, 54.011, 54.013, 54.016, 54.019, 54.02, 54.021, 54.023, 54.024, 54.026, 54.028, 54.029, 54.033, 54.034, 54.036, 54.037, 54.039, 54.041, 54.042, 54.043, 54.044, 54.045, 54.047, 54.048, 54.049, 54.051, 54.053, 54.055, 54.056, 54.057, 54.058, 54.06, 54.061, 54.064, 54.065, 54.067, 54.068, 54.069, 54.071, 54.072, 54.076, 54.077, 54.078, 54.08, 54.081, 54.082, 54.083, 54.085, 54.086, 54.087, 54.089, 54.09, 54.091, 54.092, 54.093, 54.094, 54.095, 54.097, 54.099, 54.1, 54.11, 54.19, 54.209, 54.218, 54.222, 54.251, 54.252, 54.269, 54.302, 54.325, 54.343, 54.378, 54.384, 54.401, 54.406, 54.445, 54.605, 54.669, 54.712, 54.721, 54.79, 54.806, 54.909, 54.984, 54.989, 54.995, 55.006, 55.008, 55.076, 55.212, 55.229, 55.444, 55.462, 55.661, 55.687, 55.69, 56.231, 56.365, 56.402, 56.974, 57.199, 57.245, 57.28, 57.496, 57.547, 57.81, 63.249, 64.739]
---
Round: 321, Unk. prob.: 5.000e-05
Surv probs: 9.999e-01, Fail probs: 5.000e-05
No. of non-dominant rules: 320, Survival rules: 266, Failure rules: 54
Survival sample found from sampling.
No. of existing rules removed:  0
New rule added. System state: 1, System value: 53.999509. Total samples: 100000.
New rule (No. of conditions: 36): {'vbus1': ('>=', 1), 'vbus2': ('>=', 1), 'vbus3': ('>=', 1), 'vbus4': ('>=', 1), 'vbus5': ('>=', 1), 'vbus6': ('>=', 1), 'vbus7': ('>=', 1), 'vbus8': ('>=', 1), 'vbus9': ('>=', 2), 'vbus15': ('>=', 1), 'vbus17': ('>=', 1), 'vbus18': ('>=', 1), 'vbus19': ('>=', 1), 'vbus29': ('>=', 1), 'vbus38': ('>=', 1), 'vbus44': ('>=', 1), 'vbus45': ('>=', 1), 'vbus47': ('>=', 1), 'vbus48': ('>=', 1), 'vbus49': ('>=', 1), 'br3': ('>=', 1), 'br5': ('>=', 1), 'br7': ('>=', 1), 'br15': ('>=', 1), 'br17': ('>=', 1), 'br20': ('>=', 1), 'br21': ('>=', 1), 'br22': ('>=', 1), 'br29': ('>=', 1), 'br41': ('>=', 1), 'br57': ('>=', 1), 'br58': ('>=', 1), 'br61': ('>=', 1), 'br72': ('>=', 1), 'br78': ('>=', 1), 'br79': ('>=', 1), 'sys': ('>=', 1)}
Updated sys_vals: [50.911, 51.551, 52.111, 52.271, 52.43, 52.546, 52.697, 52.802, 52.944, 52.983, 52.99, 52.998, 53.108, 53.119, 53.122, 53.278, 53.294, 53.35, 53.458, 53.47, 53.489, 53.505, 53.518, 53.534, 53.544, 53.55, 53.582, 53.584, 53.598, 53.63, 53.664, 53.673, 53.699, 53.702, 53.71, 53.716, 53.718, 53.744, 53.745, 53.753, 53.758, 53.76, 53.774, 53.789, 53.79, 53.793, 53.794, 53.807, 53.81, 53.814, 53.824, 53.833, 53.834, 53.851, 53.854, 53.855, 53.856, 53.857, 53.859, 53.861, 53.865, 53.87, 53.877, 53.878, 53.88, 53.882, 53.883, 53.885, 53.889, 53.894, 53.899, 53.901, 53.905, 53.906, 53.909, 53.918, 53.922, 53.923, 53.924, 53.925, 53.932, 53.933, 53.934, 53.935, 53.941, 53.945, 53.947, 53.949, 53.955, 53.956, 53.957, 53.958, 53.961, 53.964, 53.968, 53.969, 53.973, 53.974, 53.975, 53.977, 53.978, 53.979, 53.981, 53.982, 53.989, 53.99, 53.991, 53.993, 53.994, 53.995, 53.996, 53.998, 53.999, 54.0, 54.002, 54.004, 54.005, 54.011, 54.013, 54.016, 54.019, 54.02, 54.021, 54.023, 54.024, 54.026, 54.028, 54.029, 54.033, 54.034, 54.036, 54.037, 54.039, 54.041, 54.042, 54.043, 54.044, 54.045, 54.047, 54.048, 54.049, 54.051, 54.053, 54.055, 54.056, 54.057, 54.058, 54.06, 54.061, 54.064, 54.065, 54.067, 54.068, 54.069, 54.071, 54.072, 54.076, 54.077, 54.078, 54.08, 54.081, 54.082, 54.083, 54.085, 54.086, 54.087, 54.089, 54.09, 54.091, 54.092, 54.093, 54.094, 54.095, 54.097, 54.099, 54.1, 54.11, 54.19, 54.209, 54.218, 54.222, 54.251, 54.252, 54.269, 54.302, 54.325, 54.343, 54.378, 54.384, 54.401, 54.406, 54.445, 54.605, 54.669, 54.712, 54.721, 54.79, 54.806, 54.909, 54.984, 54.989, 54.995, 55.006, 55.008, 55.076, 55.212, 55.229, 55.444, 55.462, 55.661, 55.687, 55.69, 56.231, 56.365, 56.402, 56.974, 57.199, 57.245, 57.28, 57.496, 57.547, 57.81, 63.249, 64.739]
---
Round: 322, Unk. prob.: 7.000e-05
Surv probs: 9.998e-01, Fail probs: 9.000e-05
No. of non-dominant rules: 321, Survival rules: 267, Failure rules: 54
Survival sample found from sampling.
No. of existing rules removed:  0
New rule added. System state: 1, System value: 54.034432. Total samples: 100000.
New rule (No. of conditions: 52): {'vbus1': ('>=', 1), 'vbus2': ('>=', 2), 'vbus6': ('>=', 2), 'vbus7': ('>=', 1), 'vbus8': ('>=', 1), 'vbus11': ('>=', 1), 'vbus13': ('>=', 1), 'vbus14': ('>=', 1), 'vbus15': ('>=', 1), 'vbus16': ('>=', 1), 'vbus17': ('>=', 1), 'vbus22': ('>=', 1), 'vbus23': ('>=', 1), 'vbus29': ('>=', 1), 'vbus38': ('>=', 1), 'vbus41': ('>=', 1), 'vbus43': ('>=', 1), 'vbus44': ('>=', 1), 'vbus46': ('>=', 1), 'vbus47': ('>=', 1), 'vbus48': ('>=', 1), 'vbus49': ('>=', 1), 'vbus50': ('>=', 1), 'vbus52': ('>=', 1), 'vbus53': ('>=', 1), 'vbus56': ('>=', 1), 'br1': ('>=', 1), 'br13': ('>=', 1), 'br14': ('>=', 1), 'br15': ('>=', 1), 'br16': ('>=', 1), 'br17': ('>=', 1), 'br22': ('>=', 1), 'br24': ('>=', 1), 'br28': ('>=', 1), 'br33': ('>=', 1), 'br41': ('>=', 1), 'br53': ('>=', 1), 'br56': ('>=', 1), 'br57': ('>=', 1), 'br59': ('>=', 1), 'br60': ('>=', 1), 'br61': ('>=', 1), 'br63': ('>=', 1), 'br66': ('>=', 1), 'br67': ('>=', 1), 'br68': ('>=', 1), 'br71': ('>=', 1), 'br74': ('>=', 1), 'br77': ('>=', 1), 'br78': ('>=', 1), 'br79': ('>=', 1), 'sys': ('>=', 1)}
---
Round: 323, Unk. prob.: 9.000e-05
Surv probs: 9.999e-01, Fail probs: 6.000e-05
No. of non-dominant rules: 322, Survival rules: 268, Failure rules: 54
Survival sample found from sampling.
No. of existing rules removed:  0
New rule added. System state: 1, System value: 54.075306. Total samples: 100000.
New rule (No. of conditions: 36): {'vbus1': ('>=', 1), 'vbus2': ('>=', 1), 'vbus3': ('>=', 1), 'vbus6': ('>=', 1), 'vbus8': ('>=', 2), 'vbus9': ('>=', 1), 'vbus10': ('>=', 1), 'vbus11': ('>=', 1), 'vbus14': ('>=', 1), 'vbus15': ('>=', 1), 'vbus38': ('>=', 1), 'vbus41': ('>=', 1), 'vbus43': ('>=', 1), 'vbus44': ('>=', 1), 'vbus45': ('>=', 1), 'vbus47': ('>=', 1), 'vbus48': ('>=', 1), 'vbus51': ('>=', 1), 'vbus55': ('>=', 1), 'vbus56': ('>=', 1), 'br7': ('>=', 1), 'br8': ('>=', 1), 'br9': ('>=', 1), 'br10': ('>=', 1), 'br15': ('>=', 1), 'br28': ('>=', 1), 'br54': ('>=', 1), 'br57': ('>=', 1), 'br58': ('>=', 1), 'br61': ('>=', 1), 'br65': ('>=', 1), 'br71': ('>=', 1), 'br72': ('>=', 1), 'br74': ('>=', 1), 'br79': ('>=', 1), 'br80': ('>=', 1), 'sys': ('>=', 1)}
Updated sys_vals: [50.911, 51.551, 52.111, 52.271, 52.43, 52.546, 52.697, 52.802, 52.944, 52.983, 52.99, 52.998, 53.108, 53.119, 53.122, 53.278, 53.294, 53.35, 53.458, 53.47, 53.489, 53.505, 53.518, 53.534, 53.544, 53.55, 53.582, 53.584, 53.598, 53.63, 53.664, 53.673, 53.699, 53.702, 53.71, 53.716, 53.718, 53.744, 53.745, 53.753, 53.758, 53.76, 53.774, 53.789, 53.79, 53.793, 53.794, 53.807, 53.81, 53.814, 53.824, 53.833, 53.834, 53.851, 53.854, 53.855, 53.856, 53.857, 53.859, 53.861, 53.865, 53.87, 53.877, 53.878, 53.88, 53.882, 53.883, 53.885, 53.889, 53.894, 53.899, 53.901, 53.905, 53.906, 53.909, 53.918, 53.922, 53.923, 53.924, 53.925, 53.932, 53.933, 53.934, 53.935, 53.941, 53.945, 53.947, 53.949, 53.955, 53.956, 53.957, 53.958, 53.961, 53.964, 53.968, 53.969, 53.973, 53.974, 53.975, 53.977, 53.978, 53.979, 53.981, 53.982, 53.989, 53.99, 53.991, 53.993, 53.994, 53.995, 53.996, 53.998, 53.999, 54.0, 54.002, 54.004, 54.005, 54.011, 54.013, 54.016, 54.019, 54.02, 54.021, 54.023, 54.024, 54.026, 54.028, 54.029, 54.033, 54.034, 54.036, 54.037, 54.039, 54.041, 54.042, 54.043, 54.044, 54.045, 54.047, 54.048, 54.049, 54.051, 54.053, 54.055, 54.056, 54.057, 54.058, 54.06, 54.061, 54.064, 54.065, 54.067, 54.068, 54.069, 54.071, 54.072, 54.075, 54.076, 54.077, 54.078, 54.08, 54.081, 54.082, 54.083, 54.085, 54.086, 54.087, 54.089, 54.09, 54.091, 54.092, 54.093, 54.094, 54.095, 54.097, 54.099, 54.1, 54.11, 54.19, 54.209, 54.218, 54.222, 54.251, 54.252, 54.269, 54.302, 54.325, 54.343, 54.378, 54.384, 54.401, 54.406, 54.445, 54.605, 54.669, 54.712, 54.721, 54.79, 54.806, 54.909, 54.984, 54.989, 54.995, 55.006, 55.008, 55.076, 55.212, 55.229, 55.444, 55.462, 55.661, 55.687, 55.69, 56.231, 56.365, 56.402, 56.974, 57.199, 57.245, 57.28, 57.496, 57.547, 57.81, 63.249, 64.739]
---
Round: 324, Unk. prob.: 6.000e-05
Surv probs: 9.998e-01, Fail probs: 1.200e-04
No. of non-dominant rules: 323, Survival rules: 269, Failure rules: 54
Survival sample found from sampling.
No. of existing rules removed:  0
New rule added. System state: 1, System value: 54.047149. Total samples: 100000.
New rule (No. of conditions: 15): {'vbus3': ('>=', 2), 'vbus8': ('>=', 1), 'vbus9': ('>=', 3), 'vbus10': ('>=', 1), 'vbus12': ('>=', 1), 'vbus13': ('>=', 1), 'vbus14': ('>=', 1), 'vbus15': ('>=', 1), 'br8': ('>=', 1), 'br9': ('>=', 1), 'br14': ('>=', 1), 'br18': ('>=', 1), 'br23': ('>=', 1), 'br25': ('>=', 1), 'br28': ('>=', 1), 'sys': ('>=', 1)}
---
Round: 325, Unk. prob.: 8.000e-05
Surv probs: 9.999e-01, Fail probs: 4.000e-05
No. of non-dominant rules: 324, Survival rules: 270, Failure rules: 54
Failure sample found from sampling.
No. of existing rules removed:  0
New rule added. System state: 0, System value: 55.0061. Total samples: 100000.
New rule (No. of conditions: 4): {'vbus1': ('<=', 0), 'vbus7': ('<=', 0), 'vbus12': ('<=', 0), 'br10': ('<=', 0), 'sys': ('<=', 0)}
---
Round: 326, Unk. prob.: 1.100e-04
Surv probs: 9.999e-01, Fail probs: 4.000e-05
No. of non-dominant rules: 325, Survival rules: 270, Failure rules: 55
Survival sample found from sampling.
No. of existing rules removed:  0
New rule added. System state: 1, System value: 53.79208. Total samples: 100000.
New rule (No. of conditions: 47): {'vbus1': ('>=', 1), 'vbus2': ('>=', 2), 'vbus3': ('>=', 1), 'vbus4': ('>=', 1), 'vbus5': ('>=', 1), 'vbus6': ('>=', 1), 'vbus8': ('>=', 1), 'vbus11': ('>=', 1), 'vbus13': ('>=', 1), 'vbus14': ('>=', 1), 'vbus15': ('>=', 1), 'vbus16': ('>=', 1), 'vbus17': ('>=', 1), 'vbus35': ('>=', 1), 'vbus36': ('>=', 1), 'vbus37': ('>=', 1), 'vbus38': ('>=', 1), 'vbus41': ('>=', 1), 'vbus44': ('>=', 1), 'vbus46': ('>=', 1), 'vbus47': ('>=', 1), 'vbus48': ('>=', 1), 'vbus49': ('>=', 1), 'vbus50': ('>=', 1), 'br1': ('>=', 1), 'br4': ('>=', 1), 'br5': ('>=', 1), 'br7': ('>=', 1), 'br13': ('>=', 1), 'br14': ('>=', 1), 'br15': ('>=', 1), 'br16': ('>=', 1), 'br17': ('>=', 1), 'br24': ('>=', 1), 'br28': ('>=', 1), 'br48': ('>=', 1), 'br49': ('>=', 1), 'br50': ('>=', 1), 'br54': ('>=', 1), 'br57': ('>=', 1), 'br59': ('>=', 1), 'br60': ('>=', 1), 'br61': ('>=', 1), 'br63': ('>=', 1), 'br66': ('>=', 1), 'br78': ('>=', 1), 'br79': ('>=', 1), 'sys': ('>=', 1)}
Updated sys_vals: [50.911, 51.551, 52.111, 52.271, 52.43, 52.546, 52.697, 52.802, 52.944, 52.983, 52.99, 52.998, 53.108, 53.119, 53.122, 53.278, 53.294, 53.35, 53.458, 53.47, 53.489, 53.505, 53.518, 53.534, 53.544, 53.55, 53.582, 53.584, 53.598, 53.63, 53.664, 53.673, 53.699, 53.702, 53.71, 53.716, 53.718, 53.744, 53.745, 53.753, 53.758, 53.76, 53.774, 53.789, 53.79, 53.792, 53.793, 53.794, 53.807, 53.81, 53.814, 53.824, 53.833, 53.834, 53.851, 53.854, 53.855, 53.856, 53.857, 53.859, 53.861, 53.865, 53.87, 53.877, 53.878, 53.88, 53.882, 53.883, 53.885, 53.889, 53.894, 53.899, 53.901, 53.905, 53.906, 53.909, 53.918, 53.922, 53.923, 53.924, 53.925, 53.932, 53.933, 53.934, 53.935, 53.941, 53.945, 53.947, 53.949, 53.955, 53.956, 53.957, 53.958, 53.961, 53.964, 53.968, 53.969, 53.973, 53.974, 53.975, 53.977, 53.978, 53.979, 53.981, 53.982, 53.989, 53.99, 53.991, 53.993, 53.994, 53.995, 53.996, 53.998, 53.999, 54.0, 54.002, 54.004, 54.005, 54.011, 54.013, 54.016, 54.019, 54.02, 54.021, 54.023, 54.024, 54.026, 54.028, 54.029, 54.033, 54.034, 54.036, 54.037, 54.039, 54.041, 54.042, 54.043, 54.044, 54.045, 54.047, 54.048, 54.049, 54.051, 54.053, 54.055, 54.056, 54.057, 54.058, 54.06, 54.061, 54.064, 54.065, 54.067, 54.068, 54.069, 54.071, 54.072, 54.075, 54.076, 54.077, 54.078, 54.08, 54.081, 54.082, 54.083, 54.085, 54.086, 54.087, 54.089, 54.09, 54.091, 54.092, 54.093, 54.094, 54.095, 54.097, 54.099, 54.1, 54.11, 54.19, 54.209, 54.218, 54.222, 54.251, 54.252, 54.269, 54.302, 54.325, 54.343, 54.378, 54.384, 54.401, 54.406, 54.445, 54.605, 54.669, 54.712, 54.721, 54.79, 54.806, 54.909, 54.984, 54.989, 54.995, 55.006, 55.008, 55.076, 55.212, 55.229, 55.444, 55.462, 55.661, 55.687, 55.69, 56.231, 56.365, 56.402, 56.974, 57.199, 57.245, 57.28, 57.496, 57.547, 57.81, 63.249, 64.739]
---
Round: 327, Unk. prob.: 8.000e-05
Surv probs: 9.998e-01, Fail probs: 1.300e-04
No. of non-dominant rules: 326, Survival rules: 271, Failure rules: 55
Survival sample found from sampling.
No. of existing rules removed:  0
New rule added. System state: 1, System value: 54.026432. Total samples: 100000.
New rule (No. of conditions: 50): {'vbus2': ('>=', 1), 'vbus3': ('>=', 3), 'vbus4': ('>=', 1), 'vbus6': ('>=', 1), 'vbus7': ('>=', 1), 'vbus8': ('>=', 2), 'vbus9': ('>=', 1), 'vbus11': ('>=', 1), 'vbus13': ('>=', 1), 'vbus14': ('>=', 1), 'vbus15': ('>=', 1), 'vbus18': ('>=', 1), 'vbus27': ('>=', 1), 'vbus28': ('>=', 1), 'vbus29': ('>=', 1), 'vbus41': ('>=', 1), 'vbus42': ('>=', 1), 'vbus43': ('>=', 1), 'vbus44': ('>=', 1), 'vbus45': ('>=', 1), 'vbus49': ('>=', 1), 'vbus52': ('>=', 1), 'vbus53': ('>=', 1), 'vbus54': ('>=', 1), 'vbus55': ('>=', 1), 'vbus56': ('>=', 1), 'br3': ('>=', 1), 'br6': ('>=', 1), 'br7': ('>=', 1), 'br8': ('>=', 1), 'br10': ('>=', 1), 'br14': ('>=', 1), 'br18': ('>=', 1), 'br20': ('>=', 1), 'br24': ('>=', 1), 'br28': ('>=', 1), 'br39': ('>=', 1), 'br40': ('>=', 1), 'br41': ('>=', 1), 'br55': ('>=', 1), 'br56': ('>=', 1), 'br58': ('>=', 1), 'br66': ('>=', 1), 'br67': ('>=', 1), 'br69': ('>=', 1), 'br70': ('>=', 1), 'br71': ('>=', 1), 'br72': ('>=', 1), 'br75': ('>=', 1), 'br80': ('>=', 1), 'sys': ('>=', 1)}
---
Round: 328, Unk. prob.: 9.000e-05
Surv probs: 9.999e-01, Fail probs: 4.000e-05
No. of non-dominant rules: 327, Survival rules: 272, Failure rules: 55
Survival sample found from sampling.
No. of existing rules removed:  0
New rule added. System state: 1, System value: 54.067425. Total samples: 100000.
New rule (No. of conditions: 23): {'vbus2': ('>=', 1), 'vbus3': ('>=', 2), 'vbus6': ('>=', 1), 'vbus7': ('>=', 1), 'vbus8': ('>=', 1), 'vbus9': ('>=', 1), 'vbus12': ('>=', 1), 'vbus13': ('>=', 1), 'vbus14': ('>=', 1), 'vbus15': ('>=', 1), 'vbus27': ('>=', 1), 'vbus28': ('>=', 1), 'vbus29': ('>=', 1), 'br6': ('>=', 1), 'br12': ('>=', 1), 'br14': ('>=', 1), 'br18': ('>=', 1), 'br22': ('>=', 1), 'br25': ('>=', 1), 'br28': ('>=', 1), 'br39': ('>=', 1), 'br40': ('>=', 1), 'br41': ('>=', 1), 'sys': ('>=', 1)}
---
Round: 329, Unk. prob.: 1.200e-04
Surv probs: 9.998e-01, Fail probs: 5.000e-05
No. of non-dominant rules: 328, Survival rules: 273, Failure rules: 55
Failure sample found from sampling.
No. of existing rules removed:  0
New rule added. System state: 0, System value: 55.604959. Total samples: 100000.
New rule (No. of conditions: 4): {'vbus4': ('<=', 0), 'vbus6': ('<=', 2), 'vbus8': ('<=', 0), 'vbus12': ('<=', 0), 'sys': ('<=', 0)}
Updated sys_vals: [50.911, 51.551, 52.111, 52.271, 52.43, 52.546, 52.697, 52.802, 52.944, 52.983, 52.99, 52.998, 53.108, 53.119, 53.122, 53.278, 53.294, 53.35, 53.458, 53.47, 53.489, 53.505, 53.518, 53.534, 53.544, 53.55, 53.582, 53.584, 53.598, 53.63, 53.664, 53.673, 53.699, 53.702, 53.71, 53.716, 53.718, 53.744, 53.745, 53.753, 53.758, 53.76, 53.774, 53.789, 53.79, 53.792, 53.793, 53.794, 53.807, 53.81, 53.814, 53.824, 53.833, 53.834, 53.851, 53.854, 53.855, 53.856, 53.857, 53.859, 53.861, 53.865, 53.87, 53.877, 53.878, 53.88, 53.882, 53.883, 53.885, 53.889, 53.894, 53.899, 53.901, 53.905, 53.906, 53.909, 53.918, 53.922, 53.923, 53.924, 53.925, 53.932, 53.933, 53.934, 53.935, 53.941, 53.945, 53.947, 53.949, 53.955, 53.956, 53.957, 53.958, 53.961, 53.964, 53.968, 53.969, 53.973, 53.974, 53.975, 53.977, 53.978, 53.979, 53.981, 53.982, 53.989, 53.99, 53.991, 53.993, 53.994, 53.995, 53.996, 53.998, 53.999, 54.0, 54.002, 54.004, 54.005, 54.011, 54.013, 54.016, 54.019, 54.02, 54.021, 54.023, 54.024, 54.026, 54.028, 54.029, 54.033, 54.034, 54.036, 54.037, 54.039, 54.041, 54.042, 54.043, 54.044, 54.045, 54.047, 54.048, 54.049, 54.051, 54.053, 54.055, 54.056, 54.057, 54.058, 54.06, 54.061, 54.064, 54.065, 54.067, 54.068, 54.069, 54.071, 54.072, 54.075, 54.076, 54.077, 54.078, 54.08, 54.081, 54.082, 54.083, 54.085, 54.086, 54.087, 54.089, 54.09, 54.091, 54.092, 54.093, 54.094, 54.095, 54.097, 54.099, 54.1, 54.11, 54.19, 54.209, 54.218, 54.222, 54.251, 54.252, 54.269, 54.302, 54.325, 54.343, 54.378, 54.384, 54.401, 54.406, 54.445, 54.605, 54.669, 54.712, 54.721, 54.79, 54.806, 54.909, 54.984, 54.989, 54.995, 55.006, 55.008, 55.076, 55.212, 55.229, 55.444, 55.462, 55.605, 55.661, 55.687, 55.69, 56.231, 56.365, 56.402, 56.974, 57.199, 57.245, 57.28, 57.496, 57.547, 57.81, 63.249, 64.739]
---
Round: 330, Unk. prob.: 1.000e-04
Surv probs: 9.998e-01, Fail probs: 9.000e-05
No. of non-dominant rules: 329, Survival rules: 273, Failure rules: 56
Survival sample found from sampling.
No. of existing rules removed:  0
New rule added. System state: 1, System value: 53.893465. Total samples: 100000.
New rule (No. of conditions: 35): {'vbus1': ('>=', 2), 'vbus3': ('>=', 1), 'vbus7': ('>=', 1), 'vbus8': ('>=', 1), 'vbus9': ('>=', 2), 'vbus11': ('>=', 1), 'vbus13': ('>=', 1), 'vbus14': ('>=', 1), 'vbus15': ('>=', 1), 'vbus16': ('>=', 1), 'vbus17': ('>=', 1), 'vbus29': ('>=', 1), 'vbus38': ('>=', 1), 'vbus44': ('>=', 1), 'vbus46': ('>=', 1), 'vbus47': ('>=', 1), 'vbus48': ('>=', 1), 'vbus52': ('>=', 1), 'vbus53': ('>=', 1), 'br10': ('>=', 1), 'br14': ('>=', 1), 'br15': ('>=', 1), 'br16': ('>=', 1), 'br17': ('>=', 1), 'br22': ('>=', 1), 'br24': ('>=', 1), 'br28': ('>=', 1), 'br41': ('>=', 1), 'br57': ('>=', 1), 'br59': ('>=', 1), 'br60': ('>=', 1), 'br61': ('>=', 1), 'br67': ('>=', 1), 'br68': ('>=', 1), 'br79': ('>=', 1), 'sys': ('>=', 1)}
Updated sys_vals: [50.911, 51.551, 52.111, 52.271, 52.43, 52.546, 52.697, 52.802, 52.944, 52.983, 52.99, 52.998, 53.108, 53.119, 53.122, 53.278, 53.294, 53.35, 53.458, 53.47, 53.489, 53.505, 53.518, 53.534, 53.544, 53.55, 53.582, 53.584, 53.598, 53.63, 53.664, 53.673, 53.699, 53.702, 53.71, 53.716, 53.718, 53.744, 53.745, 53.753, 53.758, 53.76, 53.774, 53.789, 53.79, 53.792, 53.793, 53.794, 53.807, 53.81, 53.814, 53.824, 53.833, 53.834, 53.851, 53.854, 53.855, 53.856, 53.857, 53.859, 53.861, 53.865, 53.87, 53.877, 53.878, 53.88, 53.882, 53.883, 53.885, 53.889, 53.893, 53.894, 53.899, 53.901, 53.905, 53.906, 53.909, 53.918, 53.922, 53.923, 53.924, 53.925, 53.932, 53.933, 53.934, 53.935, 53.941, 53.945, 53.947, 53.949, 53.955, 53.956, 53.957, 53.958, 53.961, 53.964, 53.968, 53.969, 53.973, 53.974, 53.975, 53.977, 53.978, 53.979, 53.981, 53.982, 53.989, 53.99, 53.991, 53.993, 53.994, 53.995, 53.996, 53.998, 53.999, 54.0, 54.002, 54.004, 54.005, 54.011, 54.013, 54.016, 54.019, 54.02, 54.021, 54.023, 54.024, 54.026, 54.028, 54.029, 54.033, 54.034, 54.036, 54.037, 54.039, 54.041, 54.042, 54.043, 54.044, 54.045, 54.047, 54.048, 54.049, 54.051, 54.053, 54.055, 54.056, 54.057, 54.058, 54.06, 54.061, 54.064, 54.065, 54.067, 54.068, 54.069, 54.071, 54.072, 54.075, 54.076, 54.077, 54.078, 54.08, 54.081, 54.082, 54.083, 54.085, 54.086, 54.087, 54.089, 54.09, 54.091, 54.092, 54.093, 54.094, 54.095, 54.097, 54.099, 54.1, 54.11, 54.19, 54.209, 54.218, 54.222, 54.251, 54.252, 54.269, 54.302, 54.325, 54.343, 54.378, 54.384, 54.401, 54.406, 54.445, 54.605, 54.669, 54.712, 54.721, 54.79, 54.806, 54.909, 54.984, 54.989, 54.995, 55.006, 55.008, 55.076, 55.212, 55.229, 55.444, 55.462, 55.605, 55.661, 55.687, 55.69, 56.231, 56.365, 56.402, 56.974, 57.199, 57.245, 57.28, 57.496, 57.547, 57.81, 63.249, 64.739]
---
Round: 331, Unk. prob.: 9.000e-05
Surv probs: 9.999e-01, Fail probs: 6.000e-05
No. of non-dominant rules: 330, Survival rules: 274, Failure rules: 56
Survival sample found from sampling.
No. of existing rules removed:  0
New rule added. System state: 1, System value: 54.030386. Total samples: 100000.
New rule (No. of conditions: 51): {'vbus1': ('>=', 1), 'vbus2': ('>=', 1), 'vbus3': ('>=', 2), 'vbus4': ('>=', 1), 'vbus5': ('>=', 1), 'vbus6': ('>=', 3), 'vbus7': ('>=', 1), 'vbus9': ('>=', 3), 'vbus11': ('>=', 1), 'vbus13': ('>=', 1), 'vbus14': ('>=', 1), 'vbus15': ('>=', 1), 'vbus16': ('>=', 1), 'vbus17': ('>=', 1), 'vbus18': ('>=', 1), 'vbus19': ('>=', 1), 'vbus20': ('>=', 1), 'vbus29': ('>=', 1), 'vbus41': ('>=', 1), 'vbus43': ('>=', 1), 'vbus46': ('>=', 1), 'vbus47': ('>=', 1), 'vbus49': ('>=', 1), 'vbus50': ('>=', 1), 'vbus52': ('>=', 1), 'vbus53': ('>=', 1), 'br1': ('>=', 1), 'br3': ('>=', 1), 'br4': ('>=', 1), 'br5': ('>=', 1), 'br6': ('>=', 1), 'br12': ('>=', 1), 'br14': ('>=', 1), 'br15': ('>=', 1), 'br16': ('>=', 1), 'br17': ('>=', 1), 'br18': ('>=', 1), 'br20': ('>=', 1), 'br24': ('>=', 1), 'br28': ('>=', 1), 'br29': ('>=', 1), 'br30': ('>=', 1), 'br41': ('>=', 1), 'br54': ('>=', 1), 'br56': ('>=', 1), 'br59': ('>=', 1), 'br60': ('>=', 1), 'br63': ('>=', 1), 'br66': ('>=', 1), 'br67': ('>=', 1), 'br68': ('>=', 1), 'sys': ('>=', 1)}
Updated sys_vals: [50.911, 51.551, 52.111, 52.271, 52.43, 52.546, 52.697, 52.802, 52.944, 52.983, 52.99, 52.998, 53.108, 53.119, 53.122, 53.278, 53.294, 53.35, 53.458, 53.47, 53.489, 53.505, 53.518, 53.534, 53.544, 53.55, 53.582, 53.584, 53.598, 53.63, 53.664, 53.673, 53.699, 53.702, 53.71, 53.716, 53.718, 53.744, 53.745, 53.753, 53.758, 53.76, 53.774, 53.789, 53.79, 53.792, 53.793, 53.794, 53.807, 53.81, 53.814, 53.824, 53.833, 53.834, 53.851, 53.854, 53.855, 53.856, 53.857, 53.859, 53.861, 53.865, 53.87, 53.877, 53.878, 53.88, 53.882, 53.883, 53.885, 53.889, 53.893, 53.894, 53.899, 53.901, 53.905, 53.906, 53.909, 53.918, 53.922, 53.923, 53.924, 53.925, 53.932, 53.933, 53.934, 53.935, 53.941, 53.945, 53.947, 53.949, 53.955, 53.956, 53.957, 53.958, 53.961, 53.964, 53.968, 53.969, 53.973, 53.974, 53.975, 53.977, 53.978, 53.979, 53.981, 53.982, 53.989, 53.99, 53.991, 53.993, 53.994, 53.995, 53.996, 53.998, 53.999, 54.0, 54.002, 54.004, 54.005, 54.011, 54.013, 54.016, 54.019, 54.02, 54.021, 54.023, 54.024, 54.026, 54.028, 54.029, 54.03, 54.033, 54.034, 54.036, 54.037, 54.039, 54.041, 54.042, 54.043, 54.044, 54.045, 54.047, 54.048, 54.049, 54.051, 54.053, 54.055, 54.056, 54.057, 54.058, 54.06, 54.061, 54.064, 54.065, 54.067, 54.068, 54.069, 54.071, 54.072, 54.075, 54.076, 54.077, 54.078, 54.08, 54.081, 54.082, 54.083, 54.085, 54.086, 54.087, 54.089, 54.09, 54.091, 54.092, 54.093, 54.094, 54.095, 54.097, 54.099, 54.1, 54.11, 54.19, 54.209, 54.218, 54.222, 54.251, 54.252, 54.269, 54.302, 54.325, 54.343, 54.378, 54.384, 54.401, 54.406, 54.445, 54.605, 54.669, 54.712, 54.721, 54.79, 54.806, 54.909, 54.984, 54.989, 54.995, 55.006, 55.008, 55.076, 55.212, 55.229, 55.444, 55.462, 55.605, 55.661, 55.687, 55.69, 56.231, 56.365, 56.402, 56.974, 57.199, 57.245, 57.28, 57.496, 57.547, 57.81, 63.249, 64.739]
---
Round: 332, Unk. prob.: 7.000e-05
Surv probs: 9.998e-01, Fail probs: 1.100e-04
No. of non-dominant rules: 331, Survival rules: 275, Failure rules: 56
Survival sample found from sampling.
No. of existing rules removed:  0
New rule added. System state: 1, System value: 53.964055. Total samples: 100000.
New rule (No. of conditions: 41): {'vbus1': ('>=', 1), 'vbus2': ('>=', 1), 'vbus5': ('>=', 1), 'vbus6': ('>=', 1), 'vbus7': ('>=', 1), 'vbus8': ('>=', 2), 'vbus9': ('>=', 1), 'vbus11': ('>=', 1), 'vbus13': ('>=', 1), 'vbus14': ('>=', 1), 'vbus15': ('>=', 1), 'vbus17': ('>=', 1), 'vbus28': ('>=', 1), 'vbus29': ('>=', 1), 'vbus41': ('>=', 1), 'vbus42': ('>=', 1), 'vbus43': ('>=', 1), 'vbus49': ('>=', 1), 'vbus52': ('>=', 1), 'vbus55': ('>=', 1), 'vbus56': ('>=', 1), 'vbus57': ('>=', 1), 'br6': ('>=', 1), 'br7': ('>=', 1), 'br8': ('>=', 1), 'br10': ('>=', 1), 'br13': ('>=', 1), 'br14': ('>=', 1), 'br15': ('>=', 1), 'br17': ('>=', 1), 'br21': ('>=', 1), 'br40': ('>=', 1), 'br41': ('>=', 1), 'br55': ('>=', 1), 'br56': ('>=', 1), 'br66': ('>=', 1), 'br67': ('>=', 1), 'br71': ('>=', 1), 'br74': ('>=', 1), 'br77': ('>=', 1), 'br80': ('>=', 1), 'sys': ('>=', 1)}
---
Round: 333, Unk. prob.: 8.000e-05
Surv probs: 9.998e-01, Fail probs: 1.000e-04
No. of non-dominant rules: 332, Survival rules: 276, Failure rules: 56
Failure sample found from sampling.
No. of existing rules removed:  0
New rule added. System state: 0, System value: 54.383536. Total samples: 100000.
New rule (No. of conditions: 3): {'vbus8': ('<=', 0), 'vbus12': ('<=', 0), 'vbus47': ('<=', 0), 'sys': ('<=', 0)}
---
Round: 334, Unk. prob.: 8.000e-05
Surv probs: 9.998e-01, Fail probs: 9.000e-05
No. of non-dominant rules: 333, Survival rules: 276, Failure rules: 57
Survival sample found from sampling.
No. of existing rules removed:  0
New rule added. System state: 1, System value: 54.031197. Total samples: 100000.
New rule (No. of conditions: 45): {'vbus1': ('>=', 2), 'vbus2': ('>=', 1), 'vbus7': ('>=', 1), 'vbus8': ('>=', 2), 'vbus9': ('>=', 1), 'vbus10': ('>=', 1), 'vbus13': ('>=', 1), 'vbus14': ('>=', 1), 'vbus15': ('>=', 1), 'vbus16': ('>=', 1), 'vbus17': ('>=', 1), 'vbus20': ('>=', 1), 'vbus21': ('>=', 1), 'vbus22': ('>=', 1), 'vbus23': ('>=', 1), 'vbus29': ('>=', 1), 'vbus38': ('>=', 1), 'vbus44': ('>=', 1), 'vbus45': ('>=', 1), 'vbus49': ('>=', 1), 'vbus50': ('>=', 1), 'vbus52': ('>=', 1), 'vbus54': ('>=', 1), 'vbus55': ('>=', 1), 'br8': ('>=', 1), 'br9': ('>=', 1), 'br13': ('>=', 1), 'br14': ('>=', 1), 'br15': ('>=', 1), 'br16': ('>=', 1), 'br17': ('>=', 1), 'br22': ('>=', 1), 'br31': ('>=', 1), 'br32': ('>=', 1), 'br33': ('>=', 1), 'br41': ('>=', 1), 'br53': ('>=', 1), 'br57': ('>=', 1), 'br58': ('>=', 1), 'br63': ('>=', 1), 'br66': ('>=', 1), 'br67': ('>=', 1), 'br70': ('>=', 1), 'br72': ('>=', 1), 'br80': ('>=', 1), 'sys': ('>=', 1)}
Updated sys_vals: [50.911, 51.551, 52.111, 52.271, 52.43, 52.546, 52.697, 52.802, 52.944, 52.983, 52.99, 52.998, 53.108, 53.119, 53.122, 53.278, 53.294, 53.35, 53.458, 53.47, 53.489, 53.505, 53.518, 53.534, 53.544, 53.55, 53.582, 53.584, 53.598, 53.63, 53.664, 53.673, 53.699, 53.702, 53.71, 53.716, 53.718, 53.744, 53.745, 53.753, 53.758, 53.76, 53.774, 53.789, 53.79, 53.792, 53.793, 53.794, 53.807, 53.81, 53.814, 53.824, 53.833, 53.834, 53.851, 53.854, 53.855, 53.856, 53.857, 53.859, 53.861, 53.865, 53.87, 53.877, 53.878, 53.88, 53.882, 53.883, 53.885, 53.889, 53.893, 53.894, 53.899, 53.901, 53.905, 53.906, 53.909, 53.918, 53.922, 53.923, 53.924, 53.925, 53.932, 53.933, 53.934, 53.935, 53.941, 53.945, 53.947, 53.949, 53.955, 53.956, 53.957, 53.958, 53.961, 53.964, 53.968, 53.969, 53.973, 53.974, 53.975, 53.977, 53.978, 53.979, 53.981, 53.982, 53.989, 53.99, 53.991, 53.993, 53.994, 53.995, 53.996, 53.998, 53.999, 54.0, 54.002, 54.004, 54.005, 54.011, 54.013, 54.016, 54.019, 54.02, 54.021, 54.023, 54.024, 54.026, 54.028, 54.029, 54.03, 54.031, 54.033, 54.034, 54.036, 54.037, 54.039, 54.041, 54.042, 54.043, 54.044, 54.045, 54.047, 54.048, 54.049, 54.051, 54.053, 54.055, 54.056, 54.057, 54.058, 54.06, 54.061, 54.064, 54.065, 54.067, 54.068, 54.069, 54.071, 54.072, 54.075, 54.076, 54.077, 54.078, 54.08, 54.081, 54.082, 54.083, 54.085, 54.086, 54.087, 54.089, 54.09, 54.091, 54.092, 54.093, 54.094, 54.095, 54.097, 54.099, 54.1, 54.11, 54.19, 54.209, 54.218, 54.222, 54.251, 54.252, 54.269, 54.302, 54.325, 54.343, 54.378, 54.384, 54.401, 54.406, 54.445, 54.605, 54.669, 54.712, 54.721, 54.79, 54.806, 54.909, 54.984, 54.989, 54.995, 55.006, 55.008, 55.076, 55.212, 55.229, 55.444, 55.462, 55.605, 55.661, 55.687, 55.69, 56.231, 56.365, 56.402, 56.974, 57.199, 57.245, 57.28, 57.496, 57.547, 57.81, 63.249, 64.739]
---
Round: 335, Unk. prob.: 9.000e-05
Surv probs: 9.998e-01, Fail probs: 8.000e-05
No. of non-dominant rules: 334, Survival rules: 277, Failure rules: 57
Survival sample found from sampling.
No. of existing rules removed:  0
New rule added. System state: 1, System value: 54.008829. Total samples: 100000.
New rule (No. of conditions: 28): {'vbus1': ('>=', 1), 'vbus4': ('>=', 1), 'vbus6': ('>=', 2), 'vbus7': ('>=', 1), 'vbus8': ('>=', 1), 'vbus9': ('>=', 3), 'vbus13': ('>=', 1), 'vbus14': ('>=', 1), 'vbus15': ('>=', 1), 'vbus16': ('>=', 1), 'vbus18': ('>=', 1), 'vbus29': ('>=', 1), 'vbus46': ('>=', 1), 'vbus47': ('>=', 1), 'vbus49': ('>=', 1), 'br5': ('>=', 1), 'br6': ('>=', 1), 'br8': ('>=', 1), 'br13': ('>=', 1), 'br15': ('>=', 1), 'br16': ('>=', 1), 'br20': ('>=', 1), 'br22': ('>=', 1), 'br28': ('>=', 1), 'br41': ('>=', 1), 'br59': ('>=', 1), 'br60': ('>=', 1), 'br66': ('>=', 1), 'sys': ('>=', 1)}
Updated sys_vals: [50.911, 51.551, 52.111, 52.271, 52.43, 52.546, 52.697, 52.802, 52.944, 52.983, 52.99, 52.998, 53.108, 53.119, 53.122, 53.278, 53.294, 53.35, 53.458, 53.47, 53.489, 53.505, 53.518, 53.534, 53.544, 53.55, 53.582, 53.584, 53.598, 53.63, 53.664, 53.673, 53.699, 53.702, 53.71, 53.716, 53.718, 53.744, 53.745, 53.753, 53.758, 53.76, 53.774, 53.789, 53.79, 53.792, 53.793, 53.794, 53.807, 53.81, 53.814, 53.824, 53.833, 53.834, 53.851, 53.854, 53.855, 53.856, 53.857, 53.859, 53.861, 53.865, 53.87, 53.877, 53.878, 53.88, 53.882, 53.883, 53.885, 53.889, 53.893, 53.894, 53.899, 53.901, 53.905, 53.906, 53.909, 53.918, 53.922, 53.923, 53.924, 53.925, 53.932, 53.933, 53.934, 53.935, 53.941, 53.945, 53.947, 53.949, 53.955, 53.956, 53.957, 53.958, 53.961, 53.964, 53.968, 53.969, 53.973, 53.974, 53.975, 53.977, 53.978, 53.979, 53.981, 53.982, 53.989, 53.99, 53.991, 53.993, 53.994, 53.995, 53.996, 53.998, 53.999, 54.0, 54.002, 54.004, 54.005, 54.009, 54.011, 54.013, 54.016, 54.019, 54.02, 54.021, 54.023, 54.024, 54.026, 54.028, 54.029, 54.03, 54.031, 54.033, 54.034, 54.036, 54.037, 54.039, 54.041, 54.042, 54.043, 54.044, 54.045, 54.047, 54.048, 54.049, 54.051, 54.053, 54.055, 54.056, 54.057, 54.058, 54.06, 54.061, 54.064, 54.065, 54.067, 54.068, 54.069, 54.071, 54.072, 54.075, 54.076, 54.077, 54.078, 54.08, 54.081, 54.082, 54.083, 54.085, 54.086, 54.087, 54.089, 54.09, 54.091, 54.092, 54.093, 54.094, 54.095, 54.097, 54.099, 54.1, 54.11, 54.19, 54.209, 54.218, 54.222, 54.251, 54.252, 54.269, 54.302, 54.325, 54.343, 54.378, 54.384, 54.401, 54.406, 54.445, 54.605, 54.669, 54.712, 54.721, 54.79, 54.806, 54.909, 54.984, 54.989, 54.995, 55.006, 55.008, 55.076, 55.212, 55.229, 55.444, 55.462, 55.605, 55.661, 55.687, 55.69, 56.231, 56.365, 56.402, 56.974, 57.199, 57.245, 57.28, 57.496, 57.547, 57.81, 63.249, 64.739]
---
Round: 336, Unk. prob.: 1.200e-04
Surv probs: 9.999e-01, Fail probs: 3.000e-05
No. of non-dominant rules: 335, Survival rules: 278, Failure rules: 57
Failure sample found from sampling.
No. of existing rules removed:  0
New rule added. System state: 0, System value: 54.193311. Total samples: 100000.
New rule (No. of conditions: 4): {'vbus1': ('<=', 0), 'vbus3': ('<=', 0), 'vbus7': ('<=', 0), 'vbus12': ('<=', 1), 'sys': ('<=', 0)}
Updated sys_vals: [50.911, 51.551, 52.111, 52.271, 52.43, 52.546, 52.697, 52.802, 52.944, 52.983, 52.99, 52.998, 53.108, 53.119, 53.122, 53.278, 53.294, 53.35, 53.458, 53.47, 53.489, 53.505, 53.518, 53.534, 53.544, 53.55, 53.582, 53.584, 53.598, 53.63, 53.664, 53.673, 53.699, 53.702, 53.71, 53.716, 53.718, 53.744, 53.745, 53.753, 53.758, 53.76, 53.774, 53.789, 53.79, 53.792, 53.793, 53.794, 53.807, 53.81, 53.814, 53.824, 53.833, 53.834, 53.851, 53.854, 53.855, 53.856, 53.857, 53.859, 53.861, 53.865, 53.87, 53.877, 53.878, 53.88, 53.882, 53.883, 53.885, 53.889, 53.893, 53.894, 53.899, 53.901, 53.905, 53.906, 53.909, 53.918, 53.922, 53.923, 53.924, 53.925, 53.932, 53.933, 53.934, 53.935, 53.941, 53.945, 53.947, 53.949, 53.955, 53.956, 53.957, 53.958, 53.961, 53.964, 53.968, 53.969, 53.973, 53.974, 53.975, 53.977, 53.978, 53.979, 53.981, 53.982, 53.989, 53.99, 53.991, 53.993, 53.994, 53.995, 53.996, 53.998, 53.999, 54.0, 54.002, 54.004, 54.005, 54.009, 54.011, 54.013, 54.016, 54.019, 54.02, 54.021, 54.023, 54.024, 54.026, 54.028, 54.029, 54.03, 54.031, 54.033, 54.034, 54.036, 54.037, 54.039, 54.041, 54.042, 54.043, 54.044, 54.045, 54.047, 54.048, 54.049, 54.051, 54.053, 54.055, 54.056, 54.057, 54.058, 54.06, 54.061, 54.064, 54.065, 54.067, 54.068, 54.069, 54.071, 54.072, 54.075, 54.076, 54.077, 54.078, 54.08, 54.081, 54.082, 54.083, 54.085, 54.086, 54.087, 54.089, 54.09, 54.091, 54.092, 54.093, 54.094, 54.095, 54.097, 54.099, 54.1, 54.11, 54.19, 54.193, 54.209, 54.218, 54.222, 54.251, 54.252, 54.269, 54.302, 54.325, 54.343, 54.378, 54.384, 54.401, 54.406, 54.445, 54.605, 54.669, 54.712, 54.721, 54.79, 54.806, 54.909, 54.984, 54.989, 54.995, 55.006, 55.008, 55.076, 55.212, 55.229, 55.444, 55.462, 55.605, 55.661, 55.687, 55.69, 56.231, 56.365, 56.402, 56.974, 57.199, 57.245, 57.28, 57.496, 57.547, 57.81, 63.249, 64.739]
---
Round: 337, Unk. prob.: 8.000e-05
Surv probs: 9.999e-01, Fail probs: 7.000e-05
No. of non-dominant rules: 336, Survival rules: 278, Failure rules: 58
Survival sample found from sampling.
No. of existing rules removed:  0
New rule added. System state: 1, System value: 53.961026. Total samples: 100000.
New rule (No. of conditions: 66): {'vbus1': ('>=', 2), 'vbus3': ('>=', 1), 'vbus4': ('>=', 1), 'vbus5': ('>=', 1), 'vbus6': ('>=', 2), 'vbus7': ('>=', 1), 'vbus9': ('>=', 3), 'vbus11': ('>=', 1), 'vbus13': ('>=', 1), 'vbus14': ('>=', 1), 'vbus15': ('>=', 1), 'vbus16': ('>=', 1), 'vbus17': ('>=', 1), 'vbus20': ('>=', 1), 'vbus21': ('>=', 1), 'vbus22': ('>=', 1), 'vbus23': ('>=', 1), 'vbus24': ('>=', 1), 'vbus25': ('>=', 1), 'vbus28': ('>=', 1), 'vbus29': ('>=', 1), 'vbus35': ('>=', 1), 'vbus36': ('>=', 1), 'vbus37': ('>=', 1), 'vbus38': ('>=', 1), 'vbus41': ('>=', 1), 'vbus42': ('>=', 1), 'vbus44': ('>=', 1), 'vbus45': ('>=', 1), 'vbus46': ('>=', 1), 'vbus47': ('>=', 1), 'vbus49': ('>=', 1), 'vbus50': ('>=', 1), 'vbus56': ('>=', 1), 'br3': ('>=', 1), 'br4': ('>=', 1), 'br5': ('>=', 1), 'br6': ('>=', 1), 'br12': ('>=', 1), 'br13': ('>=', 1), 'br14': ('>=', 1), 'br15': ('>=', 1), 'br16': ('>=', 1), 'br17': ('>=', 1), 'br18': ('>=', 1), 'br24': ('>=', 1), 'br28': ('>=', 1), 'br33': ('>=', 1), 'br34': ('>=', 1), 'br35': ('>=', 1), 'br40': ('>=', 1), 'br41': ('>=', 1), 'br48': ('>=', 1), 'br49': ('>=', 1), 'br50': ('>=', 1), 'br53': ('>=', 1), 'br54': ('>=', 1), 'br55': ('>=', 1), 'br57': ('>=', 1), 'br58': ('>=', 1), 'br59': ('>=', 1), 'br60': ('>=', 1), 'br63': ('>=', 1), 'br66': ('>=', 1), 'br72': ('>=', 1), 'br75': ('>=', 1), 'sys': ('>=', 1)}
---
Round: 338, Unk. prob.: 4.000e-05
Surv probs: 9.999e-01, Fail probs: 9.000e-05
No. of non-dominant rules: 337, Survival rules: 279, Failure rules: 58
Survival sample found from sampling.
No. of existing rules removed:  0
New rule added. System state: 1, System value: 54.032437. Total samples: 100000.
New rule (No. of conditions: 33): {'vbus1': ('>=', 2), 'vbus2': ('>=', 3), 'vbus3': ('>=', 1), 'vbus4': ('>=', 1), 'vbus5': ('>=', 1), 'vbus12': ('>=', 1), 'vbus15': ('>=', 1), 'vbus16': ('>=', 1), 'vbus17': ('>=', 1), 'vbus18': ('>=', 1), 'vbus38': ('>=', 1), 'vbus44': ('>=', 1), 'vbus45': ('>=', 1), 'vbus49': ('>=', 1), 'vbus57': ('>=', 1), 'br2': ('>=', 1), 'br3': ('>=', 1), 'br4': ('>=', 1), 'br16': ('>=', 1), 'br17': ('>=', 1), 'br18': ('>=', 1), 'br20': ('>=', 1), 'br26': ('>=', 1), 'br27': ('>=', 1), 'br44': ('>=', 1), 'br47': ('>=', 1), 'br48': ('>=', 1), 'br49': ('>=', 1), 'br50': ('>=', 1), 'br57': ('>=', 1), 'br58': ('>=', 1), 'br72': ('>=', 1), 'br78': ('>=', 1), 'sys': ('>=', 1)}
Updated sys_vals: [50.911, 51.551, 52.111, 52.271, 52.43, 52.546, 52.697, 52.802, 52.944, 52.983, 52.99, 52.998, 53.108, 53.119, 53.122, 53.278, 53.294, 53.35, 53.458, 53.47, 53.489, 53.505, 53.518, 53.534, 53.544, 53.55, 53.582, 53.584, 53.598, 53.63, 53.664, 53.673, 53.699, 53.702, 53.71, 53.716, 53.718, 53.744, 53.745, 53.753, 53.758, 53.76, 53.774, 53.789, 53.79, 53.792, 53.793, 53.794, 53.807, 53.81, 53.814, 53.824, 53.833, 53.834, 53.851, 53.854, 53.855, 53.856, 53.857, 53.859, 53.861, 53.865, 53.87, 53.877, 53.878, 53.88, 53.882, 53.883, 53.885, 53.889, 53.893, 53.894, 53.899, 53.901, 53.905, 53.906, 53.909, 53.918, 53.922, 53.923, 53.924, 53.925, 53.932, 53.933, 53.934, 53.935, 53.941, 53.945, 53.947, 53.949, 53.955, 53.956, 53.957, 53.958, 53.961, 53.964, 53.968, 53.969, 53.973, 53.974, 53.975, 53.977, 53.978, 53.979, 53.981, 53.982, 53.989, 53.99, 53.991, 53.993, 53.994, 53.995, 53.996, 53.998, 53.999, 54.0, 54.002, 54.004, 54.005, 54.009, 54.011, 54.013, 54.016, 54.019, 54.02, 54.021, 54.023, 54.024, 54.026, 54.028, 54.029, 54.03, 54.031, 54.032, 54.033, 54.034, 54.036, 54.037, 54.039, 54.041, 54.042, 54.043, 54.044, 54.045, 54.047, 54.048, 54.049, 54.051, 54.053, 54.055, 54.056, 54.057, 54.058, 54.06, 54.061, 54.064, 54.065, 54.067, 54.068, 54.069, 54.071, 54.072, 54.075, 54.076, 54.077, 54.078, 54.08, 54.081, 54.082, 54.083, 54.085, 54.086, 54.087, 54.089, 54.09, 54.091, 54.092, 54.093, 54.094, 54.095, 54.097, 54.099, 54.1, 54.11, 54.19, 54.193, 54.209, 54.218, 54.222, 54.251, 54.252, 54.269, 54.302, 54.325, 54.343, 54.378, 54.384, 54.401, 54.406, 54.445, 54.605, 54.669, 54.712, 54.721, 54.79, 54.806, 54.909, 54.984, 54.989, 54.995, 55.006, 55.008, 55.076, 55.212, 55.229, 55.444, 55.462, 55.605, 55.661, 55.687, 55.69, 56.231, 56.365, 56.402, 56.974, 57.199, 57.245, 57.28, 57.496, 57.547, 57.81, 63.249, 64.739]
---
Round: 339, Unk. prob.: 5.000e-05
Surv probs: 9.999e-01, Fail probs: 8.000e-05
No. of non-dominant rules: 338, Survival rules: 280, Failure rules: 58
Survival sample found from sampling.
No. of existing rules removed:  0
New rule added. System state: 1, System value: 54.0581. Total samples: 100000.
New rule (No. of conditions: 24): {'vbus1': ('>=', 1), 'vbus2': ('>=', 1), 'vbus3': ('>=', 2), 'vbus4': ('>=', 1), 'vbus5': ('>=', 1), 'vbus9': ('>=', 1), 'vbus12': ('>=', 1), 'vbus13': ('>=', 1), 'vbus14': ('>=', 1), 'vbus15': ('>=', 1), 'vbus16': ('>=', 1), 'vbus17': ('>=', 1), 'vbus18': ('>=', 1), 'br2': ('>=', 1), 'br3': ('>=', 1), 'br4': ('>=', 1), 'br12': ('>=', 1), 'br13': ('>=', 1), 'br16': ('>=', 1), 'br17': ('>=', 1), 'br18': ('>=', 1), 'br20': ('>=', 1), 'br27': ('>=', 1), 'br28': ('>=', 1), 'sys': ('>=', 1)}
---
Round: 340, Unk. prob.: 1.200e-04
Surv probs: 9.999e-01, Fail probs: 2.000e-05
No. of non-dominant rules: 339, Survival rules: 281, Failure rules: 58
Failure sample found from sampling.
No. of existing rules removed:  0
New rule added. System state: 0, System value: 54.446653. Total samples: 100000.
New rule (No. of conditions: 6): {'vbus1': ('<=', 0), 'vbus6': ('<=', 1), 'vbus8': ('<=', 1), 'vbus9': ('<=', 1), 'vbus12': ('<=', 1), 'vbus15': ('<=', 0), 'sys': ('<=', 0)}
Updated sys_vals: [50.911, 51.551, 52.111, 52.271, 52.43, 52.546, 52.697, 52.802, 52.944, 52.983, 52.99, 52.998, 53.108, 53.119, 53.122, 53.278, 53.294, 53.35, 53.458, 53.47, 53.489, 53.505, 53.518, 53.534, 53.544, 53.55, 53.582, 53.584, 53.598, 53.63, 53.664, 53.673, 53.699, 53.702, 53.71, 53.716, 53.718, 53.744, 53.745, 53.753, 53.758, 53.76, 53.774, 53.789, 53.79, 53.792, 53.793, 53.794, 53.807, 53.81, 53.814, 53.824, 53.833, 53.834, 53.851, 53.854, 53.855, 53.856, 53.857, 53.859, 53.861, 53.865, 53.87, 53.877, 53.878, 53.88, 53.882, 53.883, 53.885, 53.889, 53.893, 53.894, 53.899, 53.901, 53.905, 53.906, 53.909, 53.918, 53.922, 53.923, 53.924, 53.925, 53.932, 53.933, 53.934, 53.935, 53.941, 53.945, 53.947, 53.949, 53.955, 53.956, 53.957, 53.958, 53.961, 53.964, 53.968, 53.969, 53.973, 53.974, 53.975, 53.977, 53.978, 53.979, 53.981, 53.982, 53.989, 53.99, 53.991, 53.993, 53.994, 53.995, 53.996, 53.998, 53.999, 54.0, 54.002, 54.004, 54.005, 54.009, 54.011, 54.013, 54.016, 54.019, 54.02, 54.021, 54.023, 54.024, 54.026, 54.028, 54.029, 54.03, 54.031, 54.032, 54.033, 54.034, 54.036, 54.037, 54.039, 54.041, 54.042, 54.043, 54.044, 54.045, 54.047, 54.048, 54.049, 54.051, 54.053, 54.055, 54.056, 54.057, 54.058, 54.06, 54.061, 54.064, 54.065, 54.067, 54.068, 54.069, 54.071, 54.072, 54.075, 54.076, 54.077, 54.078, 54.08, 54.081, 54.082, 54.083, 54.085, 54.086, 54.087, 54.089, 54.09, 54.091, 54.092, 54.093, 54.094, 54.095, 54.097, 54.099, 54.1, 54.11, 54.19, 54.193, 54.209, 54.218, 54.222, 54.251, 54.252, 54.269, 54.302, 54.325, 54.343, 54.378, 54.384, 54.401, 54.406, 54.445, 54.447, 54.605, 54.669, 54.712, 54.721, 54.79, 54.806, 54.909, 54.984, 54.989, 54.995, 55.006, 55.008, 55.076, 55.212, 55.229, 55.444, 55.462, 55.605, 55.661, 55.687, 55.69, 56.231, 56.365, 56.402, 56.974, 57.199, 57.245, 57.28, 57.496, 57.547, 57.81, 63.249, 64.739]
---
Round: 341, Unk. prob.: 6.000e-05
Surv probs: 9.999e-01, Fail probs: 3.000e-05
No. of non-dominant rules: 340, Survival rules: 281, Failure rules: 59
Survival sample found from sampling.
No. of existing rules removed:  0
New rule added. System state: 1, System value: 53.949472. Total samples: 100000.
New rule (No. of conditions: 25): {'vbus2': ('>=', 1), 'vbus3': ('>=', 2), 'vbus4': ('>=', 1), 'vbus5': ('>=', 1), 'vbus8': ('>=', 1), 'vbus9': ('>=', 1), 'vbus12': ('>=', 1), 'vbus14': ('>=', 1), 'vbus15': ('>=', 1), 'vbus18': ('>=', 1), 'vbus44': ('>=', 1), 'vbus45': ('>=', 1), 'vbus46': ('>=', 1), 'vbus47': ('>=', 1), 'br2': ('>=', 1), 'br3': ('>=', 1), 'br4': ('>=', 1), 'br8': ('>=', 1), 'br18': ('>=', 1), 'br19': ('>=', 1), 'br28': ('>=', 1), 'br58': ('>=', 1), 'br59': ('>=', 1), 'br60': ('>=', 1), 'br72': ('>=', 1), 'sys': ('>=', 1)}
---
Round: 342, Unk. prob.: 4.000e-05
Surv probs: 9.999e-01, Fail probs: 9.000e-05
No. of non-dominant rules: 341, Survival rules: 282, Failure rules: 59
Survival sample found from sampling.
No. of existing rules removed:  0
New rule added. System state: 1, System value: 52.843874. Total samples: 100000.
New rule (No. of conditions: 25): {'vbus1': ('>=', 2), 'vbus3': ('>=', 1), 'vbus4': ('>=', 1), 'vbus6': ('>=', 1), 'vbus9': ('>=', 1), 'vbus11': ('>=', 1), 'vbus12': ('>=', 1), 'vbus13': ('>=', 1), 'vbus14': ('>=', 1), 'vbus15': ('>=', 1), 'vbus17': ('>=', 1), 'vbus18': ('>=', 1), 'vbus46': ('>=', 1), 'vbus47': ('>=', 1), 'br3': ('>=', 1), 'br5': ('>=', 1), 'br13': ('>=', 1), 'br14': ('>=', 1), 'br15': ('>=', 1), 'br17': ('>=', 1), 'br18': ('>=', 1), 'br19': ('>=', 1), 'br27': ('>=', 1), 'br59': ('>=', 1), 'br60': ('>=', 1), 'sys': ('>=', 1)}
Updated sys_vals: [50.911, 51.551, 52.111, 52.271, 52.43, 52.546, 52.697, 52.802, 52.844, 52.944, 52.983, 52.99, 52.998, 53.108, 53.119, 53.122, 53.278, 53.294, 53.35, 53.458, 53.47, 53.489, 53.505, 53.518, 53.534, 53.544, 53.55, 53.582, 53.584, 53.598, 53.63, 53.664, 53.673, 53.699, 53.702, 53.71, 53.716, 53.718, 53.744, 53.745, 53.753, 53.758, 53.76, 53.774, 53.789, 53.79, 53.792, 53.793, 53.794, 53.807, 53.81, 53.814, 53.824, 53.833, 53.834, 53.851, 53.854, 53.855, 53.856, 53.857, 53.859, 53.861, 53.865, 53.87, 53.877, 53.878, 53.88, 53.882, 53.883, 53.885, 53.889, 53.893, 53.894, 53.899, 53.901, 53.905, 53.906, 53.909, 53.918, 53.922, 53.923, 53.924, 53.925, 53.932, 53.933, 53.934, 53.935, 53.941, 53.945, 53.947, 53.949, 53.955, 53.956, 53.957, 53.958, 53.961, 53.964, 53.968, 53.969, 53.973, 53.974, 53.975, 53.977, 53.978, 53.979, 53.981, 53.982, 53.989, 53.99, 53.991, 53.993, 53.994, 53.995, 53.996, 53.998, 53.999, 54.0, 54.002, 54.004, 54.005, 54.009, 54.011, 54.013, 54.016, 54.019, 54.02, 54.021, 54.023, 54.024, 54.026, 54.028, 54.029, 54.03, 54.031, 54.032, 54.033, 54.034, 54.036, 54.037, 54.039, 54.041, 54.042, 54.043, 54.044, 54.045, 54.047, 54.048, 54.049, 54.051, 54.053, 54.055, 54.056, 54.057, 54.058, 54.06, 54.061, 54.064, 54.065, 54.067, 54.068, 54.069, 54.071, 54.072, 54.075, 54.076, 54.077, 54.078, 54.08, 54.081, 54.082, 54.083, 54.085, 54.086, 54.087, 54.089, 54.09, 54.091, 54.092, 54.093, 54.094, 54.095, 54.097, 54.099, 54.1, 54.11, 54.19, 54.193, 54.209, 54.218, 54.222, 54.251, 54.252, 54.269, 54.302, 54.325, 54.343, 54.378, 54.384, 54.401, 54.406, 54.445, 54.447, 54.605, 54.669, 54.712, 54.721, 54.79, 54.806, 54.909, 54.984, 54.989, 54.995, 55.006, 55.008, 55.076, 55.212, 55.229, 55.444, 55.462, 55.605, 55.661, 55.687, 55.69, 56.231, 56.365, 56.402, 56.974, 57.199, 57.245, 57.28, 57.496, 57.547, 57.81, 63.249, 64.739]
---
Round: 343, Unk. prob.: 8.000e-05
Surv probs: 9.999e-01, Fail probs: 5.000e-05
No. of non-dominant rules: 342, Survival rules: 283, Failure rules: 59
Survival sample found from sampling.
No. of existing rules removed:  0
New rule added. System state: 1, System value: 53.968993. Total samples: 100000.
New rule (No. of conditions: 27): {'vbus1': ('>=', 2), 'vbus3': ('>=', 1), 'vbus4': ('>=', 1), 'vbus5': ('>=', 1), 'vbus6': ('>=', 1), 'vbus9': ('>=', 1), 'vbus12': ('>=', 1), 'vbus13': ('>=', 1), 'vbus15': ('>=', 1), 'vbus16': ('>=', 1), 'vbus18': ('>=', 1), 'vbus19': ('>=', 1), 'vbus44': ('>=', 1), 'vbus49': ('>=', 1), 'vbus50': ('>=', 1), 'br3': ('>=', 1), 'br5': ('>=', 1), 'br14': ('>=', 1), 'br15': ('>=', 1), 'br16': ('>=', 1), 'br18': ('>=', 1), 'br20': ('>=', 1), 'br26': ('>=', 1), 'br29': ('>=', 1), 'br30': ('>=', 1), 'br63': ('>=', 1), 'br66': ('>=', 1), 'sys': ('>=', 1)}
---
Round: 344, Unk. prob.: 1.100e-04
Surv probs: 9.998e-01, Fail probs: 1.200e-04
No. of non-dominant rules: 343, Survival rules: 284, Failure rules: 59
Survival sample found from sampling.
No. of existing rules removed:  0
New rule added. System state: 1, System value: 53.923987. Total samples: 100000.
New rule (No. of conditions: 58): {'vbus1': ('>=', 2), 'vbus3': ('>=', 1), 'vbus4': ('>=', 1), 'vbus6': ('>=', 1), 'vbus7': ('>=', 1), 'vbus8': ('>=', 2), 'vbus11': ('>=', 1), 'vbus13': ('>=', 1), 'vbus14': ('>=', 1), 'vbus15': ('>=', 1), 'vbus17': ('>=', 1), 'vbus18': ('>=', 1), 'vbus22': ('>=', 1), 'vbus23': ('>=', 1), 'vbus24': ('>=', 1), 'vbus25': ('>=', 1), 'vbus27': ('>=', 1), 'vbus28': ('>=', 1), 'vbus29': ('>=', 1), 'vbus37': ('>=', 1), 'vbus38': ('>=', 1), 'vbus40': ('>=', 1), 'vbus41': ('>=', 1), 'vbus46': ('>=', 1), 'vbus47': ('>=', 1), 'vbus48': ('>=', 1), 'vbus49': ('>=', 1), 'vbus50': ('>=', 1), 'vbus56': ('>=', 1), 'br5': ('>=', 1), 'br7': ('>=', 1), 'br13': ('>=', 1), 'br14': ('>=', 1), 'br15': ('>=', 1), 'br17': ('>=', 1), 'br20': ('>=', 1), 'br22': ('>=', 1), 'br24': ('>=', 1), 'br28': ('>=', 1), 'br33': ('>=', 1), 'br34': ('>=', 1), 'br35': ('>=', 1), 'br39': ('>=', 1), 'br40': ('>=', 1), 'br41': ('>=', 1), 'br49': ('>=', 1), 'br50': ('>=', 1), 'br53': ('>=', 1), 'br54': ('>=', 1), 'br59': ('>=', 1), 'br60': ('>=', 1), 'br61': ('>=', 1), 'br63': ('>=', 1), 'br66': ('>=', 1), 'br74': ('>=', 1), 'br75': ('>=', 1), 'br78': ('>=', 1), 'br79': ('>=', 1), 'sys': ('>=', 1)}
---
Round: 345, Unk. prob.: 8.000e-05
Surv probs: 9.998e-01, Fail probs: 8.000e-05
No. of non-dominant rules: 344, Survival rules: 285, Failure rules: 59
Survival sample found from sampling.
No. of existing rules removed:  0
New rule added. System state: 1, System value: 53.903638. Total samples: 100000.
New rule (No. of conditions: 43): {'vbus2': ('>=', 2), 'vbus3': ('>=', 1), 'vbus4': ('>=', 1), 'vbus5': ('>=', 1), 'vbus6': ('>=', 1), 'vbus8': ('>=', 2), 'vbus9': ('>=', 1), 'vbus10': ('>=', 1), 'vbus11': ('>=', 1), 'vbus13': ('>=', 1), 'vbus14': ('>=', 1), 'vbus15': ('>=', 1), 'vbus18': ('>=', 1), 'vbus41': ('>=', 1), 'vbus42': ('>=', 1), 'vbus49': ('>=', 1), 'vbus50': ('>=', 1), 'vbus51': ('>=', 1), 'vbus53': ('>=', 1), 'vbus54': ('>=', 1), 'vbus55': ('>=', 1), 'vbus56': ('>=', 1), 'br2': ('>=', 1), 'br3': ('>=', 1), 'br4': ('>=', 1), 'br5': ('>=', 1), 'br7': ('>=', 1), 'br8': ('>=', 1), 'br9': ('>=', 1), 'br10': ('>=', 1), 'br14': ('>=', 1), 'br18': ('>=', 1), 'br19': ('>=', 1), 'br28': ('>=', 1), 'br54': ('>=', 1), 'br55': ('>=', 1), 'br64': ('>=', 1), 'br65': ('>=', 1), 'br66': ('>=', 1), 'br69': ('>=', 1), 'br70': ('>=', 1), 'br74': ('>=', 1), 'br80': ('>=', 1), 'sys': ('>=', 1)}
Updated sys_vals: [50.911, 51.551, 52.111, 52.271, 52.43, 52.546, 52.697, 52.802, 52.844, 52.944, 52.983, 52.99, 52.998, 53.108, 53.119, 53.122, 53.278, 53.294, 53.35, 53.458, 53.47, 53.489, 53.505, 53.518, 53.534, 53.544, 53.55, 53.582, 53.584, 53.598, 53.63, 53.664, 53.673, 53.699, 53.702, 53.71, 53.716, 53.718, 53.744, 53.745, 53.753, 53.758, 53.76, 53.774, 53.789, 53.79, 53.792, 53.793, 53.794, 53.807, 53.81, 53.814, 53.824, 53.833, 53.834, 53.851, 53.854, 53.855, 53.856, 53.857, 53.859, 53.861, 53.865, 53.87, 53.877, 53.878, 53.88, 53.882, 53.883, 53.885, 53.889, 53.893, 53.894, 53.899, 53.901, 53.904, 53.905, 53.906, 53.909, 53.918, 53.922, 53.923, 53.924, 53.925, 53.932, 53.933, 53.934, 53.935, 53.941, 53.945, 53.947, 53.949, 53.955, 53.956, 53.957, 53.958, 53.961, 53.964, 53.968, 53.969, 53.973, 53.974, 53.975, 53.977, 53.978, 53.979, 53.981, 53.982, 53.989, 53.99, 53.991, 53.993, 53.994, 53.995, 53.996, 53.998, 53.999, 54.0, 54.002, 54.004, 54.005, 54.009, 54.011, 54.013, 54.016, 54.019, 54.02, 54.021, 54.023, 54.024, 54.026, 54.028, 54.029, 54.03, 54.031, 54.032, 54.033, 54.034, 54.036, 54.037, 54.039, 54.041, 54.042, 54.043, 54.044, 54.045, 54.047, 54.048, 54.049, 54.051, 54.053, 54.055, 54.056, 54.057, 54.058, 54.06, 54.061, 54.064, 54.065, 54.067, 54.068, 54.069, 54.071, 54.072, 54.075, 54.076, 54.077, 54.078, 54.08, 54.081, 54.082, 54.083, 54.085, 54.086, 54.087, 54.089, 54.09, 54.091, 54.092, 54.093, 54.094, 54.095, 54.097, 54.099, 54.1, 54.11, 54.19, 54.193, 54.209, 54.218, 54.222, 54.251, 54.252, 54.269, 54.302, 54.325, 54.343, 54.378, 54.384, 54.401, 54.406, 54.445, 54.447, 54.605, 54.669, 54.712, 54.721, 54.79, 54.806, 54.909, 54.984, 54.989, 54.995, 55.006, 55.008, 55.076, 55.212, 55.229, 55.444, 55.462, 55.605, 55.661, 55.687, 55.69, 56.231, 56.365, 56.402, 56.974, 57.199, 57.245, 57.28, 57.496, 57.547, 57.81, 63.249, 64.739]
---
Round: 346, Unk. prob.: 4.000e-05
Surv probs: 9.999e-01, Fail probs: 9.000e-05
No. of non-dominant rules: 345, Survival rules: 286, Failure rules: 59
Survival sample found from sampling.
No. of existing rules removed:  0
New rule added. System state: 1, System value: 54.095481. Total samples: 100000.
New rule (No. of conditions: 24): {'vbus1': ('>=', 1), 'vbus3': ('>=', 1), 'vbus5': ('>=', 1), 'vbus6': ('>=', 2), 'vbus7': ('>=', 1), 'vbus8': ('>=', 1), 'vbus9': ('>=', 1), 'vbus13': ('>=', 1), 'vbus14': ('>=', 1), 'vbus15': ('>=', 1), 'vbus17': ('>=', 1), 'vbus49': ('>=', 1), 'vbus50': ('>=', 1), 'br6': ('>=', 1), 'br8': ('>=', 1), 'br12': ('>=', 1), 'br13': ('>=', 1), 'br14': ('>=', 1), 'br15': ('>=', 1), 'br17': ('>=', 1), 'br21': ('>=', 1), 'br22': ('>=', 1), 'br63': ('>=', 1), 'br66': ('>=', 1), 'sys': ('>=', 1)}
---
Round: 347, Unk. prob.: 9.000e-05
Surv probs: 9.999e-01, Fail probs: 5.000e-05
No. of non-dominant rules: 346, Survival rules: 287, Failure rules: 59
Failure sample found from sampling.
No. of existing rules removed:  0
New rule added. System state: 0, System value: 54.109908. Total samples: 100000.
New rule (No. of conditions: 4): {'vbus9': ('<=', 0), 'vbus12': ('<=', 0), 'vbus28': ('<=', 0), 'br15': ('<=', 0), 'sys': ('<=', 0)}
---
Round: 348, Unk. prob.: 8.000e-05
Surv probs: 9.998e-01, Fail probs: 1.000e-04
No. of non-dominant rules: 347, Survival rules: 287, Failure rules: 60
Failure sample found from sampling.
No. of existing rules removed:  0
New rule added. System state: 0, System value: 54.720819. Total samples: 100000.
New rule (No. of conditions: 5): {'vbus1': ('<=', 1), 'vbus3': ('<=', 1), 'vbus8': ('<=', 0), 'vbus9': ('<=', 2), 'vbus12': ('<=', 0), 'sys': ('<=', 0)}
---
Round: 349, Unk. prob.: 5.000e-05
Surv probs: 9.999e-01, Fail probs: 5.000e-05
No. of non-dominant rules: 348, Survival rules: 287, Failure rules: 61
Failure sample found from sampling.
No. of existing rules removed:  0
New rule added. System state: 0, System value: 55.854899. Total samples: 100000.
New rule (No. of conditions: 6): {'vbus6': ('<=', 0), 'vbus8': ('<=', 0), 'vbus9': ('<=', 1), 'vbus12': ('<=', 1), 'vbus47': ('<=', 0), 'br16': ('<=', 0), 'sys': ('<=', 0)}
Updated sys_vals: [50.911, 51.551, 52.111, 52.271, 52.43, 52.546, 52.697, 52.802, 52.844, 52.944, 52.983, 52.99, 52.998, 53.108, 53.119, 53.122, 53.278, 53.294, 53.35, 53.458, 53.47, 53.489, 53.505, 53.518, 53.534, 53.544, 53.55, 53.582, 53.584, 53.598, 53.63, 53.664, 53.673, 53.699, 53.702, 53.71, 53.716, 53.718, 53.744, 53.745, 53.753, 53.758, 53.76, 53.774, 53.789, 53.79, 53.792, 53.793, 53.794, 53.807, 53.81, 53.814, 53.824, 53.833, 53.834, 53.851, 53.854, 53.855, 53.856, 53.857, 53.859, 53.861, 53.865, 53.87, 53.877, 53.878, 53.88, 53.882, 53.883, 53.885, 53.889, 53.893, 53.894, 53.899, 53.901, 53.904, 53.905, 53.906, 53.909, 53.918, 53.922, 53.923, 53.924, 53.925, 53.932, 53.933, 53.934, 53.935, 53.941, 53.945, 53.947, 53.949, 53.955, 53.956, 53.957, 53.958, 53.961, 53.964, 53.968, 53.969, 53.973, 53.974, 53.975, 53.977, 53.978, 53.979, 53.981, 53.982, 53.989, 53.99, 53.991, 53.993, 53.994, 53.995, 53.996, 53.998, 53.999, 54.0, 54.002, 54.004, 54.005, 54.009, 54.011, 54.013, 54.016, 54.019, 54.02, 54.021, 54.023, 54.024, 54.026, 54.028, 54.029, 54.03, 54.031, 54.032, 54.033, 54.034, 54.036, 54.037, 54.039, 54.041, 54.042, 54.043, 54.044, 54.045, 54.047, 54.048, 54.049, 54.051, 54.053, 54.055, 54.056, 54.057, 54.058, 54.06, 54.061, 54.064, 54.065, 54.067, 54.068, 54.069, 54.071, 54.072, 54.075, 54.076, 54.077, 54.078, 54.08, 54.081, 54.082, 54.083, 54.085, 54.086, 54.087, 54.089, 54.09, 54.091, 54.092, 54.093, 54.094, 54.095, 54.097, 54.099, 54.1, 54.11, 54.19, 54.193, 54.209, 54.218, 54.222, 54.251, 54.252, 54.269, 54.302, 54.325, 54.343, 54.378, 54.384, 54.401, 54.406, 54.445, 54.447, 54.605, 54.669, 54.712, 54.721, 54.79, 54.806, 54.909, 54.984, 54.989, 54.995, 55.006, 55.008, 55.076, 55.212, 55.229, 55.444, 55.462, 55.605, 55.661, 55.687, 55.69, 55.855, 56.231, 56.365, 56.402, 56.974, 57.199, 57.245, 57.28, 57.496, 57.547, 57.81, 63.249, 64.739]
---
Round: 350, Unk. prob.: 3.000e-05
Surv probs: 9.999e-01, Fail probs: 1.000e-04
No. of non-dominant rules: 349, Survival rules: 287, Failure rules: 62
Survival sample found from sampling.
No. of existing rules removed:  0
New rule added. System state: 1, System value: 53.922457. Total samples: 100000.
New rule (No. of conditions: 57): {'vbus1': ('>=', 2), 'vbus2': ('>=', 1), 'vbus3': ('>=', 2), 'vbus4': ('>=', 1), 'vbus6': ('>=', 3), 'vbus7': ('>=', 1), 'vbus9': ('>=', 2), 'vbus11': ('>=', 1), 'vbus13': ('>=', 1), 'vbus14': ('>=', 1), 'vbus15': ('>=', 1), 'vbus16': ('>=', 1), 'vbus17': ('>=', 1), 'vbus18': ('>=', 1), 'vbus22': ('>=', 1), 'vbus23': ('>=', 1), 'vbus29': ('>=', 1), 'vbus36': ('>=', 1), 'vbus37': ('>=', 1), 'vbus38': ('>=', 1), 'vbus40': ('>=', 1), 'vbus44': ('>=', 1), 'vbus45': ('>=', 1), 'vbus46': ('>=', 1), 'vbus47': ('>=', 1), 'vbus49': ('>=', 1), 'vbus50': ('>=', 1), 'vbus52': ('>=', 1), 'vbus53': ('>=', 1), 'vbus56': ('>=', 1), 'br3': ('>=', 1), 'br5': ('>=', 1), 'br6': ('>=', 1), 'br10': ('>=', 1), 'br14': ('>=', 1), 'br15': ('>=', 1), 'br16': ('>=', 1), 'br17': ('>=', 1), 'br19': ('>=', 1), 'br24': ('>=', 1), 'br28': ('>=', 1), 'br33': ('>=', 1), 'br41': ('>=', 1), 'br49': ('>=', 1), 'br50': ('>=', 1), 'br52': ('>=', 1), 'br53': ('>=', 1), 'br57': ('>=', 1), 'br58': ('>=', 1), 'br59': ('>=', 1), 'br60': ('>=', 1), 'br63': ('>=', 1), 'br66': ('>=', 1), 'br67': ('>=', 1), 'br68': ('>=', 1), 'br72': ('>=', 1), 'br73': ('>=', 1), 'sys': ('>=', 1)}
---
Round: 351, Unk. prob.: 6.000e-05
Surv probs: 9.999e-01, Fail probs: 2.000e-05
No. of non-dominant rules: 350, Survival rules: 288, Failure rules: 62
Survival sample found from sampling.
No. of existing rules removed:  0
New rule added. System state: 1, System value: 53.981452. Total samples: 100000.
New rule (No. of conditions: 45): {'vbus1': ('>=', 2), 'vbus2': ('>=', 1), 'vbus3': ('>=', 2), 'vbus4': ('>=', 1), 'vbus5': ('>=', 1), 'vbus6': ('>=', 2), 'vbus8': ('>=', 1), 'vbus11': ('>=', 1), 'vbus13': ('>=', 1), 'vbus14': ('>=', 1), 'vbus15': ('>=', 1), 'vbus16': ('>=', 1), 'vbus17': ('>=', 1), 'vbus18': ('>=', 1), 'vbus19': ('>=', 1), 'vbus20': ('>=', 1), 'vbus22': ('>=', 1), 'vbus23': ('>=', 1), 'vbus38': ('>=', 1), 'vbus41': ('>=', 1), 'vbus43': ('>=', 1), 'vbus44': ('>=', 1), 'vbus45': ('>=', 1), 'vbus46': ('>=', 1), 'vbus47': ('>=', 1), 'br3': ('>=', 1), 'br4': ('>=', 1), 'br13': ('>=', 1), 'br15': ('>=', 1), 'br16': ('>=', 1), 'br17': ('>=', 1), 'br20': ('>=', 1), 'br24': ('>=', 1), 'br28': ('>=', 1), 'br29': ('>=', 1), 'br30': ('>=', 1), 'br33': ('>=', 1), 'br53': ('>=', 1), 'br56': ('>=', 1), 'br57': ('>=', 1), 'br58': ('>=', 1), 'br59': ('>=', 1), 'br60': ('>=', 1), 'br71': ('>=', 1), 'br72': ('>=', 1), 'sys': ('>=', 1)}
---
Round: 352, Unk. prob.: 7.000e-05
Surv probs: 9.998e-01, Fail probs: 1.000e-04
No. of non-dominant rules: 351, Survival rules: 289, Failure rules: 62
Survival sample found from sampling.
No. of existing rules removed:  0
New rule added. System state: 1, System value: 54.014138. Total samples: 100000.
New rule (No. of conditions: 55): {'vbus1': ('>=', 2), 'vbus2': ('>=', 1), 'vbus3': ('>=', 1), 'vbus4': ('>=', 1), 'vbus6': ('>=', 1), 'vbus7': ('>=', 1), 'vbus8': ('>=', 2), 'vbus14': ('>=', 1), 'vbus15': ('>=', 1), 'vbus16': ('>=', 1), 'vbus17': ('>=', 1), 'vbus18': ('>=', 1), 'vbus21': ('>=', 1), 'vbus22': ('>=', 1), 'vbus28': ('>=', 1), 'vbus29': ('>=', 1), 'vbus35': ('>=', 1), 'vbus36': ('>=', 1), 'vbus37': ('>=', 1), 'vbus38': ('>=', 1), 'vbus39': ('>=', 1), 'vbus40': ('>=', 1), 'vbus44': ('>=', 1), 'vbus45': ('>=', 1), 'vbus46': ('>=', 1), 'vbus47': ('>=', 1), 'vbus49': ('>=', 1), 'vbus52': ('>=', 1), 'vbus56': ('>=', 1), 'vbus57': ('>=', 1), 'br3': ('>=', 1), 'br5': ('>=', 1), 'br7': ('>=', 1), 'br15': ('>=', 1), 'br16': ('>=', 1), 'br17': ('>=', 1), 'br19': ('>=', 1), 'br22': ('>=', 1), 'br28': ('>=', 1), 'br40': ('>=', 1), 'br41': ('>=', 1), 'br48': ('>=', 1), 'br49': ('>=', 1), 'br50': ('>=', 1), 'br51': ('>=', 1), 'br52': ('>=', 1), 'br57': ('>=', 1), 'br58': ('>=', 1), 'br59': ('>=', 1), 'br60': ('>=', 1), 'br67': ('>=', 1), 'br72': ('>=', 1), 'br73': ('>=', 1), 'br76': ('>=', 1), 'br78': ('>=', 1), 'sys': ('>=', 1)}
Updated sys_vals: [50.911, 51.551, 52.111, 52.271, 52.43, 52.546, 52.697, 52.802, 52.844, 52.944, 52.983, 52.99, 52.998, 53.108, 53.119, 53.122, 53.278, 53.294, 53.35, 53.458, 53.47, 53.489, 53.505, 53.518, 53.534, 53.544, 53.55, 53.582, 53.584, 53.598, 53.63, 53.664, 53.673, 53.699, 53.702, 53.71, 53.716, 53.718, 53.744, 53.745, 53.753, 53.758, 53.76, 53.774, 53.789, 53.79, 53.792, 53.793, 53.794, 53.807, 53.81, 53.814, 53.824, 53.833, 53.834, 53.851, 53.854, 53.855, 53.856, 53.857, 53.859, 53.861, 53.865, 53.87, 53.877, 53.878, 53.88, 53.882, 53.883, 53.885, 53.889, 53.893, 53.894, 53.899, 53.901, 53.904, 53.905, 53.906, 53.909, 53.918, 53.922, 53.923, 53.924, 53.925, 53.932, 53.933, 53.934, 53.935, 53.941, 53.945, 53.947, 53.949, 53.955, 53.956, 53.957, 53.958, 53.961, 53.964, 53.968, 53.969, 53.973, 53.974, 53.975, 53.977, 53.978, 53.979, 53.981, 53.982, 53.989, 53.99, 53.991, 53.993, 53.994, 53.995, 53.996, 53.998, 53.999, 54.0, 54.002, 54.004, 54.005, 54.009, 54.011, 54.013, 54.014, 54.016, 54.019, 54.02, 54.021, 54.023, 54.024, 54.026, 54.028, 54.029, 54.03, 54.031, 54.032, 54.033, 54.034, 54.036, 54.037, 54.039, 54.041, 54.042, 54.043, 54.044, 54.045, 54.047, 54.048, 54.049, 54.051, 54.053, 54.055, 54.056, 54.057, 54.058, 54.06, 54.061, 54.064, 54.065, 54.067, 54.068, 54.069, 54.071, 54.072, 54.075, 54.076, 54.077, 54.078, 54.08, 54.081, 54.082, 54.083, 54.085, 54.086, 54.087, 54.089, 54.09, 54.091, 54.092, 54.093, 54.094, 54.095, 54.097, 54.099, 54.1, 54.11, 54.19, 54.193, 54.209, 54.218, 54.222, 54.251, 54.252, 54.269, 54.302, 54.325, 54.343, 54.378, 54.384, 54.401, 54.406, 54.445, 54.447, 54.605, 54.669, 54.712, 54.721, 54.79, 54.806, 54.909, 54.984, 54.989, 54.995, 55.006, 55.008, 55.076, 55.212, 55.229, 55.444, 55.462, 55.605, 55.661, 55.687, 55.69, 55.855, 56.231, 56.365, 56.402, 56.974, 57.199, 57.245, 57.28, 57.496, 57.547, 57.81, 63.249, 64.739]
---
Round: 353, Unk. prob.: 6.000e-05
Surv probs: 9.999e-01, Fail probs: 7.000e-05
No. of non-dominant rules: 352, Survival rules: 290, Failure rules: 62
Failure sample found from sampling.
No. of existing rules removed:  0
New rule added. System state: 0, System value: 54.29419. Total samples: 100000.
New rule (No. of conditions: 4): {'vbus6': ('<=', 1), 'vbus8': ('<=', 0), 'vbus12': ('<=', 0), 'br51': ('<=', 0), 'sys': ('<=', 0)}
Updated sys_vals: [50.911, 51.551, 52.111, 52.271, 52.43, 52.546, 52.697, 52.802, 52.844, 52.944, 52.983, 52.99, 52.998, 53.108, 53.119, 53.122, 53.278, 53.294, 53.35, 53.458, 53.47, 53.489, 53.505, 53.518, 53.534, 53.544, 53.55, 53.582, 53.584, 53.598, 53.63, 53.664, 53.673, 53.699, 53.702, 53.71, 53.716, 53.718, 53.744, 53.745, 53.753, 53.758, 53.76, 53.774, 53.789, 53.79, 53.792, 53.793, 53.794, 53.807, 53.81, 53.814, 53.824, 53.833, 53.834, 53.851, 53.854, 53.855, 53.856, 53.857, 53.859, 53.861, 53.865, 53.87, 53.877, 53.878, 53.88, 53.882, 53.883, 53.885, 53.889, 53.893, 53.894, 53.899, 53.901, 53.904, 53.905, 53.906, 53.909, 53.918, 53.922, 53.923, 53.924, 53.925, 53.932, 53.933, 53.934, 53.935, 53.941, 53.945, 53.947, 53.949, 53.955, 53.956, 53.957, 53.958, 53.961, 53.964, 53.968, 53.969, 53.973, 53.974, 53.975, 53.977, 53.978, 53.979, 53.981, 53.982, 53.989, 53.99, 53.991, 53.993, 53.994, 53.995, 53.996, 53.998, 53.999, 54.0, 54.002, 54.004, 54.005, 54.009, 54.011, 54.013, 54.014, 54.016, 54.019, 54.02, 54.021, 54.023, 54.024, 54.026, 54.028, 54.029, 54.03, 54.031, 54.032, 54.033, 54.034, 54.036, 54.037, 54.039, 54.041, 54.042, 54.043, 54.044, 54.045, 54.047, 54.048, 54.049, 54.051, 54.053, 54.055, 54.056, 54.057, 54.058, 54.06, 54.061, 54.064, 54.065, 54.067, 54.068, 54.069, 54.071, 54.072, 54.075, 54.076, 54.077, 54.078, 54.08, 54.081, 54.082, 54.083, 54.085, 54.086, 54.087, 54.089, 54.09, 54.091, 54.092, 54.093, 54.094, 54.095, 54.097, 54.099, 54.1, 54.11, 54.19, 54.193, 54.209, 54.218, 54.222, 54.251, 54.252, 54.269, 54.294, 54.302, 54.325, 54.343, 54.378, 54.384, 54.401, 54.406, 54.445, 54.447, 54.605, 54.669, 54.712, 54.721, 54.79, 54.806, 54.909, 54.984, 54.989, 54.995, 55.006, 55.008, 55.076, 55.212, 55.229, 55.444, 55.462, 55.605, 55.661, 55.687, 55.69, 55.855, 56.231, 56.365, 56.402, 56.974, 57.199, 57.245, 57.28, 57.496, 57.547, 57.81, 63.249, 64.739]
---
Round: 354, Unk. prob.: 8.000e-05
Surv probs: 9.998e-01, Fail probs: 1.200e-04
No. of non-dominant rules: 353, Survival rules: 290, Failure rules: 63
Failure sample found from sampling.
No. of existing rules removed:  0
New rule added. System state: 0, System value: 54.988807. Total samples: 100000.
New rule (No. of conditions: 4): {'vbus3': ('<=', 0), 'vbus8': ('<=', 1), 'vbus12': ('<=', 0), 'br15': ('<=', 0), 'sys': ('<=', 0)}
---
Round: 355, Unk. prob.: 5.000e-05
Surv probs: 9.999e-01, Fail probs: 3.000e-05
No. of non-dominant rules: 354, Survival rules: 290, Failure rules: 64
Survival sample found from sampling.
No. of existing rules removed:  0
New rule added. System state: 1, System value: 54.082304. Total samples: 100000.
New rule (No. of conditions: 61): {'vbus1': ('>=', 2), 'vbus2': ('>=', 1), 'vbus3': ('>=', 1), 'vbus4': ('>=', 1), 'vbus6': ('>=', 2), 'vbus7': ('>=', 1), 'vbus9': ('>=', 2), 'vbus11': ('>=', 1), 'vbus13': ('>=', 1), 'vbus14': ('>=', 1), 'vbus15': ('>=', 1), 'vbus16': ('>=', 1), 'vbus17': ('>=', 1), 'vbus18': ('>=', 1), 'vbus19': ('>=', 1), 'vbus29': ('>=', 1), 'vbus32': ('>=', 1), 'vbus33': ('>=', 1), 'vbus34': ('>=', 1), 'vbus35': ('>=', 1), 'vbus36': ('>=', 1), 'vbus37': ('>=', 1), 'vbus38': ('>=', 1), 'vbus40': ('>=', 1), 'vbus44': ('>=', 1), 'vbus45': ('>=', 1), 'vbus46': ('>=', 1), 'vbus47': ('>=', 1), 'vbus49': ('>=', 1), 'vbus50': ('>=', 1), 'vbus52': ('>=', 1), 'vbus53': ('>=', 1), 'br3': ('>=', 1), 'br5': ('>=', 1), 'br6': ('>=', 1), 'br10': ('>=', 1), 'br14': ('>=', 1), 'br15': ('>=', 1), 'br16': ('>=', 1), 'br17': ('>=', 1), 'br18': ('>=', 1), 'br20': ('>=', 1), 'br24': ('>=', 1), 'br28': ('>=', 1), 'br29': ('>=', 1), 'br41': ('>=', 1), 'br45': ('>=', 1), 'br46': ('>=', 1), 'br47': ('>=', 1), 'br48': ('>=', 1), 'br49': ('>=', 1), 'br50': ('>=', 1), 'br57': ('>=', 1), 'br58': ('>=', 1), 'br59': ('>=', 1), 'br60': ('>=', 1), 'br63': ('>=', 1), 'br66': ('>=', 1), 'br67': ('>=', 1), 'br68': ('>=', 1), 'br72': ('>=', 1), 'sys': ('>=', 1)}
---
Round: 356, Unk. prob.: 1.200e-04
Surv probs: 9.998e-01, Fail probs: 5.000e-05
No. of non-dominant rules: 355, Survival rules: 291, Failure rules: 64
Survival sample found from sampling.
No. of existing rules removed:  0
New rule added. System state: 1, System value: 54.015177. Total samples: 100000.
New rule (No. of conditions: 38): {'vbus1': ('>=', 2), 'vbus3': ('>=', 1), 'vbus4': ('>=', 1), 'vbus6': ('>=', 1), 'vbus8': ('>=', 1), 'vbus9': ('>=', 1), 'vbus11': ('>=', 1), 'vbus13': ('>=', 1), 'vbus14': ('>=', 1), 'vbus15': ('>=', 1), 'vbus17': ('>=', 1), 'vbus18': ('>=', 1), 'vbus22': ('>=', 1), 'vbus23': ('>=', 1), 'vbus38': ('>=', 1), 'vbus46': ('>=', 1), 'vbus47': ('>=', 1), 'vbus48': ('>=', 1), 'vbus49': ('>=', 1), 'vbus50': ('>=', 1), 'br3': ('>=', 1), 'br7': ('>=', 1), 'br10': ('>=', 1), 'br13': ('>=', 1), 'br14': ('>=', 1), 'br15': ('>=', 1), 'br17': ('>=', 1), 'br20': ('>=', 1), 'br24': ('>=', 1), 'br28': ('>=', 1), 'br33': ('>=', 1), 'br53': ('>=', 1), 'br59': ('>=', 1), 'br60': ('>=', 1), 'br61': ('>=', 1), 'br63': ('>=', 1), 'br66': ('>=', 1), 'br79': ('>=', 1), 'sys': ('>=', 1)}
Updated sys_vals: [50.911, 51.551, 52.111, 52.271, 52.43, 52.546, 52.697, 52.802, 52.844, 52.944, 52.983, 52.99, 52.998, 53.108, 53.119, 53.122, 53.278, 53.294, 53.35, 53.458, 53.47, 53.489, 53.505, 53.518, 53.534, 53.544, 53.55, 53.582, 53.584, 53.598, 53.63, 53.664, 53.673, 53.699, 53.702, 53.71, 53.716, 53.718, 53.744, 53.745, 53.753, 53.758, 53.76, 53.774, 53.789, 53.79, 53.792, 53.793, 53.794, 53.807, 53.81, 53.814, 53.824, 53.833, 53.834, 53.851, 53.854, 53.855, 53.856, 53.857, 53.859, 53.861, 53.865, 53.87, 53.877, 53.878, 53.88, 53.882, 53.883, 53.885, 53.889, 53.893, 53.894, 53.899, 53.901, 53.904, 53.905, 53.906, 53.909, 53.918, 53.922, 53.923, 53.924, 53.925, 53.932, 53.933, 53.934, 53.935, 53.941, 53.945, 53.947, 53.949, 53.955, 53.956, 53.957, 53.958, 53.961, 53.964, 53.968, 53.969, 53.973, 53.974, 53.975, 53.977, 53.978, 53.979, 53.981, 53.982, 53.989, 53.99, 53.991, 53.993, 53.994, 53.995, 53.996, 53.998, 53.999, 54.0, 54.002, 54.004, 54.005, 54.009, 54.011, 54.013, 54.014, 54.015, 54.016, 54.019, 54.02, 54.021, 54.023, 54.024, 54.026, 54.028, 54.029, 54.03, 54.031, 54.032, 54.033, 54.034, 54.036, 54.037, 54.039, 54.041, 54.042, 54.043, 54.044, 54.045, 54.047, 54.048, 54.049, 54.051, 54.053, 54.055, 54.056, 54.057, 54.058, 54.06, 54.061, 54.064, 54.065, 54.067, 54.068, 54.069, 54.071, 54.072, 54.075, 54.076, 54.077, 54.078, 54.08, 54.081, 54.082, 54.083, 54.085, 54.086, 54.087, 54.089, 54.09, 54.091, 54.092, 54.093, 54.094, 54.095, 54.097, 54.099, 54.1, 54.11, 54.19, 54.193, 54.209, 54.218, 54.222, 54.251, 54.252, 54.269, 54.294, 54.302, 54.325, 54.343, 54.378, 54.384, 54.401, 54.406, 54.445, 54.447, 54.605, 54.669, 54.712, 54.721, 54.79, 54.806, 54.909, 54.984, 54.989, 54.995, 55.006, 55.008, 55.076, 55.212, 55.229, 55.444, 55.462, 55.605, 55.661, 55.687, 55.69, 55.855, 56.231, 56.365, 56.402, 56.974, 57.199, 57.245, 57.28, 57.496, 57.547, 57.81, 63.249, 64.739]
---
Round: 357, Unk. prob.: 6.000e-05
Surv probs: 9.999e-01, Fail probs: 7.000e-05
No. of non-dominant rules: 356, Survival rules: 292, Failure rules: 64
Survival sample found from sampling.
No. of existing rules removed:  0
New rule added. System state: 1, System value: 54.045643. Total samples: 100000.
New rule (No. of conditions: 29): {'vbus1': ('>=', 1), 'vbus2': ('>=', 1), 'vbus3': ('>=', 1), 'vbus6': ('>=', 1), 'vbus8': ('>=', 1), 'vbus9': ('>=', 2), 'vbus10': ('>=', 1), 'vbus11': ('>=', 1), 'vbus13': ('>=', 1), 'vbus14': ('>=', 1), 'vbus15': ('>=', 1), 'vbus16': ('>=', 1), 'vbus41': ('>=', 1), 'vbus42': ('>=', 1), 'vbus49': ('>=', 1), 'vbus56': ('>=', 1), 'br7': ('>=', 1), 'br8': ('>=', 1), 'br9': ('>=', 1), 'br12': ('>=', 1), 'br13': ('>=', 1), 'br14': ('>=', 1), 'br15': ('>=', 1), 'br16': ('>=', 1), 'br24': ('>=', 1), 'br54': ('>=', 1), 'br55': ('>=', 1), 'br66': ('>=', 1), 'br75': ('>=', 1), 'sys': ('>=', 1)}
Updated sys_vals: [50.911, 51.551, 52.111, 52.271, 52.43, 52.546, 52.697, 52.802, 52.844, 52.944, 52.983, 52.99, 52.998, 53.108, 53.119, 53.122, 53.278, 53.294, 53.35, 53.458, 53.47, 53.489, 53.505, 53.518, 53.534, 53.544, 53.55, 53.582, 53.584, 53.598, 53.63, 53.664, 53.673, 53.699, 53.702, 53.71, 53.716, 53.718, 53.744, 53.745, 53.753, 53.758, 53.76, 53.774, 53.789, 53.79, 53.792, 53.793, 53.794, 53.807, 53.81, 53.814, 53.824, 53.833, 53.834, 53.851, 53.854, 53.855, 53.856, 53.857, 53.859, 53.861, 53.865, 53.87, 53.877, 53.878, 53.88, 53.882, 53.883, 53.885, 53.889, 53.893, 53.894, 53.899, 53.901, 53.904, 53.905, 53.906, 53.909, 53.918, 53.922, 53.923, 53.924, 53.925, 53.932, 53.933, 53.934, 53.935, 53.941, 53.945, 53.947, 53.949, 53.955, 53.956, 53.957, 53.958, 53.961, 53.964, 53.968, 53.969, 53.973, 53.974, 53.975, 53.977, 53.978, 53.979, 53.981, 53.982, 53.989, 53.99, 53.991, 53.993, 53.994, 53.995, 53.996, 53.998, 53.999, 54.0, 54.002, 54.004, 54.005, 54.009, 54.011, 54.013, 54.014, 54.015, 54.016, 54.019, 54.02, 54.021, 54.023, 54.024, 54.026, 54.028, 54.029, 54.03, 54.031, 54.032, 54.033, 54.034, 54.036, 54.037, 54.039, 54.041, 54.042, 54.043, 54.044, 54.045, 54.046, 54.047, 54.048, 54.049, 54.051, 54.053, 54.055, 54.056, 54.057, 54.058, 54.06, 54.061, 54.064, 54.065, 54.067, 54.068, 54.069, 54.071, 54.072, 54.075, 54.076, 54.077, 54.078, 54.08, 54.081, 54.082, 54.083, 54.085, 54.086, 54.087, 54.089, 54.09, 54.091, 54.092, 54.093, 54.094, 54.095, 54.097, 54.099, 54.1, 54.11, 54.19, 54.193, 54.209, 54.218, 54.222, 54.251, 54.252, 54.269, 54.294, 54.302, 54.325, 54.343, 54.378, 54.384, 54.401, 54.406, 54.445, 54.447, 54.605, 54.669, 54.712, 54.721, 54.79, 54.806, 54.909, 54.984, 54.989, 54.995, 55.006, 55.008, 55.076, 55.212, 55.229, 55.444, 55.462, 55.605, 55.661, 55.687, 55.69, 55.855, 56.231, 56.365, 56.402, 56.974, 57.199, 57.245, 57.28, 57.496, 57.547, 57.81, 63.249, 64.739]
---
Round: 358, Unk. prob.: 5.000e-05
Surv probs: 9.999e-01, Fail probs: 1.000e-04
No. of non-dominant rules: 357, Survival rules: 293, Failure rules: 64
Survival sample found from sampling.
No. of existing rules removed:  0
New rule added. System state: 1, System value: 52.904145. Total samples: 100000.
New rule (No. of conditions: 24): {'vbus1': ('>=', 2), 'vbus3': ('>=', 1), 'vbus6': ('>=', 1), 'vbus9': ('>=', 1), 'vbus12': ('>=', 1), 'vbus13': ('>=', 1), 'vbus14': ('>=', 1), 'vbus15': ('>=', 1), 'vbus17': ('>=', 1), 'vbus45': ('>=', 1), 'vbus46': ('>=', 1), 'vbus47': ('>=', 1), 'vbus49': ('>=', 1), 'vbus50': ('>=', 1), 'br14': ('>=', 1), 'br15': ('>=', 1), 'br17': ('>=', 1), 'br27': ('>=', 1), 'br28': ('>=', 1), 'br58': ('>=', 1), 'br59': ('>=', 1), 'br60': ('>=', 1), 'br63': ('>=', 1), 'br66': ('>=', 1), 'sys': ('>=', 1)}
Updated sys_vals: [50.911, 51.551, 52.111, 52.271, 52.43, 52.546, 52.697, 52.802, 52.844, 52.904, 52.944, 52.983, 52.99, 52.998, 53.108, 53.119, 53.122, 53.278, 53.294, 53.35, 53.458, 53.47, 53.489, 53.505, 53.518, 53.534, 53.544, 53.55, 53.582, 53.584, 53.598, 53.63, 53.664, 53.673, 53.699, 53.702, 53.71, 53.716, 53.718, 53.744, 53.745, 53.753, 53.758, 53.76, 53.774, 53.789, 53.79, 53.792, 53.793, 53.794, 53.807, 53.81, 53.814, 53.824, 53.833, 53.834, 53.851, 53.854, 53.855, 53.856, 53.857, 53.859, 53.861, 53.865, 53.87, 53.877, 53.878, 53.88, 53.882, 53.883, 53.885, 53.889, 53.893, 53.894, 53.899, 53.901, 53.904, 53.905, 53.906, 53.909, 53.918, 53.922, 53.923, 53.924, 53.925, 53.932, 53.933, 53.934, 53.935, 53.941, 53.945, 53.947, 53.949, 53.955, 53.956, 53.957, 53.958, 53.961, 53.964, 53.968, 53.969, 53.973, 53.974, 53.975, 53.977, 53.978, 53.979, 53.981, 53.982, 53.989, 53.99, 53.991, 53.993, 53.994, 53.995, 53.996, 53.998, 53.999, 54.0, 54.002, 54.004, 54.005, 54.009, 54.011, 54.013, 54.014, 54.015, 54.016, 54.019, 54.02, 54.021, 54.023, 54.024, 54.026, 54.028, 54.029, 54.03, 54.031, 54.032, 54.033, 54.034, 54.036, 54.037, 54.039, 54.041, 54.042, 54.043, 54.044, 54.045, 54.046, 54.047, 54.048, 54.049, 54.051, 54.053, 54.055, 54.056, 54.057, 54.058, 54.06, 54.061, 54.064, 54.065, 54.067, 54.068, 54.069, 54.071, 54.072, 54.075, 54.076, 54.077, 54.078, 54.08, 54.081, 54.082, 54.083, 54.085, 54.086, 54.087, 54.089, 54.09, 54.091, 54.092, 54.093, 54.094, 54.095, 54.097, 54.099, 54.1, 54.11, 54.19, 54.193, 54.209, 54.218, 54.222, 54.251, 54.252, 54.269, 54.294, 54.302, 54.325, 54.343, 54.378, 54.384, 54.401, 54.406, 54.445, 54.447, 54.605, 54.669, 54.712, 54.721, 54.79, 54.806, 54.909, 54.984, 54.989, 54.995, 55.006, 55.008, 55.076, 55.212, 55.229, 55.444, 55.462, 55.605, 55.661, 55.687, 55.69, 55.855, 56.231, 56.365, 56.402, 56.974, 57.199, 57.245, 57.28, 57.496, 57.547, 57.81, 63.249, 64.739]
---
Round: 359, Unk. prob.: 8.000e-05
Surv probs: 9.999e-01, Fail probs: 7.000e-05
No. of non-dominant rules: 358, Survival rules: 294, Failure rules: 64
Survival sample found from sampling.
No. of existing rules removed:  0
New rule added. System state: 1, System value: 53.933483. Total samples: 100000.
New rule (No. of conditions: 12): {'vbus2': ('>=', 1), 'vbus3': ('>=', 1), 'vbus4': ('>=', 1), 'vbus6': ('>=', 2), 'vbus9': ('>=', 2), 'vbus12': ('>=', 2), 'vbus15': ('>=', 1), 'vbus18': ('>=', 1), 'br2': ('>=', 1), 'br3': ('>=', 1), 'br18': ('>=', 1), 'br20': ('>=', 1), 'sys': ('>=', 1)}
---
Round: 360, Unk. prob.: 9.000e-05
Surv probs: 9.999e-01, Fail probs: 6.000e-05
No. of non-dominant rules: 359, Survival rules: 295, Failure rules: 64
Survival sample found from sampling.
No. of existing rules removed:  0
New rule added. System state: 1, System value: 53.985289. Total samples: 100000.
New rule (No. of conditions: 19): {'vbus1': ('>=', 1), 'vbus3': ('>=', 2), 'vbus4': ('>=', 1), 'vbus5': ('>=', 1), 'vbus9': ('>=', 3), 'vbus12': ('>=', 1), 'vbus14': ('>=', 1), 'vbus15': ('>=', 1), 'vbus16': ('>=', 1), 'vbus17': ('>=', 1), 'vbus18': ('>=', 1), 'br3': ('>=', 1), 'br4': ('>=', 1), 'br15': ('>=', 1), 'br16': ('>=', 1), 'br17': ('>=', 1), 'br19': ('>=', 1), 'br26': ('>=', 1), 'br28': ('>=', 1), 'sys': ('>=', 1)}
Updated sys_vals: [50.911, 51.551, 52.111, 52.271, 52.43, 52.546, 52.697, 52.802, 52.844, 52.904, 52.944, 52.983, 52.99, 52.998, 53.108, 53.119, 53.122, 53.278, 53.294, 53.35, 53.458, 53.47, 53.489, 53.505, 53.518, 53.534, 53.544, 53.55, 53.582, 53.584, 53.598, 53.63, 53.664, 53.673, 53.699, 53.702, 53.71, 53.716, 53.718, 53.744, 53.745, 53.753, 53.758, 53.76, 53.774, 53.789, 53.79, 53.792, 53.793, 53.794, 53.807, 53.81, 53.814, 53.824, 53.833, 53.834, 53.851, 53.854, 53.855, 53.856, 53.857, 53.859, 53.861, 53.865, 53.87, 53.877, 53.878, 53.88, 53.882, 53.883, 53.885, 53.889, 53.893, 53.894, 53.899, 53.901, 53.904, 53.905, 53.906, 53.909, 53.918, 53.922, 53.923, 53.924, 53.925, 53.932, 53.933, 53.934, 53.935, 53.941, 53.945, 53.947, 53.949, 53.955, 53.956, 53.957, 53.958, 53.961, 53.964, 53.968, 53.969, 53.973, 53.974, 53.975, 53.977, 53.978, 53.979, 53.981, 53.982, 53.985, 53.989, 53.99, 53.991, 53.993, 53.994, 53.995, 53.996, 53.998, 53.999, 54.0, 54.002, 54.004, 54.005, 54.009, 54.011, 54.013, 54.014, 54.015, 54.016, 54.019, 54.02, 54.021, 54.023, 54.024, 54.026, 54.028, 54.029, 54.03, 54.031, 54.032, 54.033, 54.034, 54.036, 54.037, 54.039, 54.041, 54.042, 54.043, 54.044, 54.045, 54.046, 54.047, 54.048, 54.049, 54.051, 54.053, 54.055, 54.056, 54.057, 54.058, 54.06, 54.061, 54.064, 54.065, 54.067, 54.068, 54.069, 54.071, 54.072, 54.075, 54.076, 54.077, 54.078, 54.08, 54.081, 54.082, 54.083, 54.085, 54.086, 54.087, 54.089, 54.09, 54.091, 54.092, 54.093, 54.094, 54.095, 54.097, 54.099, 54.1, 54.11, 54.19, 54.193, 54.209, 54.218, 54.222, 54.251, 54.252, 54.269, 54.294, 54.302, 54.325, 54.343, 54.378, 54.384, 54.401, 54.406, 54.445, 54.447, 54.605, 54.669, 54.712, 54.721, 54.79, 54.806, 54.909, 54.984, 54.989, 54.995, 55.006, 55.008, 55.076, 55.212, 55.229, 55.444, 55.462, 55.605, 55.661, 55.687, 55.69, 55.855, 56.231, 56.365, 56.402, 56.974, 57.199, 57.245, 57.28, 57.496, 57.547, 57.81, 63.249, 64.739]
---
Round: 361, Unk. prob.: 1.200e-04
Surv probs: 9.998e-01, Fail probs: 5.000e-05
No. of non-dominant rules: 360, Survival rules: 296, Failure rules: 64
Failure sample found from sampling.
No. of existing rules removed:  0
New rule added. System state: 0, System value: 59.218278. Total samples: 100000.
New rule (No. of conditions: 3): {'vbus8': ('<=', 0), 'vbus12': ('<=', 0), 'br15': ('<=', 0), 'sys': ('<=', 0)}
Updated sys_vals: [50.911, 51.551, 52.111, 52.271, 52.43, 52.546, 52.697, 52.802, 52.844, 52.904, 52.944, 52.983, 52.99, 52.998, 53.108, 53.119, 53.122, 53.278, 53.294, 53.35, 53.458, 53.47, 53.489, 53.505, 53.518, 53.534, 53.544, 53.55, 53.582, 53.584, 53.598, 53.63, 53.664, 53.673, 53.699, 53.702, 53.71, 53.716, 53.718, 53.744, 53.745, 53.753, 53.758, 53.76, 53.774, 53.789, 53.79, 53.792, 53.793, 53.794, 53.807, 53.81, 53.814, 53.824, 53.833, 53.834, 53.851, 53.854, 53.855, 53.856, 53.857, 53.859, 53.861, 53.865, 53.87, 53.877, 53.878, 53.88, 53.882, 53.883, 53.885, 53.889, 53.893, 53.894, 53.899, 53.901, 53.904, 53.905, 53.906, 53.909, 53.918, 53.922, 53.923, 53.924, 53.925, 53.932, 53.933, 53.934, 53.935, 53.941, 53.945, 53.947, 53.949, 53.955, 53.956, 53.957, 53.958, 53.961, 53.964, 53.968, 53.969, 53.973, 53.974, 53.975, 53.977, 53.978, 53.979, 53.981, 53.982, 53.985, 53.989, 53.99, 53.991, 53.993, 53.994, 53.995, 53.996, 53.998, 53.999, 54.0, 54.002, 54.004, 54.005, 54.009, 54.011, 54.013, 54.014, 54.015, 54.016, 54.019, 54.02, 54.021, 54.023, 54.024, 54.026, 54.028, 54.029, 54.03, 54.031, 54.032, 54.033, 54.034, 54.036, 54.037, 54.039, 54.041, 54.042, 54.043, 54.044, 54.045, 54.046, 54.047, 54.048, 54.049, 54.051, 54.053, 54.055, 54.056, 54.057, 54.058, 54.06, 54.061, 54.064, 54.065, 54.067, 54.068, 54.069, 54.071, 54.072, 54.075, 54.076, 54.077, 54.078, 54.08, 54.081, 54.082, 54.083, 54.085, 54.086, 54.087, 54.089, 54.09, 54.091, 54.092, 54.093, 54.094, 54.095, 54.097, 54.099, 54.1, 54.11, 54.19, 54.193, 54.209, 54.218, 54.222, 54.251, 54.252, 54.269, 54.294, 54.302, 54.325, 54.343, 54.378, 54.384, 54.401, 54.406, 54.445, 54.447, 54.605, 54.669, 54.712, 54.721, 54.79, 54.806, 54.909, 54.984, 54.989, 54.995, 55.006, 55.008, 55.076, 55.212, 55.229, 55.444, 55.462, 55.605, 55.661, 55.687, 55.69, 55.855, 56.231, 56.365, 56.402, 56.974, 57.199, 57.245, 57.28, 57.496, 57.547, 57.81, 59.218, 63.249, 64.739]
---
Round: 362, Unk. prob.: 1.000e-04
Surv probs: 9.998e-01, Fail probs: 1.000e-04
No. of non-dominant rules: 361, Survival rules: 296, Failure rules: 65
Survival sample found from sampling.
No. of existing rules removed:  0
New rule added. System state: 1, System value: 53.549728. Total samples: 100000.
New rule (No. of conditions: 8): {'vbus3': ('>=', 1), 'vbus6': ('>=', 2), 'vbus9': ('>=', 1), 'vbus12': ('>=', 3), 'vbus15': ('>=', 1), 'vbus17': ('>=', 1), 'br18': ('>=', 1), 'br27': ('>=', 1), 'sys': ('>=', 1)}
---
Round: 363, Unk. prob.: 3.000e-05
Surv probs: 9.999e-01, Fail probs: 1.100e-04
No. of non-dominant rules: 362, Survival rules: 297, Failure rules: 65
Failure sample found from sampling.
No. of existing rules removed:  0
New rule added. System state: 0, System value: 54.686801. Total samples: 100000.
New rule (No. of conditions: 5): {'vbus1': ('<=', 0), 'vbus2': ('<=', 1), 'vbus3': ('<=', 1), 'vbus9': ('<=', 0), 'vbus12': ('<=', 1), 'sys': ('<=', 0)}
Updated sys_vals: [50.911, 51.551, 52.111, 52.271, 52.43, 52.546, 52.697, 52.802, 52.844, 52.904, 52.944, 52.983, 52.99, 52.998, 53.108, 53.119, 53.122, 53.278, 53.294, 53.35, 53.458, 53.47, 53.489, 53.505, 53.518, 53.534, 53.544, 53.55, 53.582, 53.584, 53.598, 53.63, 53.664, 53.673, 53.699, 53.702, 53.71, 53.716, 53.718, 53.744, 53.745, 53.753, 53.758, 53.76, 53.774, 53.789, 53.79, 53.792, 53.793, 53.794, 53.807, 53.81, 53.814, 53.824, 53.833, 53.834, 53.851, 53.854, 53.855, 53.856, 53.857, 53.859, 53.861, 53.865, 53.87, 53.877, 53.878, 53.88, 53.882, 53.883, 53.885, 53.889, 53.893, 53.894, 53.899, 53.901, 53.904, 53.905, 53.906, 53.909, 53.918, 53.922, 53.923, 53.924, 53.925, 53.932, 53.933, 53.934, 53.935, 53.941, 53.945, 53.947, 53.949, 53.955, 53.956, 53.957, 53.958, 53.961, 53.964, 53.968, 53.969, 53.973, 53.974, 53.975, 53.977, 53.978, 53.979, 53.981, 53.982, 53.985, 53.989, 53.99, 53.991, 53.993, 53.994, 53.995, 53.996, 53.998, 53.999, 54.0, 54.002, 54.004, 54.005, 54.009, 54.011, 54.013, 54.014, 54.015, 54.016, 54.019, 54.02, 54.021, 54.023, 54.024, 54.026, 54.028, 54.029, 54.03, 54.031, 54.032, 54.033, 54.034, 54.036, 54.037, 54.039, 54.041, 54.042, 54.043, 54.044, 54.045, 54.046, 54.047, 54.048, 54.049, 54.051, 54.053, 54.055, 54.056, 54.057, 54.058, 54.06, 54.061, 54.064, 54.065, 54.067, 54.068, 54.069, 54.071, 54.072, 54.075, 54.076, 54.077, 54.078, 54.08, 54.081, 54.082, 54.083, 54.085, 54.086, 54.087, 54.089, 54.09, 54.091, 54.092, 54.093, 54.094, 54.095, 54.097, 54.099, 54.1, 54.11, 54.19, 54.193, 54.209, 54.218, 54.222, 54.251, 54.252, 54.269, 54.294, 54.302, 54.325, 54.343, 54.378, 54.384, 54.401, 54.406, 54.445, 54.447, 54.605, 54.669, 54.687, 54.712, 54.721, 54.79, 54.806, 54.909, 54.984, 54.989, 54.995, 55.006, 55.008, 55.076, 55.212, 55.229, 55.444, 55.462, 55.605, 55.661, 55.687, 55.69, 55.855, 56.231, 56.365, 56.402, 56.974, 57.199, 57.245, 57.28, 57.496, 57.547, 57.81, 59.218, 63.249, 64.739]
---
Round: 364, Unk. prob.: 7.000e-05
Surv probs: 9.999e-01, Fail probs: 8.000e-05
No. of non-dominant rules: 363, Survival rules: 297, Failure rules: 66
Survival sample found from sampling.
No. of existing rules removed:  0
New rule added. System state: 1, System value: 54.002646. Total samples: 100000.
New rule (No. of conditions: 55): {'vbus2': ('>=', 2), 'vbus3': ('>=', 1), 'vbus4': ('>=', 1), 'vbus6': ('>=', 2), 'vbus7': ('>=', 1), 'vbus8': ('>=', 2), 'vbus9': ('>=', 1), 'vbus10': ('>=', 1), 'vbus11': ('>=', 1), 'vbus14': ('>=', 1), 'vbus15': ('>=', 1), 'vbus18': ('>=', 1), 'vbus19': ('>=', 1), 'vbus20': ('>=', 1), 'vbus24': ('>=', 1), 'vbus25': ('>=', 1), 'vbus26': ('>=', 1), 'vbus27': ('>=', 1), 'vbus28': ('>=', 1), 'vbus29': ('>=', 1), 'vbus30': ('>=', 1), 'vbus31': ('>=', 1), 'vbus41': ('>=', 1), 'vbus42': ('>=', 1), 'vbus43': ('>=', 1), 'vbus50': ('>=', 1), 'vbus51': ('>=', 1), 'vbus52': ('>=', 1), 'vbus53': ('>=', 1), 'br2': ('>=', 1), 'br3': ('>=', 1), 'br8': ('>=', 1), 'br9': ('>=', 1), 'br10': ('>=', 1), 'br18': ('>=', 1), 'br20': ('>=', 1), 'br22': ('>=', 1), 'br28': ('>=', 1), 'br29': ('>=', 1), 'br30': ('>=', 1), 'br36': ('>=', 1), 'br37': ('>=', 1), 'br38': ('>=', 1), 'br39': ('>=', 1), 'br40': ('>=', 1), 'br41': ('>=', 1), 'br42': ('>=', 1), 'br43': ('>=', 1), 'br55': ('>=', 1), 'br56': ('>=', 1), 'br64': ('>=', 1), 'br65': ('>=', 1), 'br67': ('>=', 1), 'br68': ('>=', 1), 'br71': ('>=', 1), 'sys': ('>=', 1)}
Updated sys_vals: [50.911, 51.551, 52.111, 52.271, 52.43, 52.546, 52.697, 52.802, 52.844, 52.904, 52.944, 52.983, 52.99, 52.998, 53.108, 53.119, 53.122, 53.278, 53.294, 53.35, 53.458, 53.47, 53.489, 53.505, 53.518, 53.534, 53.544, 53.55, 53.582, 53.584, 53.598, 53.63, 53.664, 53.673, 53.699, 53.702, 53.71, 53.716, 53.718, 53.744, 53.745, 53.753, 53.758, 53.76, 53.774, 53.789, 53.79, 53.792, 53.793, 53.794, 53.807, 53.81, 53.814, 53.824, 53.833, 53.834, 53.851, 53.854, 53.855, 53.856, 53.857, 53.859, 53.861, 53.865, 53.87, 53.877, 53.878, 53.88, 53.882, 53.883, 53.885, 53.889, 53.893, 53.894, 53.899, 53.901, 53.904, 53.905, 53.906, 53.909, 53.918, 53.922, 53.923, 53.924, 53.925, 53.932, 53.933, 53.934, 53.935, 53.941, 53.945, 53.947, 53.949, 53.955, 53.956, 53.957, 53.958, 53.961, 53.964, 53.968, 53.969, 53.973, 53.974, 53.975, 53.977, 53.978, 53.979, 53.981, 53.982, 53.985, 53.989, 53.99, 53.991, 53.993, 53.994, 53.995, 53.996, 53.998, 53.999, 54.0, 54.002, 54.003, 54.004, 54.005, 54.009, 54.011, 54.013, 54.014, 54.015, 54.016, 54.019, 54.02, 54.021, 54.023, 54.024, 54.026, 54.028, 54.029, 54.03, 54.031, 54.032, 54.033, 54.034, 54.036, 54.037, 54.039, 54.041, 54.042, 54.043, 54.044, 54.045, 54.046, 54.047, 54.048, 54.049, 54.051, 54.053, 54.055, 54.056, 54.057, 54.058, 54.06, 54.061, 54.064, 54.065, 54.067, 54.068, 54.069, 54.071, 54.072, 54.075, 54.076, 54.077, 54.078, 54.08, 54.081, 54.082, 54.083, 54.085, 54.086, 54.087, 54.089, 54.09, 54.091, 54.092, 54.093, 54.094, 54.095, 54.097, 54.099, 54.1, 54.11, 54.19, 54.193, 54.209, 54.218, 54.222, 54.251, 54.252, 54.269, 54.294, 54.302, 54.325, 54.343, 54.378, 54.384, 54.401, 54.406, 54.445, 54.447, 54.605, 54.669, 54.687, 54.712, 54.721, 54.79, 54.806, 54.909, 54.984, 54.989, 54.995, 55.006, 55.008, 55.076, 55.212, 55.229, 55.444, 55.462, 55.605, 55.661, 55.687, 55.69, 55.855, 56.231, 56.365, 56.402, 56.974, 57.199, 57.245, 57.28, 57.496, 57.547, 57.81, 59.218, 63.249, 64.739]
---
Round: 365, Unk. prob.: 3.000e-05
Surv probs: 9.999e-01, Fail probs: 9.000e-05
No. of non-dominant rules: 364, Survival rules: 298, Failure rules: 66
Survival sample found from sampling.
No. of existing rules removed:  0
New rule added. System state: 1, System value: 54.0266. Total samples: 100000.
New rule (No. of conditions: 42): {'vbus1': ('>=', 1), 'vbus2': ('>=', 1), 'vbus3': ('>=', 1), 'vbus6': ('>=', 2), 'vbus7': ('>=', 1), 'vbus8': ('>=', 1), 'vbus9': ('>=', 2), 'vbus14': ('>=', 1), 'vbus15': ('>=', 1), 'vbus16': ('>=', 1), 'vbus29': ('>=', 1), 'vbus35': ('>=', 1), 'vbus36': ('>=', 1), 'vbus37': ('>=', 1), 'vbus38': ('>=', 1), 'vbus39': ('>=', 1), 'vbus44': ('>=', 1), 'vbus45': ('>=', 1), 'vbus49': ('>=', 1), 'vbus52': ('>=', 1), 'vbus53': ('>=', 1), 'vbus54': ('>=', 1), 'vbus55': ('>=', 1), 'vbus57': ('>=', 1), 'br15': ('>=', 1), 'br16': ('>=', 1), 'br22': ('>=', 1), 'br28': ('>=', 1), 'br41': ('>=', 1), 'br48': ('>=', 1), 'br49': ('>=', 1), 'br50': ('>=', 1), 'br51': ('>=', 1), 'br57': ('>=', 1), 'br58': ('>=', 1), 'br67': ('>=', 1), 'br68': ('>=', 1), 'br69': ('>=', 1), 'br70': ('>=', 1), 'br72': ('>=', 1), 'br76': ('>=', 1), 'br78': ('>=', 1), 'sys': ('>=', 1)}
Updated sys_vals: [50.911, 51.551, 52.111, 52.271, 52.43, 52.546, 52.697, 52.802, 52.844, 52.904, 52.944, 52.983, 52.99, 52.998, 53.108, 53.119, 53.122, 53.278, 53.294, 53.35, 53.458, 53.47, 53.489, 53.505, 53.518, 53.534, 53.544, 53.55, 53.582, 53.584, 53.598, 53.63, 53.664, 53.673, 53.699, 53.702, 53.71, 53.716, 53.718, 53.744, 53.745, 53.753, 53.758, 53.76, 53.774, 53.789, 53.79, 53.792, 53.793, 53.794, 53.807, 53.81, 53.814, 53.824, 53.833, 53.834, 53.851, 53.854, 53.855, 53.856, 53.857, 53.859, 53.861, 53.865, 53.87, 53.877, 53.878, 53.88, 53.882, 53.883, 53.885, 53.889, 53.893, 53.894, 53.899, 53.901, 53.904, 53.905, 53.906, 53.909, 53.918, 53.922, 53.923, 53.924, 53.925, 53.932, 53.933, 53.934, 53.935, 53.941, 53.945, 53.947, 53.949, 53.955, 53.956, 53.957, 53.958, 53.961, 53.964, 53.968, 53.969, 53.973, 53.974, 53.975, 53.977, 53.978, 53.979, 53.981, 53.982, 53.985, 53.989, 53.99, 53.991, 53.993, 53.994, 53.995, 53.996, 53.998, 53.999, 54.0, 54.002, 54.003, 54.004, 54.005, 54.009, 54.011, 54.013, 54.014, 54.015, 54.016, 54.019, 54.02, 54.021, 54.023, 54.024, 54.026, 54.027, 54.028, 54.029, 54.03, 54.031, 54.032, 54.033, 54.034, 54.036, 54.037, 54.039, 54.041, 54.042, 54.043, 54.044, 54.045, 54.046, 54.047, 54.048, 54.049, 54.051, 54.053, 54.055, 54.056, 54.057, 54.058, 54.06, 54.061, 54.064, 54.065, 54.067, 54.068, 54.069, 54.071, 54.072, 54.075, 54.076, 54.077, 54.078, 54.08, 54.081, 54.082, 54.083, 54.085, 54.086, 54.087, 54.089, 54.09, 54.091, 54.092, 54.093, 54.094, 54.095, 54.097, 54.099, 54.1, 54.11, 54.19, 54.193, 54.209, 54.218, 54.222, 54.251, 54.252, 54.269, 54.294, 54.302, 54.325, 54.343, 54.378, 54.384, 54.401, 54.406, 54.445, 54.447, 54.605, 54.669, 54.687, 54.712, 54.721, 54.79, 54.806, 54.909, 54.984, 54.989, 54.995, 55.006, 55.008, 55.076, 55.212, 55.229, 55.444, 55.462, 55.605, 55.661, 55.687, 55.69, 55.855, 56.231, 56.365, 56.402, 56.974, 57.199, 57.245, 57.28, 57.496, 57.547, 57.81, 59.218, 63.249, 64.739]
---
Round: 366, Unk. prob.: 9.000e-05
Surv probs: 9.998e-01, Fail probs: 9.000e-05
No. of non-dominant rules: 365, Survival rules: 299, Failure rules: 66
Failure sample found from sampling.
No. of existing rules removed:  0
New rule added. System state: 0, System value: 63.525389. Total samples: 100000.
New rule (No. of conditions: 3): {'vbus1': ('<=', 0), 'vbus9': ('<=', 0), 'vbus12': ('<=', 0), 'sys': ('<=', 0)}
Updated sys_vals: [50.911, 51.551, 52.111, 52.271, 52.43, 52.546, 52.697, 52.802, 52.844, 52.904, 52.944, 52.983, 52.99, 52.998, 53.108, 53.119, 53.122, 53.278, 53.294, 53.35, 53.458, 53.47, 53.489, 53.505, 53.518, 53.534, 53.544, 53.55, 53.582, 53.584, 53.598, 53.63, 53.664, 53.673, 53.699, 53.702, 53.71, 53.716, 53.718, 53.744, 53.745, 53.753, 53.758, 53.76, 53.774, 53.789, 53.79, 53.792, 53.793, 53.794, 53.807, 53.81, 53.814, 53.824, 53.833, 53.834, 53.851, 53.854, 53.855, 53.856, 53.857, 53.859, 53.861, 53.865, 53.87, 53.877, 53.878, 53.88, 53.882, 53.883, 53.885, 53.889, 53.893, 53.894, 53.899, 53.901, 53.904, 53.905, 53.906, 53.909, 53.918, 53.922, 53.923, 53.924, 53.925, 53.932, 53.933, 53.934, 53.935, 53.941, 53.945, 53.947, 53.949, 53.955, 53.956, 53.957, 53.958, 53.961, 53.964, 53.968, 53.969, 53.973, 53.974, 53.975, 53.977, 53.978, 53.979, 53.981, 53.982, 53.985, 53.989, 53.99, 53.991, 53.993, 53.994, 53.995, 53.996, 53.998, 53.999, 54.0, 54.002, 54.003, 54.004, 54.005, 54.009, 54.011, 54.013, 54.014, 54.015, 54.016, 54.019, 54.02, 54.021, 54.023, 54.024, 54.026, 54.027, 54.028, 54.029, 54.03, 54.031, 54.032, 54.033, 54.034, 54.036, 54.037, 54.039, 54.041, 54.042, 54.043, 54.044, 54.045, 54.046, 54.047, 54.048, 54.049, 54.051, 54.053, 54.055, 54.056, 54.057, 54.058, 54.06, 54.061, 54.064, 54.065, 54.067, 54.068, 54.069, 54.071, 54.072, 54.075, 54.076, 54.077, 54.078, 54.08, 54.081, 54.082, 54.083, 54.085, 54.086, 54.087, 54.089, 54.09, 54.091, 54.092, 54.093, 54.094, 54.095, 54.097, 54.099, 54.1, 54.11, 54.19, 54.193, 54.209, 54.218, 54.222, 54.251, 54.252, 54.269, 54.294, 54.302, 54.325, 54.343, 54.378, 54.384, 54.401, 54.406, 54.445, 54.447, 54.605, 54.669, 54.687, 54.712, 54.721, 54.79, 54.806, 54.909, 54.984, 54.989, 54.995, 55.006, 55.008, 55.076, 55.212, 55.229, 55.444, 55.462, 55.605, 55.661, 55.687, 55.69, 55.855, 56.231, 56.365, 56.402, 56.974, 57.199, 57.245, 57.28, 57.496, 57.547, 57.81, 59.218, 63.249, 63.525, 64.739]
---
Round: 367, Unk. prob.: 1.100e-04
Surv probs: 9.998e-01, Fail probs: 1.100e-04
No. of non-dominant rules: 366, Survival rules: 299, Failure rules: 67
Survival sample found from sampling.
No. of existing rules removed:  0
New rule added. System state: 1, System value: 54.015532. Total samples: 100000.
New rule (No. of conditions: 37): {'vbus1': ('>=', 1), 'vbus2': ('>=', 1), 'vbus4': ('>=', 1), 'vbus6': ('>=', 3), 'vbus8': ('>=', 1), 'vbus9': ('>=', 3), 'vbus11': ('>=', 1), 'vbus13': ('>=', 1), 'vbus14': ('>=', 1), 'vbus15': ('>=', 1), 'vbus16': ('>=', 1), 'vbus18': ('>=', 1), 'vbus37': ('>=', 1), 'vbus38': ('>=', 1), 'vbus43': ('>=', 1), 'vbus44': ('>=', 1), 'vbus45': ('>=', 1), 'vbus49': ('>=', 1), 'vbus50': ('>=', 1), 'br5': ('>=', 1), 'br12': ('>=', 1), 'br13': ('>=', 1), 'br14': ('>=', 1), 'br15': ('>=', 1), 'br16': ('>=', 1), 'br20': ('>=', 1), 'br24': ('>=', 1), 'br28': ('>=', 1), 'br48': ('>=', 1), 'br50': ('>=', 1), 'br57': ('>=', 1), 'br58': ('>=', 1), 'br63': ('>=', 1), 'br66': ('>=', 1), 'br71': ('>=', 1), 'br72': ('>=', 1), 'br78': ('>=', 1), 'sys': ('>=', 1)}
---
Round: 368, Unk. prob.: 4.000e-05
Surv probs: 9.998e-01, Fail probs: 1.300e-04
No. of non-dominant rules: 367, Survival rules: 300, Failure rules: 67
Survival sample found from sampling.
No. of existing rules removed:  0
New rule added. System state: 1, System value: 54.024753. Total samples: 100000.
New rule (No. of conditions: 60): {'vbus1': ('>=', 2), 'vbus3': ('>=', 1), 'vbus4': ('>=', 1), 'vbus5': ('>=', 1), 'vbus6': ('>=', 2), 'vbus8': ('>=', 1), 'vbus11': ('>=', 1), 'vbus13': ('>=', 1), 'vbus14': ('>=', 1), 'vbus15': ('>=', 1), 'vbus16': ('>=', 1), 'vbus18': ('>=', 1), 'vbus22': ('>=', 1), 'vbus23': ('>=', 1), 'vbus24': ('>=', 1), 'vbus25': ('>=', 1), 'vbus32': ('>=', 1), 'vbus34': ('>=', 1), 'vbus35': ('>=', 1), 'vbus36': ('>=', 1), 'vbus37': ('>=', 1), 'vbus38': ('>=', 1), 'vbus39': ('>=', 1), 'vbus41': ('>=', 1), 'vbus43': ('>=', 1), 'vbus44': ('>=', 1), 'vbus45': ('>=', 1), 'vbus46': ('>=', 1), 'vbus47': ('>=', 1), 'vbus49': ('>=', 1), 'vbus50': ('>=', 1), 'br3': ('>=', 1), 'br4': ('>=', 1), 'br14': ('>=', 1), 'br15': ('>=', 1), 'br16': ('>=', 1), 'br18': ('>=', 1), 'br19': ('>=', 1), 'br24': ('>=', 1), 'br28': ('>=', 1), 'br33': ('>=', 1), 'br34': ('>=', 1), 'br35': ('>=', 1), 'br46': ('>=', 1), 'br47': ('>=', 1), 'br48': ('>=', 1), 'br49': ('>=', 1), 'br50': ('>=', 1), 'br53': ('>=', 1), 'br56': ('>=', 1), 'br57': ('>=', 1), 'br58': ('>=', 1), 'br59': ('>=', 1), 'br60': ('>=', 1), 'br61': ('>=', 1), 'br63': ('>=', 1), 'br66': ('>=', 1), 'br71': ('>=', 1), 'br72': ('>=', 1), 'br79': ('>=', 1), 'sys': ('>=', 1)}
Updated sys_vals: [50.911, 51.551, 52.111, 52.271, 52.43, 52.546, 52.697, 52.802, 52.844, 52.904, 52.944, 52.983, 52.99, 52.998, 53.108, 53.119, 53.122, 53.278, 53.294, 53.35, 53.458, 53.47, 53.489, 53.505, 53.518, 53.534, 53.544, 53.55, 53.582, 53.584, 53.598, 53.63, 53.664, 53.673, 53.699, 53.702, 53.71, 53.716, 53.718, 53.744, 53.745, 53.753, 53.758, 53.76, 53.774, 53.789, 53.79, 53.792, 53.793, 53.794, 53.807, 53.81, 53.814, 53.824, 53.833, 53.834, 53.851, 53.854, 53.855, 53.856, 53.857, 53.859, 53.861, 53.865, 53.87, 53.877, 53.878, 53.88, 53.882, 53.883, 53.885, 53.889, 53.893, 53.894, 53.899, 53.901, 53.904, 53.905, 53.906, 53.909, 53.918, 53.922, 53.923, 53.924, 53.925, 53.932, 53.933, 53.934, 53.935, 53.941, 53.945, 53.947, 53.949, 53.955, 53.956, 53.957, 53.958, 53.961, 53.964, 53.968, 53.969, 53.973, 53.974, 53.975, 53.977, 53.978, 53.979, 53.981, 53.982, 53.985, 53.989, 53.99, 53.991, 53.993, 53.994, 53.995, 53.996, 53.998, 53.999, 54.0, 54.002, 54.003, 54.004, 54.005, 54.009, 54.011, 54.013, 54.014, 54.015, 54.016, 54.019, 54.02, 54.021, 54.023, 54.024, 54.025, 54.026, 54.027, 54.028, 54.029, 54.03, 54.031, 54.032, 54.033, 54.034, 54.036, 54.037, 54.039, 54.041, 54.042, 54.043, 54.044, 54.045, 54.046, 54.047, 54.048, 54.049, 54.051, 54.053, 54.055, 54.056, 54.057, 54.058, 54.06, 54.061, 54.064, 54.065, 54.067, 54.068, 54.069, 54.071, 54.072, 54.075, 54.076, 54.077, 54.078, 54.08, 54.081, 54.082, 54.083, 54.085, 54.086, 54.087, 54.089, 54.09, 54.091, 54.092, 54.093, 54.094, 54.095, 54.097, 54.099, 54.1, 54.11, 54.19, 54.193, 54.209, 54.218, 54.222, 54.251, 54.252, 54.269, 54.294, 54.302, 54.325, 54.343, 54.378, 54.384, 54.401, 54.406, 54.445, 54.447, 54.605, 54.669, 54.687, 54.712, 54.721, 54.79, 54.806, 54.909, 54.984, 54.989, 54.995, 55.006, 55.008, 55.076, 55.212, 55.229, 55.444, 55.462, 55.605, 55.661, 55.687, 55.69, 55.855, 56.231, 56.365, 56.402, 56.974, 57.199, 57.245, 57.28, 57.496, 57.547, 57.81, 59.218, 63.249, 63.525, 64.739]
---
Round: 369, Unk. prob.: 7.000e-05
Surv probs: 9.999e-01, Fail probs: 5.000e-05
No. of non-dominant rules: 368, Survival rules: 301, Failure rules: 67
Survival sample found from sampling.
No. of existing rules removed:  0
New rule added. System state: 1, System value: 53.663954. Total samples: 100000.
New rule (No. of conditions: 7): {'vbus1': ('>=', 1), 'vbus8': ('>=', 1), 'vbus9': ('>=', 2), 'vbus12': ('>=', 1), 'vbus17': ('>=', 1), 'br17': ('>=', 1), 'br27': ('>=', 1), 'sys': ('>=', 1)}
---
Round: 370, Unk. prob.: 2.000e-05
Surv probs: 9.999e-01, Fail probs: 6.000e-05
No. of non-dominant rules: 369, Survival rules: 302, Failure rules: 67
Survival sample found from sampling.
No. of existing rules removed:  0
New rule added. System state: 1, System value: 54.048738. Total samples: 100000.
New rule (No. of conditions: 37): {'vbus1': ('>=', 1), 'vbus2': ('>=', 1), 'vbus6': ('>=', 3), 'vbus8': ('>=', 1), 'vbus9': ('>=', 1), 'vbus10': ('>=', 1), 'vbus13': ('>=', 1), 'vbus15': ('>=', 1), 'vbus17': ('>=', 1), 'vbus22': ('>=', 1), 'vbus23': ('>=', 1), 'vbus24': ('>=', 1), 'vbus25': ('>=', 1), 'vbus38': ('>=', 1), 'vbus44': ('>=', 1), 'vbus45': ('>=', 1), 'vbus49': ('>=', 1), 'vbus50': ('>=', 1), 'vbus54': ('>=', 1), 'vbus55': ('>=', 1), 'br7': ('>=', 1), 'br8': ('>=', 1), 'br9': ('>=', 1), 'br14': ('>=', 1), 'br15': ('>=', 1), 'br17': ('>=', 1), 'br33': ('>=', 1), 'br34': ('>=', 1), 'br35': ('>=', 1), 'br53': ('>=', 1), 'br57': ('>=', 1), 'br58': ('>=', 1), 'br63': ('>=', 1), 'br66': ('>=', 1), 'br70': ('>=', 1), 'br72': ('>=', 1), 'br80': ('>=', 1), 'sys': ('>=', 1)}
---
Round: 371, Unk. prob.: 1.000e-04
Surv probs: 9.998e-01, Fail probs: 6.000e-05
No. of non-dominant rules: 370, Survival rules: 303, Failure rules: 67
Failure sample found from sampling.
No. of existing rules removed:  0
New rule added. System state: 0, System value: 54.605217. Total samples: 100000.
New rule (No. of conditions: 4): {'vbus8': ('<=', 0), 'vbus9': ('<=', 2), 'vbus12': ('<=', 0), 'br17': ('<=', 0), 'sys': ('<=', 0)}
---
Round: 372, Unk. prob.: 4.000e-05
Surv probs: 9.999e-01, Fail probs: 3.000e-05
No. of non-dominant rules: 371, Survival rules: 303, Failure rules: 68
Survival sample found from sampling.
No. of existing rules removed:  0
New rule added. System state: 1, System value: 52.904145. Total samples: 100000.
New rule (No. of conditions: 21): {'vbus1': ('>=', 2), 'vbus3': ('>=', 1), 'vbus9': ('>=', 2), 'vbus12': ('>=', 1), 'vbus13': ('>=', 1), 'vbus14': ('>=', 1), 'vbus15': ('>=', 1), 'vbus17': ('>=', 1), 'vbus46': ('>=', 1), 'vbus47': ('>=', 1), 'vbus49': ('>=', 1), 'vbus50': ('>=', 1), 'br14': ('>=', 1), 'br15': ('>=', 1), 'br17': ('>=', 1), 'br27': ('>=', 1), 'br28': ('>=', 1), 'br59': ('>=', 1), 'br60': ('>=', 1), 'br63': ('>=', 1), 'br66': ('>=', 1), 'sys': ('>=', 1)}
---
Round: 373, Unk. prob.: 4.000e-05
Surv probs: 9.999e-01, Fail probs: 1.100e-04
No. of non-dominant rules: 372, Survival rules: 304, Failure rules: 68
Survival sample found from sampling.
No. of existing rules removed:  0
New rule added. System state: 1, System value: 54.053406. Total samples: 100000.
New rule (No. of conditions: 27): {'vbus1': ('>=', 1), 'vbus2': ('>=', 1), 'vbus3': ('>=', 1), 'vbus4': ('>=', 1), 'vbus6': ('>=', 1), 'vbus8': ('>=', 1), 'vbus9': ('>=', 2), 'vbus14': ('>=', 1), 'vbus15': ('>=', 1), 'vbus16': ('>=', 1), 'vbus17': ('>=', 1), 'vbus18': ('>=', 1), 'vbus38': ('>=', 1), 'vbus44': ('>=', 1), 'vbus45': ('>=', 1), 'br1': ('>=', 1), 'br2': ('>=', 1), 'br3': ('>=', 1), 'br7': ('>=', 1), 'br16': ('>=', 1), 'br17': ('>=', 1), 'br18': ('>=', 1), 'br19': ('>=', 1), 'br28': ('>=', 1), 'br57': ('>=', 1), 'br58': ('>=', 1), 'br72': ('>=', 1), 'sys': ('>=', 1)}
---
Round: 374, Unk. prob.: 9.000e-05
Surv probs: 9.998e-01, Fail probs: 1.100e-04
No. of non-dominant rules: 373, Survival rules: 305, Failure rules: 68
Survival sample found from sampling.
No. of existing rules removed:  0
New rule added. System state: 1, System value: 53.859665. Total samples: 100000.
New rule (No. of conditions: 30): {'vbus1': ('>=', 1), 'vbus2': ('>=', 3), 'vbus3': ('>=', 1), 'vbus4': ('>=', 1), 'vbus5': ('>=', 1), 'vbus6': ('>=', 1), 'vbus8': ('>=', 1), 'vbus9': ('>=', 3), 'vbus13': ('>=', 1), 'vbus14': ('>=', 1), 'vbus15': ('>=', 1), 'vbus17': ('>=', 1), 'vbus18': ('>=', 1), 'vbus44': ('>=', 1), 'vbus45': ('>=', 1), 'vbus46': ('>=', 1), 'vbus47': ('>=', 1), 'br2': ('>=', 1), 'br3': ('>=', 1), 'br4': ('>=', 1), 'br7': ('>=', 1), 'br13': ('>=', 1), 'br14': ('>=', 1), 'br17': ('>=', 1), 'br18': ('>=', 1), 'br19': ('>=', 1), 'br58': ('>=', 1), 'br59': ('>=', 1), 'br60': ('>=', 1), 'br72': ('>=', 1), 'sys': ('>=', 1)}
Updated sys_vals: [50.911, 51.551, 52.111, 52.271, 52.43, 52.546, 52.697, 52.802, 52.844, 52.904, 52.944, 52.983, 52.99, 52.998, 53.108, 53.119, 53.122, 53.278, 53.294, 53.35, 53.458, 53.47, 53.489, 53.505, 53.518, 53.534, 53.544, 53.55, 53.582, 53.584, 53.598, 53.63, 53.664, 53.673, 53.699, 53.702, 53.71, 53.716, 53.718, 53.744, 53.745, 53.753, 53.758, 53.76, 53.774, 53.789, 53.79, 53.792, 53.793, 53.794, 53.807, 53.81, 53.814, 53.824, 53.833, 53.834, 53.851, 53.854, 53.855, 53.856, 53.857, 53.859, 53.86, 53.861, 53.865, 53.87, 53.877, 53.878, 53.88, 53.882, 53.883, 53.885, 53.889, 53.893, 53.894, 53.899, 53.901, 53.904, 53.905, 53.906, 53.909, 53.918, 53.922, 53.923, 53.924, 53.925, 53.932, 53.933, 53.934, 53.935, 53.941, 53.945, 53.947, 53.949, 53.955, 53.956, 53.957, 53.958, 53.961, 53.964, 53.968, 53.969, 53.973, 53.974, 53.975, 53.977, 53.978, 53.979, 53.981, 53.982, 53.985, 53.989, 53.99, 53.991, 53.993, 53.994, 53.995, 53.996, 53.998, 53.999, 54.0, 54.002, 54.003, 54.004, 54.005, 54.009, 54.011, 54.013, 54.014, 54.015, 54.016, 54.019, 54.02, 54.021, 54.023, 54.024, 54.025, 54.026, 54.027, 54.028, 54.029, 54.03, 54.031, 54.032, 54.033, 54.034, 54.036, 54.037, 54.039, 54.041, 54.042, 54.043, 54.044, 54.045, 54.046, 54.047, 54.048, 54.049, 54.051, 54.053, 54.055, 54.056, 54.057, 54.058, 54.06, 54.061, 54.064, 54.065, 54.067, 54.068, 54.069, 54.071, 54.072, 54.075, 54.076, 54.077, 54.078, 54.08, 54.081, 54.082, 54.083, 54.085, 54.086, 54.087, 54.089, 54.09, 54.091, 54.092, 54.093, 54.094, 54.095, 54.097, 54.099, 54.1, 54.11, 54.19, 54.193, 54.209, 54.218, 54.222, 54.251, 54.252, 54.269, 54.294, 54.302, 54.325, 54.343, 54.378, 54.384, 54.401, 54.406, 54.445, 54.447, 54.605, 54.669, 54.687, 54.712, 54.721, 54.79, 54.806, 54.909, 54.984, 54.989, 54.995, 55.006, 55.008, 55.076, 55.212, 55.229, 55.444, 55.462, 55.605, 55.661, 55.687, 55.69, 55.855, 56.231, 56.365, 56.402, 56.974, 57.199, 57.245, 57.28, 57.496, 57.547, 57.81, 59.218, 63.249, 63.525, 64.739]
---
Round: 375, Unk. prob.: 7.000e-05
Surv probs: 9.998e-01, Fail probs: 1.400e-04
No. of non-dominant rules: 374, Survival rules: 306, Failure rules: 68
Failure sample found from sampling.
No. of existing rules removed:  0
New rule added. System state: 0, System value: 56.184613. Total samples: 100000.
New rule (No. of conditions: 4): {'vbus1': ('<=', 0), 'vbus7': ('<=', 0), 'vbus9': ('<=', 0), 'vbus12': ('<=', 1), 'sys': ('<=', 0)}
Updated sys_vals: [50.911, 51.551, 52.111, 52.271, 52.43, 52.546, 52.697, 52.802, 52.844, 52.904, 52.944, 52.983, 52.99, 52.998, 53.108, 53.119, 53.122, 53.278, 53.294, 53.35, 53.458, 53.47, 53.489, 53.505, 53.518, 53.534, 53.544, 53.55, 53.582, 53.584, 53.598, 53.63, 53.664, 53.673, 53.699, 53.702, 53.71, 53.716, 53.718, 53.744, 53.745, 53.753, 53.758, 53.76, 53.774, 53.789, 53.79, 53.792, 53.793, 53.794, 53.807, 53.81, 53.814, 53.824, 53.833, 53.834, 53.851, 53.854, 53.855, 53.856, 53.857, 53.859, 53.86, 53.861, 53.865, 53.87, 53.877, 53.878, 53.88, 53.882, 53.883, 53.885, 53.889, 53.893, 53.894, 53.899, 53.901, 53.904, 53.905, 53.906, 53.909, 53.918, 53.922, 53.923, 53.924, 53.925, 53.932, 53.933, 53.934, 53.935, 53.941, 53.945, 53.947, 53.949, 53.955, 53.956, 53.957, 53.958, 53.961, 53.964, 53.968, 53.969, 53.973, 53.974, 53.975, 53.977, 53.978, 53.979, 53.981, 53.982, 53.985, 53.989, 53.99, 53.991, 53.993, 53.994, 53.995, 53.996, 53.998, 53.999, 54.0, 54.002, 54.003, 54.004, 54.005, 54.009, 54.011, 54.013, 54.014, 54.015, 54.016, 54.019, 54.02, 54.021, 54.023, 54.024, 54.025, 54.026, 54.027, 54.028, 54.029, 54.03, 54.031, 54.032, 54.033, 54.034, 54.036, 54.037, 54.039, 54.041, 54.042, 54.043, 54.044, 54.045, 54.046, 54.047, 54.048, 54.049, 54.051, 54.053, 54.055, 54.056, 54.057, 54.058, 54.06, 54.061, 54.064, 54.065, 54.067, 54.068, 54.069, 54.071, 54.072, 54.075, 54.076, 54.077, 54.078, 54.08, 54.081, 54.082, 54.083, 54.085, 54.086, 54.087, 54.089, 54.09, 54.091, 54.092, 54.093, 54.094, 54.095, 54.097, 54.099, 54.1, 54.11, 54.19, 54.193, 54.209, 54.218, 54.222, 54.251, 54.252, 54.269, 54.294, 54.302, 54.325, 54.343, 54.378, 54.384, 54.401, 54.406, 54.445, 54.447, 54.605, 54.669, 54.687, 54.712, 54.721, 54.79, 54.806, 54.909, 54.984, 54.989, 54.995, 55.006, 55.008, 55.076, 55.212, 55.229, 55.444, 55.462, 55.605, 55.661, 55.687, 55.69, 55.855, 56.185, 56.231, 56.365, 56.402, 56.974, 57.199, 57.245, 57.28, 57.496, 57.547, 57.81, 59.218, 63.249, 63.525, 64.739]
---
Round: 376, Unk. prob.: 1.100e-04
Surv probs: 9.998e-01, Fail probs: 9.000e-05
No. of non-dominant rules: 375, Survival rules: 306, Failure rules: 69
Survival sample found from sampling.
No. of existing rules removed:  0
New rule added. System state: 1, System value: 53.995441. Total samples: 100000.
New rule (No. of conditions: 66): {'vbus1': ('>=', 2), 'vbus3': ('>=', 2), 'vbus4': ('>=', 1), 'vbus5': ('>=', 1), 'vbus6': ('>=', 3), 'vbus7': ('>=', 1), 'vbus9': ('>=', 3), 'vbus11': ('>=', 1), 'vbus13': ('>=', 1), 'vbus14': ('>=', 1), 'vbus15': ('>=', 1), 'vbus16': ('>=', 1), 'vbus18': ('>=', 1), 'vbus19': ('>=', 1), 'vbus29': ('>=', 1), 'vbus32': ('>=', 1), 'vbus34': ('>=', 1), 'vbus35': ('>=', 1), 'vbus36': ('>=', 1), 'vbus37': ('>=', 1), 'vbus38': ('>=', 1), 'vbus39': ('>=', 1), 'vbus40': ('>=', 1), 'vbus44': ('>=', 1), 'vbus45': ('>=', 1), 'vbus46': ('>=', 1), 'vbus47': ('>=', 1), 'vbus49': ('>=', 1), 'vbus50': ('>=', 1), 'vbus52': ('>=', 1), 'vbus53': ('>=', 1), 'vbus56': ('>=', 1), 'vbus57': ('>=', 1), 'br3': ('>=', 1), 'br4': ('>=', 1), 'br5': ('>=', 1), 'br6': ('>=', 1), 'br10': ('>=', 1), 'br14': ('>=', 1), 'br15': ('>=', 1), 'br16': ('>=', 1), 'br20': ('>=', 1), 'br24': ('>=', 1), 'br28': ('>=', 1), 'br29': ('>=', 1), 'br33': ('>=', 1), 'br41': ('>=', 1), 'br44': ('>=', 1), 'br46': ('>=', 1), 'br47': ('>=', 1), 'br48': ('>=', 1), 'br49': ('>=', 1), 'br50': ('>=', 1), 'br51': ('>=', 1), 'br52': ('>=', 1), 'br57': ('>=', 1), 'br58': ('>=', 1), 'br59': ('>=', 1), 'br60': ('>=', 1), 'br63': ('>=', 1), 'br66': ('>=', 1), 'br67': ('>=', 1), 'br68': ('>=', 1), 'br72': ('>=', 1), 'br73': ('>=', 1), 'br76': ('>=', 1), 'sys': ('>=', 1)}
---
Round: 377, Unk. prob.: 7.000e-05
Surv probs: 9.998e-01, Fail probs: 1.300e-04
No. of non-dominant rules: 376, Survival rules: 307, Failure rules: 69
Failure sample found from sampling.
No. of existing rules removed:  0
New rule added. System state: 0, System value: 54.208877. Total samples: 100000.
New rule (No. of conditions: 5): {'vbus6': ('<=', 1), 'vbus8': ('<=', 1), 'vbus12': ('<=', 0), 'vbus15': ('<=', 0), 'vbus18': ('<=', 0), 'sys': ('<=', 0)}
---
Round: 378, Unk. prob.: 6.000e-05
Surv probs: 9.999e-01, Fail probs: 5.000e-05
No. of non-dominant rules: 377, Survival rules: 307, Failure rules: 70
Survival sample found from sampling.
No. of existing rules removed:  0
New rule added. System state: 1, System value: 54.079786. Total samples: 100000.
New rule (No. of conditions: 11): {'vbus3': ('>=', 2), 'vbus6': ('>=', 1), 'vbus9': ('>=', 3), 'vbus12': ('>=', 2), 'vbus13': ('>=', 1), 'vbus15': ('>=', 1), 'vbus49': ('>=', 1), 'br12': ('>=', 1), 'br14': ('>=', 1), 'br18': ('>=', 1), 'br66': ('>=', 1), 'sys': ('>=', 1)}
---
Round: 379, Unk. prob.: 3.000e-05
Surv probs: 9.999e-01, Fail probs: 1.100e-04
No. of non-dominant rules: 378, Survival rules: 308, Failure rules: 70
Survival sample found from sampling.
No. of existing rules removed:  0
New rule added. System state: 1, System value: 54.095481. Total samples: 100000.
New rule (No. of conditions: 21): {'vbus1': ('>=', 2), 'vbus2': ('>=', 1), 'vbus6': ('>=', 2), 'vbus8': ('>=', 1), 'vbus9': ('>=', 1), 'vbus13': ('>=', 1), 'vbus14': ('>=', 1), 'vbus15': ('>=', 1), 'vbus16': ('>=', 1), 'vbus17': ('>=', 1), 'vbus49': ('>=', 1), 'vbus50': ('>=', 1), 'br8': ('>=', 1), 'br12': ('>=', 1), 'br14': ('>=', 1), 'br15': ('>=', 1), 'br16': ('>=', 1), 'br17': ('>=', 1), 'br28': ('>=', 1), 'br63': ('>=', 1), 'br66': ('>=', 1), 'sys': ('>=', 1)}
---
Round: 380, Unk. prob.: 1.100e-04
Surv probs: 9.998e-01, Fail probs: 7.000e-05
No. of non-dominant rules: 379, Survival rules: 309, Failure rules: 70
Survival sample found from sampling.
No. of existing rules removed:  0
New rule added. System state: 1, System value: 53.549728. Total samples: 100000.
New rule (No. of conditions: 6): {'vbus1': ('>=', 1), 'vbus6': ('>=', 2), 'vbus9': ('>=', 2), 'vbus12': ('>=', 2), 'vbus16': ('>=', 1), 'br16': ('>=', 1), 'sys': ('>=', 1)}
---
Round: 381, Unk. prob.: 4.000e-05
Surv probs: 9.999e-01, Fail probs: 7.000e-05
No. of non-dominant rules: 380, Survival rules: 310, Failure rules: 70
Failure sample found from sampling.
No. of existing rules removed:  0
New rule added. System state: 0, System value: 55.114178. Total samples: 100000.
New rule (No. of conditions: 5): {'vbus8': ('<=', 0), 'vbus9': ('<=', 1), 'vbus12': ('<=', 1), 'vbus15': ('<=', 0), 'vbus17': ('<=', 0), 'sys': ('<=', 0)}
Updated sys_vals: [50.911, 51.551, 52.111, 52.271, 52.43, 52.546, 52.697, 52.802, 52.844, 52.904, 52.944, 52.983, 52.99, 52.998, 53.108, 53.119, 53.122, 53.278, 53.294, 53.35, 53.458, 53.47, 53.489, 53.505, 53.518, 53.534, 53.544, 53.55, 53.582, 53.584, 53.598, 53.63, 53.664, 53.673, 53.699, 53.702, 53.71, 53.716, 53.718, 53.744, 53.745, 53.753, 53.758, 53.76, 53.774, 53.789, 53.79, 53.792, 53.793, 53.794, 53.807, 53.81, 53.814, 53.824, 53.833, 53.834, 53.851, 53.854, 53.855, 53.856, 53.857, 53.859, 53.86, 53.861, 53.865, 53.87, 53.877, 53.878, 53.88, 53.882, 53.883, 53.885, 53.889, 53.893, 53.894, 53.899, 53.901, 53.904, 53.905, 53.906, 53.909, 53.918, 53.922, 53.923, 53.924, 53.925, 53.932, 53.933, 53.934, 53.935, 53.941, 53.945, 53.947, 53.949, 53.955, 53.956, 53.957, 53.958, 53.961, 53.964, 53.968, 53.969, 53.973, 53.974, 53.975, 53.977, 53.978, 53.979, 53.981, 53.982, 53.985, 53.989, 53.99, 53.991, 53.993, 53.994, 53.995, 53.996, 53.998, 53.999, 54.0, 54.002, 54.003, 54.004, 54.005, 54.009, 54.011, 54.013, 54.014, 54.015, 54.016, 54.019, 54.02, 54.021, 54.023, 54.024, 54.025, 54.026, 54.027, 54.028, 54.029, 54.03, 54.031, 54.032, 54.033, 54.034, 54.036, 54.037, 54.039, 54.041, 54.042, 54.043, 54.044, 54.045, 54.046, 54.047, 54.048, 54.049, 54.051, 54.053, 54.055, 54.056, 54.057, 54.058, 54.06, 54.061, 54.064, 54.065, 54.067, 54.068, 54.069, 54.071, 54.072, 54.075, 54.076, 54.077, 54.078, 54.08, 54.081, 54.082, 54.083, 54.085, 54.086, 54.087, 54.089, 54.09, 54.091, 54.092, 54.093, 54.094, 54.095, 54.097, 54.099, 54.1, 54.11, 54.19, 54.193, 54.209, 54.218, 54.222, 54.251, 54.252, 54.269, 54.294, 54.302, 54.325, 54.343, 54.378, 54.384, 54.401, 54.406, 54.445, 54.447, 54.605, 54.669, 54.687, 54.712, 54.721, 54.79, 54.806, 54.909, 54.984, 54.989, 54.995, 55.006, 55.008, 55.076, 55.114, 55.212, 55.229, 55.444, 55.462, 55.605, 55.661, 55.687, 55.69, 55.855, 56.185, 56.231, 56.365, 56.402, 56.974, 57.199, 57.245, 57.28, 57.496, 57.547, 57.81, 59.218, 63.249, 63.525, 64.739]
---
Round: 382, Unk. prob.: 9.000e-05
Surv probs: 9.999e-01, Fail probs: 3.000e-05
No. of non-dominant rules: 381, Survival rules: 310, Failure rules: 71
Survival sample found from sampling.
No. of existing rules removed:  0
New rule added. System state: 1, System value: 54.00265. Total samples: 100000.
New rule (No. of conditions: 42): {'vbus1': ('>=', 2), 'vbus2': ('>=', 1), 'vbus3': ('>=', 1), 'vbus4': ('>=', 1), 'vbus6': ('>=', 1), 'vbus7': ('>=', 1), 'vbus8': ('>=', 2), 'vbus11': ('>=', 1), 'vbus13': ('>=', 1), 'vbus14': ('>=', 1), 'vbus15': ('>=', 1), 'vbus16': ('>=', 1), 'vbus17': ('>=', 1), 'vbus18': ('>=', 1), 'vbus29': ('>=', 1), 'vbus41': ('>=', 1), 'vbus42': ('>=', 1), 'vbus44': ('>=', 1), 'vbus45': ('>=', 1), 'vbus49': ('>=', 1), 'vbus52': ('>=', 1), 'vbus53': ('>=', 1), 'vbus56': ('>=', 1), 'br5': ('>=', 1), 'br7': ('>=', 1), 'br14': ('>=', 1), 'br15': ('>=', 1), 'br16': ('>=', 1), 'br17': ('>=', 1), 'br20': ('>=', 1), 'br22': ('>=', 1), 'br24': ('>=', 1), 'br28': ('>=', 1), 'br41': ('>=', 1), 'br54': ('>=', 1), 'br55': ('>=', 1), 'br58': ('>=', 1), 'br66': ('>=', 1), 'br67': ('>=', 1), 'br68': ('>=', 1), 'br72': ('>=', 1), 'br74': ('>=', 1), 'sys': ('>=', 1)}
---
Round: 383, Unk. prob.: 7.000e-05
Surv probs: 9.999e-01, Fail probs: 6.000e-05
No. of non-dominant rules: 382, Survival rules: 311, Failure rules: 71
Survival sample found from sampling.
No. of existing rules removed:  0
New rule added. System state: 1, System value: 53.824722. Total samples: 100000.
New rule (No. of conditions: 25): {'vbus1': ('>=', 1), 'vbus4': ('>=', 1), 'vbus6': ('>=', 1), 'vbus8': ('>=', 2), 'vbus9': ('>=', 1), 'vbus13': ('>=', 1), 'vbus14': ('>=', 1), 'vbus15': ('>=', 1), 'vbus16': ('>=', 1), 'vbus17': ('>=', 1), 'vbus18': ('>=', 1), 'vbus38': ('>=', 1), 'vbus44': ('>=', 1), 'vbus45': ('>=', 1), 'br5': ('>=', 1), 'br7': ('>=', 1), 'br8': ('>=', 1), 'br14': ('>=', 1), 'br15': ('>=', 1), 'br16': ('>=', 1), 'br17': ('>=', 1), 'br19': ('>=', 1), 'br57': ('>=', 1), 'br58': ('>=', 1), 'br72': ('>=', 1), 'sys': ('>=', 1)}
Updated sys_vals: [50.911, 51.551, 52.111, 52.271, 52.43, 52.546, 52.697, 52.802, 52.844, 52.904, 52.944, 52.983, 52.99, 52.998, 53.108, 53.119, 53.122, 53.278, 53.294, 53.35, 53.458, 53.47, 53.489, 53.505, 53.518, 53.534, 53.544, 53.55, 53.582, 53.584, 53.598, 53.63, 53.664, 53.673, 53.699, 53.702, 53.71, 53.716, 53.718, 53.744, 53.745, 53.753, 53.758, 53.76, 53.774, 53.789, 53.79, 53.792, 53.793, 53.794, 53.807, 53.81, 53.814, 53.824, 53.825, 53.833, 53.834, 53.851, 53.854, 53.855, 53.856, 53.857, 53.859, 53.86, 53.861, 53.865, 53.87, 53.877, 53.878, 53.88, 53.882, 53.883, 53.885, 53.889, 53.893, 53.894, 53.899, 53.901, 53.904, 53.905, 53.906, 53.909, 53.918, 53.922, 53.923, 53.924, 53.925, 53.932, 53.933, 53.934, 53.935, 53.941, 53.945, 53.947, 53.949, 53.955, 53.956, 53.957, 53.958, 53.961, 53.964, 53.968, 53.969, 53.973, 53.974, 53.975, 53.977, 53.978, 53.979, 53.981, 53.982, 53.985, 53.989, 53.99, 53.991, 53.993, 53.994, 53.995, 53.996, 53.998, 53.999, 54.0, 54.002, 54.003, 54.004, 54.005, 54.009, 54.011, 54.013, 54.014, 54.015, 54.016, 54.019, 54.02, 54.021, 54.023, 54.024, 54.025, 54.026, 54.027, 54.028, 54.029, 54.03, 54.031, 54.032, 54.033, 54.034, 54.036, 54.037, 54.039, 54.041, 54.042, 54.043, 54.044, 54.045, 54.046, 54.047, 54.048, 54.049, 54.051, 54.053, 54.055, 54.056, 54.057, 54.058, 54.06, 54.061, 54.064, 54.065, 54.067, 54.068, 54.069, 54.071, 54.072, 54.075, 54.076, 54.077, 54.078, 54.08, 54.081, 54.082, 54.083, 54.085, 54.086, 54.087, 54.089, 54.09, 54.091, 54.092, 54.093, 54.094, 54.095, 54.097, 54.099, 54.1, 54.11, 54.19, 54.193, 54.209, 54.218, 54.222, 54.251, 54.252, 54.269, 54.294, 54.302, 54.325, 54.343, 54.378, 54.384, 54.401, 54.406, 54.445, 54.447, 54.605, 54.669, 54.687, 54.712, 54.721, 54.79, 54.806, 54.909, 54.984, 54.989, 54.995, 55.006, 55.008, 55.076, 55.114, 55.212, 55.229, 55.444, 55.462, 55.605, 55.661, 55.687, 55.69, 55.855, 56.185, 56.231, 56.365, 56.402, 56.974, 57.199, 57.245, 57.28, 57.496, 57.547, 57.81, 59.218, 63.249, 63.525, 64.739]
---
Round: 384, Unk. prob.: 9.000e-05
Surv probs: 9.999e-01, Fail probs: 4.000e-05
No. of non-dominant rules: 383, Survival rules: 312, Failure rules: 71
Survival sample found from sampling.
No. of existing rules removed:  0
New rule added. System state: 1, System value: 53.986303. Total samples: 100000.
New rule (No. of conditions: 52): {'vbus2': ('>=', 1), 'vbus3': ('>=', 2), 'vbus4': ('>=', 1), 'vbus5': ('>=', 1), 'vbus6': ('>=', 1), 'vbus7': ('>=', 1), 'vbus8': ('>=', 2), 'vbus9': ('>=', 1), 'vbus10': ('>=', 1), 'vbus11': ('>=', 1), 'vbus13': ('>=', 1), 'vbus14': ('>=', 1), 'vbus15': ('>=', 1), 'vbus18': ('>=', 1), 'vbus19': ('>=', 1), 'vbus20': ('>=', 1), 'vbus29': ('>=', 1), 'vbus41': ('>=', 1), 'vbus43': ('>=', 1), 'vbus44': ('>=', 1), 'vbus45': ('>=', 1), 'vbus51': ('>=', 1), 'vbus52': ('>=', 1), 'vbus54': ('>=', 1), 'vbus55': ('>=', 1), 'vbus56': ('>=', 1), 'vbus57': ('>=', 1), 'br2': ('>=', 1), 'br3': ('>=', 1), 'br4': ('>=', 1), 'br6': ('>=', 1), 'br7': ('>=', 1), 'br8': ('>=', 1), 'br9': ('>=', 1), 'br10': ('>=', 1), 'br13': ('>=', 1), 'br18': ('>=', 1), 'br20': ('>=', 1), 'br28': ('>=', 1), 'br29': ('>=', 1), 'br30': ('>=', 1), 'br41': ('>=', 1), 'br54': ('>=', 1), 'br58': ('>=', 1), 'br65': ('>=', 1), 'br67': ('>=', 1), 'br70': ('>=', 1), 'br71': ('>=', 1), 'br72': ('>=', 1), 'br74': ('>=', 1), 'br77': ('>=', 1), 'br80': ('>=', 1), 'sys': ('>=', 1)}
Updated sys_vals: [50.911, 51.551, 52.111, 52.271, 52.43, 52.546, 52.697, 52.802, 52.844, 52.904, 52.944, 52.983, 52.99, 52.998, 53.108, 53.119, 53.122, 53.278, 53.294, 53.35, 53.458, 53.47, 53.489, 53.505, 53.518, 53.534, 53.544, 53.55, 53.582, 53.584, 53.598, 53.63, 53.664, 53.673, 53.699, 53.702, 53.71, 53.716, 53.718, 53.744, 53.745, 53.753, 53.758, 53.76, 53.774, 53.789, 53.79, 53.792, 53.793, 53.794, 53.807, 53.81, 53.814, 53.824, 53.825, 53.833, 53.834, 53.851, 53.854, 53.855, 53.856, 53.857, 53.859, 53.86, 53.861, 53.865, 53.87, 53.877, 53.878, 53.88, 53.882, 53.883, 53.885, 53.889, 53.893, 53.894, 53.899, 53.901, 53.904, 53.905, 53.906, 53.909, 53.918, 53.922, 53.923, 53.924, 53.925, 53.932, 53.933, 53.934, 53.935, 53.941, 53.945, 53.947, 53.949, 53.955, 53.956, 53.957, 53.958, 53.961, 53.964, 53.968, 53.969, 53.973, 53.974, 53.975, 53.977, 53.978, 53.979, 53.981, 53.982, 53.985, 53.986, 53.989, 53.99, 53.991, 53.993, 53.994, 53.995, 53.996, 53.998, 53.999, 54.0, 54.002, 54.003, 54.004, 54.005, 54.009, 54.011, 54.013, 54.014, 54.015, 54.016, 54.019, 54.02, 54.021, 54.023, 54.024, 54.025, 54.026, 54.027, 54.028, 54.029, 54.03, 54.031, 54.032, 54.033, 54.034, 54.036, 54.037, 54.039, 54.041, 54.042, 54.043, 54.044, 54.045, 54.046, 54.047, 54.048, 54.049, 54.051, 54.053, 54.055, 54.056, 54.057, 54.058, 54.06, 54.061, 54.064, 54.065, 54.067, 54.068, 54.069, 54.071, 54.072, 54.075, 54.076, 54.077, 54.078, 54.08, 54.081, 54.082, 54.083, 54.085, 54.086, 54.087, 54.089, 54.09, 54.091, 54.092, 54.093, 54.094, 54.095, 54.097, 54.099, 54.1, 54.11, 54.19, 54.193, 54.209, 54.218, 54.222, 54.251, 54.252, 54.269, 54.294, 54.302, 54.325, 54.343, 54.378, 54.384, 54.401, 54.406, 54.445, 54.447, 54.605, 54.669, 54.687, 54.712, 54.721, 54.79, 54.806, 54.909, 54.984, 54.989, 54.995, 55.006, 55.008, 55.076, 55.114, 55.212, 55.229, 55.444, 55.462, 55.605, 55.661, 55.687, 55.69, 55.855, 56.185, 56.231, 56.365, 56.402, 56.974, 57.199, 57.245, 57.28, 57.496, 57.547, 57.81, 59.218, 63.249, 63.525, 64.739]
---
Round: 385, Unk. prob.: 6.000e-05
Surv probs: 9.999e-01, Fail probs: 4.000e-05
No. of non-dominant rules: 384, Survival rules: 313, Failure rules: 71
Survival sample found from sampling.
No. of existing rules removed:  0
New rule added. System state: 1, System value: 53.907802. Total samples: 100000.
New rule (No. of conditions: 65): {'vbus1': ('>=', 2), 'vbus3': ('>=', 2), 'vbus4': ('>=', 1), 'vbus5': ('>=', 1), 'vbus6': ('>=', 2), 'vbus7': ('>=', 1), 'vbus9': ('>=', 2), 'vbus13': ('>=', 1), 'vbus14': ('>=', 1), 'vbus15': ('>=', 1), 'vbus16': ('>=', 1), 'vbus17': ('>=', 1), 'vbus18': ('>=', 1), 'vbus23': ('>=', 1), 'vbus29': ('>=', 1), 'vbus32': ('>=', 1), 'vbus33': ('>=', 1), 'vbus34': ('>=', 1), 'vbus35': ('>=', 1), 'vbus36': ('>=', 1), 'vbus37': ('>=', 1), 'vbus38': ('>=', 1), 'vbus39': ('>=', 1), 'vbus44': ('>=', 1), 'vbus45': ('>=', 1), 'vbus46': ('>=', 1), 'vbus47': ('>=', 1), 'vbus49': ('>=', 1), 'vbus50': ('>=', 1), 'vbus52': ('>=', 1), 'vbus53': ('>=', 1), 'vbus57': ('>=', 1), 'br3': ('>=', 1), 'br4': ('>=', 1), 'br5': ('>=', 1), 'br6': ('>=', 1), 'br12': ('>=', 1), 'br13': ('>=', 1), 'br14': ('>=', 1), 'br15': ('>=', 1), 'br16': ('>=', 1), 'br17': ('>=', 1), 'br19': ('>=', 1), 'br28': ('>=', 1), 'br33': ('>=', 1), 'br41': ('>=', 1), 'br45': ('>=', 1), 'br46': ('>=', 1), 'br47': ('>=', 1), 'br48': ('>=', 1), 'br49': ('>=', 1), 'br50': ('>=', 1), 'br51': ('>=', 1), 'br53': ('>=', 1), 'br57': ('>=', 1), 'br58': ('>=', 1), 'br59': ('>=', 1), 'br60': ('>=', 1), 'br63': ('>=', 1), 'br66': ('>=', 1), 'br67': ('>=', 1), 'br68': ('>=', 1), 'br72': ('>=', 1), 'br76': ('>=', 1), 'br79': ('>=', 1), 'sys': ('>=', 1)}
Updated sys_vals: [50.911, 51.551, 52.111, 52.271, 52.43, 52.546, 52.697, 52.802, 52.844, 52.904, 52.944, 52.983, 52.99, 52.998, 53.108, 53.119, 53.122, 53.278, 53.294, 53.35, 53.458, 53.47, 53.489, 53.505, 53.518, 53.534, 53.544, 53.55, 53.582, 53.584, 53.598, 53.63, 53.664, 53.673, 53.699, 53.702, 53.71, 53.716, 53.718, 53.744, 53.745, 53.753, 53.758, 53.76, 53.774, 53.789, 53.79, 53.792, 53.793, 53.794, 53.807, 53.81, 53.814, 53.824, 53.825, 53.833, 53.834, 53.851, 53.854, 53.855, 53.856, 53.857, 53.859, 53.86, 53.861, 53.865, 53.87, 53.877, 53.878, 53.88, 53.882, 53.883, 53.885, 53.889, 53.893, 53.894, 53.899, 53.901, 53.904, 53.905, 53.906, 53.908, 53.909, 53.918, 53.922, 53.923, 53.924, 53.925, 53.932, 53.933, 53.934, 53.935, 53.941, 53.945, 53.947, 53.949, 53.955, 53.956, 53.957, 53.958, 53.961, 53.964, 53.968, 53.969, 53.973, 53.974, 53.975, 53.977, 53.978, 53.979, 53.981, 53.982, 53.985, 53.986, 53.989, 53.99, 53.991, 53.993, 53.994, 53.995, 53.996, 53.998, 53.999, 54.0, 54.002, 54.003, 54.004, 54.005, 54.009, 54.011, 54.013, 54.014, 54.015, 54.016, 54.019, 54.02, 54.021, 54.023, 54.024, 54.025, 54.026, 54.027, 54.028, 54.029, 54.03, 54.031, 54.032, 54.033, 54.034, 54.036, 54.037, 54.039, 54.041, 54.042, 54.043, 54.044, 54.045, 54.046, 54.047, 54.048, 54.049, 54.051, 54.053, 54.055, 54.056, 54.057, 54.058, 54.06, 54.061, 54.064, 54.065, 54.067, 54.068, 54.069, 54.071, 54.072, 54.075, 54.076, 54.077, 54.078, 54.08, 54.081, 54.082, 54.083, 54.085, 54.086, 54.087, 54.089, 54.09, 54.091, 54.092, 54.093, 54.094, 54.095, 54.097, 54.099, 54.1, 54.11, 54.19, 54.193, 54.209, 54.218, 54.222, 54.251, 54.252, 54.269, 54.294, 54.302, 54.325, 54.343, 54.378, 54.384, 54.401, 54.406, 54.445, 54.447, 54.605, 54.669, 54.687, 54.712, 54.721, 54.79, 54.806, 54.909, 54.984, 54.989, 54.995, 55.006, 55.008, 55.076, 55.114, 55.212, 55.229, 55.444, 55.462, 55.605, 55.661, 55.687, 55.69, 55.855, 56.185, 56.231, 56.365, 56.402, 56.974, 57.199, 57.245, 57.28, 57.496, 57.547, 57.81, 59.218, 63.249, 63.525, 64.739]
---
Round: 386, Unk. prob.: 6.000e-05
Surv probs: 9.999e-01, Fail probs: 9.000e-05
No. of non-dominant rules: 385, Survival rules: 314, Failure rules: 71
Failure sample found from sampling.
No. of existing rules removed:  0
New rule added. System state: 0, System value: 57.054398. Total samples: 100000.
New rule (No. of conditions: 4): {'vbus1': ('<=', 0), 'vbus3': ('<=', 1), 'vbus12': ('<=', 0), 'br2': ('<=', 0), 'sys': ('<=', 0)}
Updated sys_vals: [50.911, 51.551, 52.111, 52.271, 52.43, 52.546, 52.697, 52.802, 52.844, 52.904, 52.944, 52.983, 52.99, 52.998, 53.108, 53.119, 53.122, 53.278, 53.294, 53.35, 53.458, 53.47, 53.489, 53.505, 53.518, 53.534, 53.544, 53.55, 53.582, 53.584, 53.598, 53.63, 53.664, 53.673, 53.699, 53.702, 53.71, 53.716, 53.718, 53.744, 53.745, 53.753, 53.758, 53.76, 53.774, 53.789, 53.79, 53.792, 53.793, 53.794, 53.807, 53.81, 53.814, 53.824, 53.825, 53.833, 53.834, 53.851, 53.854, 53.855, 53.856, 53.857, 53.859, 53.86, 53.861, 53.865, 53.87, 53.877, 53.878, 53.88, 53.882, 53.883, 53.885, 53.889, 53.893, 53.894, 53.899, 53.901, 53.904, 53.905, 53.906, 53.908, 53.909, 53.918, 53.922, 53.923, 53.924, 53.925, 53.932, 53.933, 53.934, 53.935, 53.941, 53.945, 53.947, 53.949, 53.955, 53.956, 53.957, 53.958, 53.961, 53.964, 53.968, 53.969, 53.973, 53.974, 53.975, 53.977, 53.978, 53.979, 53.981, 53.982, 53.985, 53.986, 53.989, 53.99, 53.991, 53.993, 53.994, 53.995, 53.996, 53.998, 53.999, 54.0, 54.002, 54.003, 54.004, 54.005, 54.009, 54.011, 54.013, 54.014, 54.015, 54.016, 54.019, 54.02, 54.021, 54.023, 54.024, 54.025, 54.026, 54.027, 54.028, 54.029, 54.03, 54.031, 54.032, 54.033, 54.034, 54.036, 54.037, 54.039, 54.041, 54.042, 54.043, 54.044, 54.045, 54.046, 54.047, 54.048, 54.049, 54.051, 54.053, 54.055, 54.056, 54.057, 54.058, 54.06, 54.061, 54.064, 54.065, 54.067, 54.068, 54.069, 54.071, 54.072, 54.075, 54.076, 54.077, 54.078, 54.08, 54.081, 54.082, 54.083, 54.085, 54.086, 54.087, 54.089, 54.09, 54.091, 54.092, 54.093, 54.094, 54.095, 54.097, 54.099, 54.1, 54.11, 54.19, 54.193, 54.209, 54.218, 54.222, 54.251, 54.252, 54.269, 54.294, 54.302, 54.325, 54.343, 54.378, 54.384, 54.401, 54.406, 54.445, 54.447, 54.605, 54.669, 54.687, 54.712, 54.721, 54.79, 54.806, 54.909, 54.984, 54.989, 54.995, 55.006, 55.008, 55.076, 55.114, 55.212, 55.229, 55.444, 55.462, 55.605, 55.661, 55.687, 55.69, 55.855, 56.185, 56.231, 56.365, 56.402, 56.974, 57.054, 57.199, 57.245, 57.28, 57.496, 57.547, 57.81, 59.218, 63.249, 63.525, 64.739]
---
Round: 387, Unk. prob.: 5.000e-05
Surv probs: 9.999e-01, Fail probs: 3.000e-05
No. of non-dominant rules: 386, Survival rules: 314, Failure rules: 72
Failure sample found from sampling.
No. of existing rules removed:  0
New rule added. System state: 0, System value: 55.976894. Total samples: 100000.
New rule (No. of conditions: 4): {'vbus6': ('<=', 1), 'vbus8': ('<=', 0), 'vbus12': ('<=', 0), 'vbus50': ('<=', 0), 'sys': ('<=', 0)}
Updated sys_vals: [50.911, 51.551, 52.111, 52.271, 52.43, 52.546, 52.697, 52.802, 52.844, 52.904, 52.944, 52.983, 52.99, 52.998, 53.108, 53.119, 53.122, 53.278, 53.294, 53.35, 53.458, 53.47, 53.489, 53.505, 53.518, 53.534, 53.544, 53.55, 53.582, 53.584, 53.598, 53.63, 53.664, 53.673, 53.699, 53.702, 53.71, 53.716, 53.718, 53.744, 53.745, 53.753, 53.758, 53.76, 53.774, 53.789, 53.79, 53.792, 53.793, 53.794, 53.807, 53.81, 53.814, 53.824, 53.825, 53.833, 53.834, 53.851, 53.854, 53.855, 53.856, 53.857, 53.859, 53.86, 53.861, 53.865, 53.87, 53.877, 53.878, 53.88, 53.882, 53.883, 53.885, 53.889, 53.893, 53.894, 53.899, 53.901, 53.904, 53.905, 53.906, 53.908, 53.909, 53.918, 53.922, 53.923, 53.924, 53.925, 53.932, 53.933, 53.934, 53.935, 53.941, 53.945, 53.947, 53.949, 53.955, 53.956, 53.957, 53.958, 53.961, 53.964, 53.968, 53.969, 53.973, 53.974, 53.975, 53.977, 53.978, 53.979, 53.981, 53.982, 53.985, 53.986, 53.989, 53.99, 53.991, 53.993, 53.994, 53.995, 53.996, 53.998, 53.999, 54.0, 54.002, 54.003, 54.004, 54.005, 54.009, 54.011, 54.013, 54.014, 54.015, 54.016, 54.019, 54.02, 54.021, 54.023, 54.024, 54.025, 54.026, 54.027, 54.028, 54.029, 54.03, 54.031, 54.032, 54.033, 54.034, 54.036, 54.037, 54.039, 54.041, 54.042, 54.043, 54.044, 54.045, 54.046, 54.047, 54.048, 54.049, 54.051, 54.053, 54.055, 54.056, 54.057, 54.058, 54.06, 54.061, 54.064, 54.065, 54.067, 54.068, 54.069, 54.071, 54.072, 54.075, 54.076, 54.077, 54.078, 54.08, 54.081, 54.082, 54.083, 54.085, 54.086, 54.087, 54.089, 54.09, 54.091, 54.092, 54.093, 54.094, 54.095, 54.097, 54.099, 54.1, 54.11, 54.19, 54.193, 54.209, 54.218, 54.222, 54.251, 54.252, 54.269, 54.294, 54.302, 54.325, 54.343, 54.378, 54.384, 54.401, 54.406, 54.445, 54.447, 54.605, 54.669, 54.687, 54.712, 54.721, 54.79, 54.806, 54.909, 54.984, 54.989, 54.995, 55.006, 55.008, 55.076, 55.114, 55.212, 55.229, 55.444, 55.462, 55.605, 55.661, 55.687, 55.69, 55.855, 55.977, 56.185, 56.231, 56.365, 56.402, 56.974, 57.054, 57.199, 57.245, 57.28, 57.496, 57.547, 57.81, 59.218, 63.249, 63.525, 64.739]
---
Round: 388, Unk. prob.: 6.000e-05
Surv probs: 9.998e-01, Fail probs: 1.000e-04
No. of non-dominant rules: 387, Survival rules: 314, Failure rules: 73
Survival sample found from sampling.
No. of existing rules removed:  0
New rule added. System state: 1, System value: 54.05538. Total samples: 100000.
New rule (No. of conditions: 55): {'vbus1': ('>=', 1), 'vbus2': ('>=', 1), 'vbus3': ('>=', 3), 'vbus4': ('>=', 1), 'vbus5': ('>=', 1), 'vbus6': ('>=', 3), 'vbus7': ('>=', 1), 'vbus9': ('>=', 2), 'vbus11': ('>=', 1), 'vbus13': ('>=', 1), 'vbus14': ('>=', 1), 'vbus15': ('>=', 1), 'vbus16': ('>=', 1), 'vbus17': ('>=', 1), 'vbus18': ('>=', 1), 'vbus19': ('>=', 1), 'vbus27': ('>=', 1), 'vbus28': ('>=', 1), 'vbus29': ('>=', 1), 'vbus38': ('>=', 1), 'vbus41': ('>=', 1), 'vbus44': ('>=', 1), 'vbus45': ('>=', 1), 'vbus46': ('>=', 1), 'vbus47': ('>=', 1), 'vbus49': ('>=', 1), 'vbus50': ('>=', 1), 'br2': ('>=', 1), 'br3': ('>=', 1), 'br4': ('>=', 1), 'br5': ('>=', 1), 'br6': ('>=', 1), 'br10': ('>=', 1), 'br14': ('>=', 1), 'br15': ('>=', 1), 'br16': ('>=', 1), 'br17': ('>=', 1), 'br18': ('>=', 1), 'br19': ('>=', 1), 'br20': ('>=', 1), 'br24': ('>=', 1), 'br28': ('>=', 1), 'br29': ('>=', 1), 'br30': ('>=', 1), 'br39': ('>=', 1), 'br40': ('>=', 1), 'br41': ('>=', 1), 'br54': ('>=', 1), 'br57': ('>=', 1), 'br58': ('>=', 1), 'br59': ('>=', 1), 'br60': ('>=', 1), 'br63': ('>=', 1), 'br66': ('>=', 1), 'br72': ('>=', 1), 'sys': ('>=', 1)}
---
Round: 389, Unk. prob.: 8.000e-05
Surv probs: 9.999e-01, Fail probs: 5.000e-05
No. of non-dominant rules: 388, Survival rules: 315, Failure rules: 73
Failure sample found from sampling.
No. of existing rules removed:  0
New rule added. System state: 0, System value: 58.612651. Total samples: 100000.
New rule (No. of conditions: 3): {'vbus6': ('<=', 0), 'vbus8': ('<=', 0), 'vbus12': ('<=', 0), 'sys': ('<=', 0)}
Updated sys_vals: [50.911, 51.551, 52.111, 52.271, 52.43, 52.546, 52.697, 52.802, 52.844, 52.904, 52.944, 52.983, 52.99, 52.998, 53.108, 53.119, 53.122, 53.278, 53.294, 53.35, 53.458, 53.47, 53.489, 53.505, 53.518, 53.534, 53.544, 53.55, 53.582, 53.584, 53.598, 53.63, 53.664, 53.673, 53.699, 53.702, 53.71, 53.716, 53.718, 53.744, 53.745, 53.753, 53.758, 53.76, 53.774, 53.789, 53.79, 53.792, 53.793, 53.794, 53.807, 53.81, 53.814, 53.824, 53.825, 53.833, 53.834, 53.851, 53.854, 53.855, 53.856, 53.857, 53.859, 53.86, 53.861, 53.865, 53.87, 53.877, 53.878, 53.88, 53.882, 53.883, 53.885, 53.889, 53.893, 53.894, 53.899, 53.901, 53.904, 53.905, 53.906, 53.908, 53.909, 53.918, 53.922, 53.923, 53.924, 53.925, 53.932, 53.933, 53.934, 53.935, 53.941, 53.945, 53.947, 53.949, 53.955, 53.956, 53.957, 53.958, 53.961, 53.964, 53.968, 53.969, 53.973, 53.974, 53.975, 53.977, 53.978, 53.979, 53.981, 53.982, 53.985, 53.986, 53.989, 53.99, 53.991, 53.993, 53.994, 53.995, 53.996, 53.998, 53.999, 54.0, 54.002, 54.003, 54.004, 54.005, 54.009, 54.011, 54.013, 54.014, 54.015, 54.016, 54.019, 54.02, 54.021, 54.023, 54.024, 54.025, 54.026, 54.027, 54.028, 54.029, 54.03, 54.031, 54.032, 54.033, 54.034, 54.036, 54.037, 54.039, 54.041, 54.042, 54.043, 54.044, 54.045, 54.046, 54.047, 54.048, 54.049, 54.051, 54.053, 54.055, 54.056, 54.057, 54.058, 54.06, 54.061, 54.064, 54.065, 54.067, 54.068, 54.069, 54.071, 54.072, 54.075, 54.076, 54.077, 54.078, 54.08, 54.081, 54.082, 54.083, 54.085, 54.086, 54.087, 54.089, 54.09, 54.091, 54.092, 54.093, 54.094, 54.095, 54.097, 54.099, 54.1, 54.11, 54.19, 54.193, 54.209, 54.218, 54.222, 54.251, 54.252, 54.269, 54.294, 54.302, 54.325, 54.343, 54.378, 54.384, 54.401, 54.406, 54.445, 54.447, 54.605, 54.669, 54.687, 54.712, 54.721, 54.79, 54.806, 54.909, 54.984, 54.989, 54.995, 55.006, 55.008, 55.076, 55.114, 55.212, 55.229, 55.444, 55.462, 55.605, 55.661, 55.687, 55.69, 55.855, 55.977, 56.185, 56.231, 56.365, 56.402, 56.974, 57.054, 57.199, 57.245, 57.28, 57.496, 57.547, 57.81, 58.613, 59.218, 63.249, 63.525, 64.739]
---
Round: 390, Unk. prob.: 9.000e-05
Surv probs: 9.997e-01, Fail probs: 1.800e-04
No. of non-dominant rules: 389, Survival rules: 315, Failure rules: 74
Survival sample found from sampling.
No. of existing rules removed:  0
New rule added. System state: 1, System value: 53.862762. Total samples: 100000.
New rule (No. of conditions: 28): {'vbus1': ('>=', 1), 'vbus2': ('>=', 1), 'vbus3': ('>=', 1), 'vbus4': ('>=', 1), 'vbus6': ('>=', 1), 'vbus9': ('>=', 3), 'vbus12': ('>=', 1), 'vbus15': ('>=', 1), 'vbus17': ('>=', 1), 'vbus18': ('>=', 1), 'vbus38': ('>=', 1), 'vbus44': ('>=', 1), 'vbus45': ('>=', 1), 'vbus47': ('>=', 1), 'vbus48': ('>=', 1), 'vbus49': ('>=', 1), 'br2': ('>=', 1), 'br3': ('>=', 1), 'br5': ('>=', 1), 'br15': ('>=', 1), 'br17': ('>=', 1), 'br20': ('>=', 1), 'br57': ('>=', 1), 'br58': ('>=', 1), 'br61': ('>=', 1), 'br72': ('>=', 1), 'br78': ('>=', 1), 'br79': ('>=', 1), 'sys': ('>=', 1)}
Updated sys_vals: [50.911, 51.551, 52.111, 52.271, 52.43, 52.546, 52.697, 52.802, 52.844, 52.904, 52.944, 52.983, 52.99, 52.998, 53.108, 53.119, 53.122, 53.278, 53.294, 53.35, 53.458, 53.47, 53.489, 53.505, 53.518, 53.534, 53.544, 53.55, 53.582, 53.584, 53.598, 53.63, 53.664, 53.673, 53.699, 53.702, 53.71, 53.716, 53.718, 53.744, 53.745, 53.753, 53.758, 53.76, 53.774, 53.789, 53.79, 53.792, 53.793, 53.794, 53.807, 53.81, 53.814, 53.824, 53.825, 53.833, 53.834, 53.851, 53.854, 53.855, 53.856, 53.857, 53.859, 53.86, 53.861, 53.863, 53.865, 53.87, 53.877, 53.878, 53.88, 53.882, 53.883, 53.885, 53.889, 53.893, 53.894, 53.899, 53.901, 53.904, 53.905, 53.906, 53.908, 53.909, 53.918, 53.922, 53.923, 53.924, 53.925, 53.932, 53.933, 53.934, 53.935, 53.941, 53.945, 53.947, 53.949, 53.955, 53.956, 53.957, 53.958, 53.961, 53.964, 53.968, 53.969, 53.973, 53.974, 53.975, 53.977, 53.978, 53.979, 53.981, 53.982, 53.985, 53.986, 53.989, 53.99, 53.991, 53.993, 53.994, 53.995, 53.996, 53.998, 53.999, 54.0, 54.002, 54.003, 54.004, 54.005, 54.009, 54.011, 54.013, 54.014, 54.015, 54.016, 54.019, 54.02, 54.021, 54.023, 54.024, 54.025, 54.026, 54.027, 54.028, 54.029, 54.03, 54.031, 54.032, 54.033, 54.034, 54.036, 54.037, 54.039, 54.041, 54.042, 54.043, 54.044, 54.045, 54.046, 54.047, 54.048, 54.049, 54.051, 54.053, 54.055, 54.056, 54.057, 54.058, 54.06, 54.061, 54.064, 54.065, 54.067, 54.068, 54.069, 54.071, 54.072, 54.075, 54.076, 54.077, 54.078, 54.08, 54.081, 54.082, 54.083, 54.085, 54.086, 54.087, 54.089, 54.09, 54.091, 54.092, 54.093, 54.094, 54.095, 54.097, 54.099, 54.1, 54.11, 54.19, 54.193, 54.209, 54.218, 54.222, 54.251, 54.252, 54.269, 54.294, 54.302, 54.325, 54.343, 54.378, 54.384, 54.401, 54.406, 54.445, 54.447, 54.605, 54.669, 54.687, 54.712, 54.721, 54.79, 54.806, 54.909, 54.984, 54.989, 54.995, 55.006, 55.008, 55.076, 55.114, 55.212, 55.229, 55.444, 55.462, 55.605, 55.661, 55.687, 55.69, 55.855, 55.977, 56.185, 56.231, 56.365, 56.402, 56.974, 57.054, 57.199, 57.245, 57.28, 57.496, 57.547, 57.81, 58.613, 59.218, 63.249, 63.525, 64.739]
---
Round: 391, Unk. prob.: 9.000e-05
Surv probs: 9.999e-01, Fail probs: 6.000e-05
No. of non-dominant rules: 390, Survival rules: 316, Failure rules: 74
Survival sample found from sampling.
No. of existing rules removed:  0
New rule added. System state: 1, System value: 54.015774. Total samples: 100000.
New rule (No. of conditions: 28): {'vbus1': ('>=', 1), 'vbus4': ('>=', 1), 'vbus6': ('>=', 1), 'vbus8': ('>=', 2), 'vbus9': ('>=', 1), 'vbus10': ('>=', 1), 'vbus11': ('>=', 1), 'vbus13': ('>=', 1), 'vbus16': ('>=', 1), 'vbus17': ('>=', 1), 'vbus18': ('>=', 1), 'vbus51': ('>=', 1), 'vbus53': ('>=', 1), 'vbus54': ('>=', 1), 'vbus55': ('>=', 1), 'br5': ('>=', 1), 'br7': ('>=', 1), 'br8': ('>=', 1), 'br9': ('>=', 1), 'br10': ('>=', 1), 'br16': ('>=', 1), 'br17': ('>=', 1), 'br20': ('>=', 1), 'br24': ('>=', 1), 'br65': ('>=', 1), 'br69': ('>=', 1), 'br70': ('>=', 1), 'br80': ('>=', 1), 'sys': ('>=', 1)}
---
Round: 392, Unk. prob.: 3.000e-05
Surv probs: 9.999e-01, Fail probs: 8.000e-05
No. of non-dominant rules: 391, Survival rules: 317, Failure rules: 74
Survival sample found from sampling.
No. of existing rules removed:  0
New rule added. System state: 1, System value: 54.025991. Total samples: 100000.
New rule (No. of conditions: 43): {'vbus1': ('>=', 2), 'vbus3': ('>=', 1), 'vbus5': ('>=', 1), 'vbus6': ('>=', 2), 'vbus9': ('>=', 1), 'vbus11': ('>=', 1), 'vbus12': ('>=', 1), 'vbus13': ('>=', 1), 'vbus15': ('>=', 1), 'vbus16': ('>=', 1), 'vbus35': ('>=', 1), 'vbus36': ('>=', 1), 'vbus37': ('>=', 1), 'vbus38': ('>=', 1), 'vbus39': ('>=', 1), 'vbus40': ('>=', 1), 'vbus41': ('>=', 1), 'vbus42': ('>=', 1), 'vbus43': ('>=', 1), 'vbus44': ('>=', 1), 'vbus45': ('>=', 1), 'vbus56': ('>=', 1), 'vbus57': ('>=', 1), 'br14': ('>=', 1), 'br15': ('>=', 1), 'br16': ('>=', 1), 'br18': ('>=', 1), 'br21': ('>=', 1), 'br24': ('>=', 1), 'br26': ('>=', 1), 'br48': ('>=', 1), 'br49': ('>=', 1), 'br50': ('>=', 1), 'br51': ('>=', 1), 'br54': ('>=', 1), 'br57': ('>=', 1), 'br58': ('>=', 1), 'br71': ('>=', 1), 'br72': ('>=', 1), 'br73': ('>=', 1), 'br74': ('>=', 1), 'br75': ('>=', 1), 'br76': ('>=', 1), 'sys': ('>=', 1)}
---
Round: 393, Unk. prob.: 1.100e-04
Surv probs: 9.997e-01, Fail probs: 1.600e-04
No. of non-dominant rules: 392, Survival rules: 318, Failure rules: 74
Survival sample found from sampling.
No. of existing rules removed:  0
New rule added. System state: 1, System value: 54.079491. Total samples: 100000.
New rule (No. of conditions: 57): {'vbus1': ('>=', 2), 'vbus2': ('>=', 1), 'vbus3': ('>=', 2), 'vbus4': ('>=', 1), 'vbus5': ('>=', 1), 'vbus6': ('>=', 2), 'vbus9': ('>=', 3), 'vbus13': ('>=', 1), 'vbus14': ('>=', 1), 'vbus15': ('>=', 1), 'vbus16': ('>=', 1), 'vbus17': ('>=', 1), 'vbus18': ('>=', 1), 'vbus19': ('>=', 1), 'vbus20': ('>=', 1), 'vbus22': ('>=', 1), 'vbus23': ('>=', 1), 'vbus32': ('>=', 1), 'vbus33': ('>=', 1), 'vbus34': ('>=', 1), 'vbus35': ('>=', 1), 'vbus36': ('>=', 1), 'vbus37': ('>=', 1), 'vbus38': ('>=', 1), 'vbus44': ('>=', 1), 'vbus45': ('>=', 1), 'vbus46': ('>=', 1), 'vbus47': ('>=', 1), 'vbus49': ('>=', 1), 'vbus50': ('>=', 1), 'br3': ('>=', 1), 'br4': ('>=', 1), 'br12': ('>=', 1), 'br14': ('>=', 1), 'br15': ('>=', 1), 'br16': ('>=', 1), 'br17': ('>=', 1), 'br20': ('>=', 1), 'br28': ('>=', 1), 'br29': ('>=', 1), 'br30': ('>=', 1), 'br33': ('>=', 1), 'br45': ('>=', 1), 'br46': ('>=', 1), 'br47': ('>=', 1), 'br48': ('>=', 1), 'br49': ('>=', 1), 'br50': ('>=', 1), 'br53': ('>=', 1), 'br57': ('>=', 1), 'br58': ('>=', 1), 'br59': ('>=', 1), 'br60': ('>=', 1), 'br61': ('>=', 1), 'br63': ('>=', 1), 'br66': ('>=', 1), 'br72': ('>=', 1), 'sys': ('>=', 1)}
Updated sys_vals: [50.911, 51.551, 52.111, 52.271, 52.43, 52.546, 52.697, 52.802, 52.844, 52.904, 52.944, 52.983, 52.99, 52.998, 53.108, 53.119, 53.122, 53.278, 53.294, 53.35, 53.458, 53.47, 53.489, 53.505, 53.518, 53.534, 53.544, 53.55, 53.582, 53.584, 53.598, 53.63, 53.664, 53.673, 53.699, 53.702, 53.71, 53.716, 53.718, 53.744, 53.745, 53.753, 53.758, 53.76, 53.774, 53.789, 53.79, 53.792, 53.793, 53.794, 53.807, 53.81, 53.814, 53.824, 53.825, 53.833, 53.834, 53.851, 53.854, 53.855, 53.856, 53.857, 53.859, 53.86, 53.861, 53.863, 53.865, 53.87, 53.877, 53.878, 53.88, 53.882, 53.883, 53.885, 53.889, 53.893, 53.894, 53.899, 53.901, 53.904, 53.905, 53.906, 53.908, 53.909, 53.918, 53.922, 53.923, 53.924, 53.925, 53.932, 53.933, 53.934, 53.935, 53.941, 53.945, 53.947, 53.949, 53.955, 53.956, 53.957, 53.958, 53.961, 53.964, 53.968, 53.969, 53.973, 53.974, 53.975, 53.977, 53.978, 53.979, 53.981, 53.982, 53.985, 53.986, 53.989, 53.99, 53.991, 53.993, 53.994, 53.995, 53.996, 53.998, 53.999, 54.0, 54.002, 54.003, 54.004, 54.005, 54.009, 54.011, 54.013, 54.014, 54.015, 54.016, 54.019, 54.02, 54.021, 54.023, 54.024, 54.025, 54.026, 54.027, 54.028, 54.029, 54.03, 54.031, 54.032, 54.033, 54.034, 54.036, 54.037, 54.039, 54.041, 54.042, 54.043, 54.044, 54.045, 54.046, 54.047, 54.048, 54.049, 54.051, 54.053, 54.055, 54.056, 54.057, 54.058, 54.06, 54.061, 54.064, 54.065, 54.067, 54.068, 54.069, 54.071, 54.072, 54.075, 54.076, 54.077, 54.078, 54.079, 54.08, 54.081, 54.082, 54.083, 54.085, 54.086, 54.087, 54.089, 54.09, 54.091, 54.092, 54.093, 54.094, 54.095, 54.097, 54.099, 54.1, 54.11, 54.19, 54.193, 54.209, 54.218, 54.222, 54.251, 54.252, 54.269, 54.294, 54.302, 54.325, 54.343, 54.378, 54.384, 54.401, 54.406, 54.445, 54.447, 54.605, 54.669, 54.687, 54.712, 54.721, 54.79, 54.806, 54.909, 54.984, 54.989, 54.995, 55.006, 55.008, 55.076, 55.114, 55.212, 55.229, 55.444, 55.462, 55.605, 55.661, 55.687, 55.69, 55.855, 55.977, 56.185, 56.231, 56.365, 56.402, 56.974, 57.054, 57.199, 57.245, 57.28, 57.496, 57.547, 57.81, 58.613, 59.218, 63.249, 63.525, 64.739]
---
Round: 394, Unk. prob.: 2.000e-05
Surv probs: 9.999e-01, Fail probs: 1.000e-04
No. of non-dominant rules: 393, Survival rules: 319, Failure rules: 74
Survival sample found from sampling.
No. of existing rules removed:  0
New rule added. System state: 1, System value: 54.065023. Total samples: 100000.
New rule (No. of conditions: 28): {'vbus2': ('>=', 1), 'vbus3': ('>=', 2), 'vbus4': ('>=', 1), 'vbus6': ('>=', 3), 'vbus7': ('>=', 1), 'vbus9': ('>=', 1), 'vbus12': ('>=', 2), 'vbus15': ('>=', 1), 'vbus18': ('>=', 1), 'vbus19': ('>=', 1), 'vbus23': ('>=', 1), 'vbus24': ('>=', 1), 'vbus26': ('>=', 1), 'vbus27': ('>=', 1), 'vbus28': ('>=', 1), 'vbus29': ('>=', 1), 'br3': ('>=', 1), 'br5': ('>=', 1), 'br6': ('>=', 1), 'br18': ('>=', 1), 'br20': ('>=', 1), 'br29': ('>=', 1), 'br34': ('>=', 1), 'br37': ('>=', 1), 'br38': ('>=', 1), 'br39': ('>=', 1), 'br40': ('>=', 1), 'br41': ('>=', 1), 'sys': ('>=', 1)}
---
Round: 395, Unk. prob.: 4.000e-05
Surv probs: 9.999e-01, Fail probs: 5.000e-05
No. of non-dominant rules: 394, Survival rules: 320, Failure rules: 74
Survival sample found from sampling.
No. of existing rules removed:  0
New rule added. System state: 1, System value: 53.99028. Total samples: 100000.
New rule (No. of conditions: 27): {'vbus1': ('>=', 1), 'vbus3': ('>=', 1), 'vbus5': ('>=', 1), 'vbus6': ('>=', 1), 'vbus7': ('>=', 1), 'vbus8': ('>=', 2), 'vbus9': ('>=', 1), 'vbus16': ('>=', 1), 'vbus17': ('>=', 1), 'vbus27': ('>=', 1), 'vbus28': ('>=', 1), 'vbus29': ('>=', 1), 'vbus52': ('>=', 1), 'vbus54': ('>=', 1), 'vbus55': ('>=', 1), 'br6': ('>=', 1), 'br7': ('>=', 1), 'br8': ('>=', 1), 'br16': ('>=', 1), 'br17': ('>=', 1), 'br21': ('>=', 1), 'br39': ('>=', 1), 'br40': ('>=', 1), 'br41': ('>=', 1), 'br67': ('>=', 1), 'br70': ('>=', 1), 'br80': ('>=', 1), 'sys': ('>=', 1)}
---
Round: 396, Unk. prob.: 5.000e-05
Surv probs: 9.999e-01, Fail probs: 8.000e-05
No. of non-dominant rules: 395, Survival rules: 321, Failure rules: 74
Failure sample found from sampling.
No. of existing rules removed:  0
New rule added. System state: 0, System value: 55.604959. Total samples: 100000.
New rule (No. of conditions: 4): {'vbus4': ('<=', 0), 'vbus8': ('<=', 0), 'vbus9': ('<=', 2), 'vbus12': ('<=', 0), 'sys': ('<=', 0)}
---
Round: 397, Unk. prob.: 5.000e-05
Surv probs: 9.999e-01, Fail probs: 8.000e-05
No. of non-dominant rules: 396, Survival rules: 321, Failure rules: 75
Survival sample found from sampling.
No. of existing rules removed:  0
New rule added. System state: 1, System value: 54.057045. Total samples: 100000.
New rule (No. of conditions: 60): {'vbus2': ('>=', 1), 'vbus3': ('>=', 1), 'vbus4': ('>=', 1), 'vbus5': ('>=', 1), 'vbus6': ('>=', 1), 'vbus7': ('>=', 1), 'vbus8': ('>=', 2), 'vbus9': ('>=', 1), 'vbus10': ('>=', 1), 'vbus11': ('>=', 1), 'vbus15': ('>=', 1), 'vbus18': ('>=', 1), 'vbus24': ('>=', 1), 'vbus25': ('>=', 1), 'vbus26': ('>=', 1), 'vbus27': ('>=', 1), 'vbus28': ('>=', 1), 'vbus29': ('>=', 1), 'vbus30': ('>=', 1), 'vbus31': ('>=', 1), 'vbus41': ('>=', 1), 'vbus42': ('>=', 1), 'vbus43': ('>=', 1), 'vbus51': ('>=', 1), 'vbus52': ('>=', 1), 'vbus53': ('>=', 1), 'vbus54': ('>=', 1), 'vbus55': ('>=', 1), 'vbus56': ('>=', 1), 'vbus57': ('>=', 1), 'br2': ('>=', 1), 'br3': ('>=', 1), 'br6': ('>=', 1), 'br8': ('>=', 1), 'br9': ('>=', 1), 'br10': ('>=', 1), 'br18': ('>=', 1), 'br19': ('>=', 1), 'br21': ('>=', 1), 'br22': ('>=', 1), 'br35': ('>=', 1), 'br36': ('>=', 1), 'br37': ('>=', 1), 'br38': ('>=', 1), 'br39': ('>=', 1), 'br40': ('>=', 1), 'br41': ('>=', 1), 'br42': ('>=', 1), 'br43': ('>=', 1), 'br54': ('>=', 1), 'br55': ('>=', 1), 'br56': ('>=', 1), 'br65': ('>=', 1), 'br67': ('>=', 1), 'br68': ('>=', 1), 'br70': ('>=', 1), 'br71': ('>=', 1), 'br74': ('>=', 1), 'br77': ('>=', 1), 'br80': ('>=', 1), 'sys': ('>=', 1)}
---
Round: 398, Unk. prob.: 8.000e-05
Surv probs: 9.999e-01, Fail probs: 6.000e-05
No. of non-dominant rules: 397, Survival rules: 322, Failure rules: 75
Survival sample found from sampling.
No. of existing rules removed:  0
New rule added. System state: 1, System value: 53.895781. Total samples: 100000.
New rule (No. of conditions: 63): {'vbus1': ('>=', 2), 'vbus2': ('>=', 1), 'vbus3': ('>=', 2), 'vbus4': ('>=', 1), 'vbus5': ('>=', 1), 'vbus6': ('>=', 3), 'vbus7': ('>=', 1), 'vbus9': ('>=', 3), 'vbus13': ('>=', 1), 'vbus14': ('>=', 1), 'vbus15': ('>=', 1), 'vbus16': ('>=', 1), 'vbus17': ('>=', 1), 'vbus18': ('>=', 1), 'vbus22': ('>=', 1), 'vbus23': ('>=', 1), 'vbus24': ('>=', 1), 'vbus25': ('>=', 1), 'vbus29': ('>=', 1), 'vbus35': ('>=', 1), 'vbus36': ('>=', 1), 'vbus37': ('>=', 1), 'vbus38': ('>=', 1), 'vbus39': ('>=', 1), 'vbus40': ('>=', 1), 'vbus44': ('>=', 1), 'vbus45': ('>=', 1), 'vbus46': ('>=', 1), 'vbus47': ('>=', 1), 'vbus52': ('>=', 1), 'vbus53': ('>=', 1), 'vbus56': ('>=', 1), 'vbus57': ('>=', 1), 'br3': ('>=', 1), 'br4': ('>=', 1), 'br5': ('>=', 1), 'br6': ('>=', 1), 'br12': ('>=', 1), 'br13': ('>=', 1), 'br15': ('>=', 1), 'br16': ('>=', 1), 'br17': ('>=', 1), 'br19': ('>=', 1), 'br28': ('>=', 1), 'br33': ('>=', 1), 'br34': ('>=', 1), 'br35': ('>=', 1), 'br41': ('>=', 1), 'br48': ('>=', 1), 'br49': ('>=', 1), 'br50': ('>=', 1), 'br51': ('>=', 1), 'br52': ('>=', 1), 'br53': ('>=', 1), 'br57': ('>=', 1), 'br58': ('>=', 1), 'br59': ('>=', 1), 'br60': ('>=', 1), 'br67': ('>=', 1), 'br68': ('>=', 1), 'br72': ('>=', 1), 'br73': ('>=', 1), 'br76': ('>=', 1), 'sys': ('>=', 1)}
Updated sys_vals: [50.911, 51.551, 52.111, 52.271, 52.43, 52.546, 52.697, 52.802, 52.844, 52.904, 52.944, 52.983, 52.99, 52.998, 53.108, 53.119, 53.122, 53.278, 53.294, 53.35, 53.458, 53.47, 53.489, 53.505, 53.518, 53.534, 53.544, 53.55, 53.582, 53.584, 53.598, 53.63, 53.664, 53.673, 53.699, 53.702, 53.71, 53.716, 53.718, 53.744, 53.745, 53.753, 53.758, 53.76, 53.774, 53.789, 53.79, 53.792, 53.793, 53.794, 53.807, 53.81, 53.814, 53.824, 53.825, 53.833, 53.834, 53.851, 53.854, 53.855, 53.856, 53.857, 53.859, 53.86, 53.861, 53.863, 53.865, 53.87, 53.877, 53.878, 53.88, 53.882, 53.883, 53.885, 53.889, 53.893, 53.894, 53.896, 53.899, 53.901, 53.904, 53.905, 53.906, 53.908, 53.909, 53.918, 53.922, 53.923, 53.924, 53.925, 53.932, 53.933, 53.934, 53.935, 53.941, 53.945, 53.947, 53.949, 53.955, 53.956, 53.957, 53.958, 53.961, 53.964, 53.968, 53.969, 53.973, 53.974, 53.975, 53.977, 53.978, 53.979, 53.981, 53.982, 53.985, 53.986, 53.989, 53.99, 53.991, 53.993, 53.994, 53.995, 53.996, 53.998, 53.999, 54.0, 54.002, 54.003, 54.004, 54.005, 54.009, 54.011, 54.013, 54.014, 54.015, 54.016, 54.019, 54.02, 54.021, 54.023, 54.024, 54.025, 54.026, 54.027, 54.028, 54.029, 54.03, 54.031, 54.032, 54.033, 54.034, 54.036, 54.037, 54.039, 54.041, 54.042, 54.043, 54.044, 54.045, 54.046, 54.047, 54.048, 54.049, 54.051, 54.053, 54.055, 54.056, 54.057, 54.058, 54.06, 54.061, 54.064, 54.065, 54.067, 54.068, 54.069, 54.071, 54.072, 54.075, 54.076, 54.077, 54.078, 54.079, 54.08, 54.081, 54.082, 54.083, 54.085, 54.086, 54.087, 54.089, 54.09, 54.091, 54.092, 54.093, 54.094, 54.095, 54.097, 54.099, 54.1, 54.11, 54.19, 54.193, 54.209, 54.218, 54.222, 54.251, 54.252, 54.269, 54.294, 54.302, 54.325, 54.343, 54.378, 54.384, 54.401, 54.406, 54.445, 54.447, 54.605, 54.669, 54.687, 54.712, 54.721, 54.79, 54.806, 54.909, 54.984, 54.989, 54.995, 55.006, 55.008, 55.076, 55.114, 55.212, 55.229, 55.444, 55.462, 55.605, 55.661, 55.687, 55.69, 55.855, 55.977, 56.185, 56.231, 56.365, 56.402, 56.974, 57.054, 57.199, 57.245, 57.28, 57.496, 57.547, 57.81, 58.613, 59.218, 63.249, 63.525, 64.739]
---
Round: 399, Unk. prob.: 6.000e-05
Surv probs: 9.999e-01, Fail probs: 8.000e-05
No. of non-dominant rules: 398, Survival rules: 323, Failure rules: 75
Survival sample found from sampling.
No. of existing rules removed:  0
New rule added. System state: 1, System value: 54.019456. Total samples: 100000.
New rule (No. of conditions: 41): {'vbus1': ('>=', 1), 'vbus2': ('>=', 1), 'vbus3': ('>=', 1), 'vbus4': ('>=', 1), 'vbus5': ('>=', 1), 'vbus6': ('>=', 1), 'vbus9': ('>=', 2), 'vbus11': ('>=', 1), 'vbus12': ('>=', 1), 'vbus13': ('>=', 1), 'vbus14': ('>=', 1), 'vbus15': ('>=', 1), 'vbus18': ('>=', 1), 'vbus19': ('>=', 1), 'vbus20': ('>=', 1), 'vbus38': ('>=', 1), 'vbus43': ('>=', 1), 'vbus44': ('>=', 1), 'vbus45': ('>=', 1), 'vbus46': ('>=', 1), 'vbus47': ('>=', 1), 'vbus49': ('>=', 1), 'br2': ('>=', 1), 'br3': ('>=', 1), 'br4': ('>=', 1), 'br12': ('>=', 1), 'br14': ('>=', 1), 'br15': ('>=', 1), 'br20': ('>=', 1), 'br24': ('>=', 1), 'br25': ('>=', 1), 'br28': ('>=', 1), 'br29': ('>=', 1), 'br30': ('>=', 1), 'br57': ('>=', 1), 'br58': ('>=', 1), 'br59': ('>=', 1), 'br60': ('>=', 1), 'br66': ('>=', 1), 'br71': ('>=', 1), 'br72': ('>=', 1), 'sys': ('>=', 1)}
---
Round: 400, Unk. prob.: 7.000e-05
Surv probs: 9.999e-01, Fail probs: 4.000e-05
No. of non-dominant rules: 399, Survival rules: 324, Failure rules: 75
Survival sample found from sampling.
No. of existing rules removed:  0
New rule added. System state: 1, System value: 54.045115. Total samples: 100000.
New rule (No. of conditions: 37): {'vbus1': ('>=', 2), 'vbus2': ('>=', 1), 'vbus3': ('>=', 1), 'vbus4': ('>=', 1), 'vbus6': ('>=', 3), 'vbus8': ('>=', 1), 'vbus11': ('>=', 1), 'vbus13': ('>=', 1), 'vbus14': ('>=', 1), 'vbus15': ('>=', 1), 'vbus16': ('>=', 1), 'vbus17': ('>=', 1), 'vbus18': ('>=', 1), 'vbus38': ('>=', 1), 'vbus41': ('>=', 1), 'vbus43': ('>=', 1), 'vbus46': ('>=', 1), 'vbus47': ('>=', 1), 'vbus48': ('>=', 1), 'vbus49': ('>=', 1), 'vbus50': ('>=', 1), 'br5': ('>=', 1), 'br14': ('>=', 1), 'br15': ('>=', 1), 'br16': ('>=', 1), 'br17': ('>=', 1), 'br20': ('>=', 1), 'br24': ('>=', 1), 'br28': ('>=', 1), 'br56': ('>=', 1), 'br59': ('>=', 1), 'br60': ('>=', 1), 'br61': ('>=', 1), 'br63': ('>=', 1), 'br66': ('>=', 1), 'br71': ('>=', 1), 'br79': ('>=', 1), 'sys': ('>=', 1)}
---
Round: 401, Unk. prob.: 4.000e-05
Surv probs: 9.999e-01, Fail probs: 1.000e-04
No. of non-dominant rules: 400, Survival rules: 325, Failure rules: 75
Survival sample found from sampling.
No. of existing rules removed:  0
New rule added. System state: 1, System value: 53.875713. Total samples: 100000.
New rule (No. of conditions: 31): {'vbus1': ('>=', 1), 'vbus2': ('>=', 1), 'vbus4': ('>=', 1), 'vbus6': ('>=', 1), 'vbus8': ('>=', 2), 'vbus9': ('>=', 1), 'vbus11': ('>=', 1), 'vbus13': ('>=', 1), 'vbus15': ('>=', 1), 'vbus17': ('>=', 1), 'vbus18': ('>=', 1), 'vbus38': ('>=', 1), 'vbus41': ('>=', 1), 'vbus42': ('>=', 1), 'vbus49': ('>=', 1), 'vbus50': ('>=', 1), 'vbus55': ('>=', 1), 'br5': ('>=', 1), 'br7': ('>=', 1), 'br8': ('>=', 1), 'br14': ('>=', 1), 'br15': ('>=', 1), 'br17': ('>=', 1), 'br19': ('>=', 1), 'br24': ('>=', 1), 'br54': ('>=', 1), 'br55': ('>=', 1), 'br63': ('>=', 1), 'br66': ('>=', 1), 'br78': ('>=', 1), 'br80': ('>=', 1), 'sys': ('>=', 1)}
Updated sys_vals: [50.911, 51.551, 52.111, 52.271, 52.43, 52.546, 52.697, 52.802, 52.844, 52.904, 52.944, 52.983, 52.99, 52.998, 53.108, 53.119, 53.122, 53.278, 53.294, 53.35, 53.458, 53.47, 53.489, 53.505, 53.518, 53.534, 53.544, 53.55, 53.582, 53.584, 53.598, 53.63, 53.664, 53.673, 53.699, 53.702, 53.71, 53.716, 53.718, 53.744, 53.745, 53.753, 53.758, 53.76, 53.774, 53.789, 53.79, 53.792, 53.793, 53.794, 53.807, 53.81, 53.814, 53.824, 53.825, 53.833, 53.834, 53.851, 53.854, 53.855, 53.856, 53.857, 53.859, 53.86, 53.861, 53.863, 53.865, 53.87, 53.876, 53.877, 53.878, 53.88, 53.882, 53.883, 53.885, 53.889, 53.893, 53.894, 53.896, 53.899, 53.901, 53.904, 53.905, 53.906, 53.908, 53.909, 53.918, 53.922, 53.923, 53.924, 53.925, 53.932, 53.933, 53.934, 53.935, 53.941, 53.945, 53.947, 53.949, 53.955, 53.956, 53.957, 53.958, 53.961, 53.964, 53.968, 53.969, 53.973, 53.974, 53.975, 53.977, 53.978, 53.979, 53.981, 53.982, 53.985, 53.986, 53.989, 53.99, 53.991, 53.993, 53.994, 53.995, 53.996, 53.998, 53.999, 54.0, 54.002, 54.003, 54.004, 54.005, 54.009, 54.011, 54.013, 54.014, 54.015, 54.016, 54.019, 54.02, 54.021, 54.023, 54.024, 54.025, 54.026, 54.027, 54.028, 54.029, 54.03, 54.031, 54.032, 54.033, 54.034, 54.036, 54.037, 54.039, 54.041, 54.042, 54.043, 54.044, 54.045, 54.046, 54.047, 54.048, 54.049, 54.051, 54.053, 54.055, 54.056, 54.057, 54.058, 54.06, 54.061, 54.064, 54.065, 54.067, 54.068, 54.069, 54.071, 54.072, 54.075, 54.076, 54.077, 54.078, 54.079, 54.08, 54.081, 54.082, 54.083, 54.085, 54.086, 54.087, 54.089, 54.09, 54.091, 54.092, 54.093, 54.094, 54.095, 54.097, 54.099, 54.1, 54.11, 54.19, 54.193, 54.209, 54.218, 54.222, 54.251, 54.252, 54.269, 54.294, 54.302, 54.325, 54.343, 54.378, 54.384, 54.401, 54.406, 54.445, 54.447, 54.605, 54.669, 54.687, 54.712, 54.721, 54.79, 54.806, 54.909, 54.984, 54.989, 54.995, 55.006, 55.008, 55.076, 55.114, 55.212, 55.229, 55.444, 55.462, 55.605, 55.661, 55.687, 55.69, 55.855, 55.977, 56.185, 56.231, 56.365, 56.402, 56.974, 57.054, 57.199, 57.245, 57.28, 57.496, 57.547, 57.81, 58.613, 59.218, 63.249, 63.525, 64.739]
---
Round: 402, Unk. prob.: 8.000e-05
Surv probs: 9.998e-01, Fail probs: 9.000e-05
No. of non-dominant rules: 401, Survival rules: 326, Failure rules: 75
Survival sample found from sampling.
No. of existing rules removed:  0
New rule added. System state: 1, System value: 54.024753. Total samples: 100000.
New rule (No. of conditions: 51): {'vbus1': ('>=', 2), 'vbus2': ('>=', 1), 'vbus3': ('>=', 2), 'vbus4': ('>=', 1), 'vbus5': ('>=', 1), 'vbus6': ('>=', 2), 'vbus8': ('>=', 1), 'vbus11': ('>=', 1), 'vbus13': ('>=', 1), 'vbus14': ('>=', 1), 'vbus15': ('>=', 1), 'vbus17': ('>=', 1), 'vbus18': ('>=', 1), 'vbus19': ('>=', 1), 'vbus20': ('>=', 1), 'vbus22': ('>=', 1), 'vbus23': ('>=', 1), 'vbus24': ('>=', 1), 'vbus25': ('>=', 1), 'vbus38': ('>=', 1), 'vbus41': ('>=', 1), 'vbus43': ('>=', 1), 'vbus44': ('>=', 1), 'vbus45': ('>=', 1), 'vbus46': ('>=', 1), 'vbus47': ('>=', 1), 'vbus49': ('>=', 1), 'vbus50': ('>=', 1), 'br3': ('>=', 1), 'br4': ('>=', 1), 'br14': ('>=', 1), 'br15': ('>=', 1), 'br17': ('>=', 1), 'br20': ('>=', 1), 'br24': ('>=', 1), 'br28': ('>=', 1), 'br29': ('>=', 1), 'br30': ('>=', 1), 'br33': ('>=', 1), 'br34': ('>=', 1), 'br35': ('>=', 1), 'br53': ('>=', 1), 'br56': ('>=', 1), 'br57': ('>=', 1), 'br58': ('>=', 1), 'br59': ('>=', 1), 'br60': ('>=', 1), 'br63': ('>=', 1), 'br66': ('>=', 1), 'br71': ('>=', 1), 'br72': ('>=', 1), 'sys': ('>=', 1)}
---
Round: 403, Unk. prob.: 9.000e-05
Surv probs: 9.999e-01, Fail probs: 5.000e-05
No. of non-dominant rules: 402, Survival rules: 327, Failure rules: 75
Survival sample found from sampling.
No. of existing rules removed:  0
New rule added. System state: 1, System value: 54.040881. Total samples: 100000.
New rule (No. of conditions: 65): {'vbus1': ('>=', 2), 'vbus2': ('>=', 1), 'vbus3': ('>=', 2), 'vbus4': ('>=', 1), 'vbus6': ('>=', 2), 'vbus7': ('>=', 1), 'vbus9': ('>=', 2), 'vbus11': ('>=', 1), 'vbus13': ('>=', 1), 'vbus14': ('>=', 1), 'vbus15': ('>=', 1), 'vbus16': ('>=', 1), 'vbus17': ('>=', 1), 'vbus18': ('>=', 1), 'vbus22': ('>=', 1), 'vbus23': ('>=', 1), 'vbus28': ('>=', 1), 'vbus29': ('>=', 1), 'vbus35': ('>=', 1), 'vbus36': ('>=', 1), 'vbus37': ('>=', 1), 'vbus38': ('>=', 1), 'vbus40': ('>=', 1), 'vbus41': ('>=', 1), 'vbus42': ('>=', 1), 'vbus43': ('>=', 1), 'vbus44': ('>=', 1), 'vbus45': ('>=', 1), 'vbus46': ('>=', 1), 'vbus47': ('>=', 1), 'vbus49': ('>=', 1), 'vbus50': ('>=', 1), 'vbus56': ('>=', 1), 'br3': ('>=', 1), 'br5': ('>=', 1), 'br6': ('>=', 1), 'br12': ('>=', 1), 'br13': ('>=', 1), 'br14': ('>=', 1), 'br15': ('>=', 1), 'br16': ('>=', 1), 'br17': ('>=', 1), 'br19': ('>=', 1), 'br24': ('>=', 1), 'br28': ('>=', 1), 'br33': ('>=', 1), 'br40': ('>=', 1), 'br41': ('>=', 1), 'br48': ('>=', 1), 'br49': ('>=', 1), 'br50': ('>=', 1), 'br52': ('>=', 1), 'br53': ('>=', 1), 'br54': ('>=', 1), 'br55': ('>=', 1), 'br57': ('>=', 1), 'br58': ('>=', 1), 'br59': ('>=', 1), 'br60': ('>=', 1), 'br63': ('>=', 1), 'br66': ('>=', 1), 'br71': ('>=', 1), 'br72': ('>=', 1), 'br73': ('>=', 1), 'br74': ('>=', 1), 'sys': ('>=', 1)}
---
[Final results] Probs: 'surv':  9.999e-01, 'fail':  6.400e-05, 'unkn':  6.400e-05

Completed in 178.6s
Results saved to: /scratch/n74/hxr547/tsum/demos/case57/tsum_results_bus

--- Summary ---
  Rounds:      403
  Surv rules:  328
  Fail rules:  75
  Unk prob:    1e-05
  P(survival): 0.99992
  P(failure):  7e-05

  Reference (Chan et al. Table 2): p_f ~ 1.0e-4
  TSUM estimate:                   p_f ~ 7.00e-05
