{
  "n0": {
    "x": 0.32383276483316237,
    "y": 0.15084917392450192
  },
  "n1": {
    "x": 0.6509344730398537,
    "y": 0.07243628666754276
  },
  "n2": {
    "x": 0.5358820043066892,
    "y": 0.36568891691258554
  },
  "n3": {
    "x": 0.057998924774706806,
    "y": 0.5074357331894203
  },
  "n4": {
    "x": 0.03749565844198488,
    "y": 0.4336456836623859
  },
  "n5": {
    "x": 0.06985542357461894,
    "y": 0.09071301334386506
  },
  "n6": {
    "x": 0.42451918914251396,
    "y": 0.8268521246720381
  },
  "n7": {
    "x": 0.12380196114964559,
    "y": 0.22323896460701453
  },
  "n8": {
    "x": 0.6274332224055893,
    "y": 0.9477089424570057
  },
  "n9": {
    "x": 0.5771029486174987,
    "y": 0.39668047465078016
  },
  "n10": {
    "x": 0.9762551055929201,
    "y": 0.04658268061775628
  },
  "n11": {
    "x": 0.8584684590486795,
    "y": 0.28960928633167626
  },
  "n12": {
    "x": 0.14425508335743753,
    "y": 0.11779223807836836
  },
  "n13": {
    "x": 0.30848182410193437,
    "y": 0.8161263591200314
  },
  "n14": {
    "x": 0.18072637992393747,
    "y": 0.5816001636624663
  },
  "n15": {
    "x": 0.6389134689261841,
    "y": 0.3723975427257312
  },
  "n16": {
    "x": 0.5477444657095578,
    "y": 0.06278897497332314
  },
  "n17": {
    "x": 0.05960116996623266,
    "y": 0.20595871281932654
  },
  "n18": {
    "x": 0.6803999731817859,
    "y": 0.4275923056694029
  },
  "n19": {
    "x": 0.3141471703767915,
    "y": 0.5855618635076387
  },
  "n20": {
    "x": 0.45318437637077535,
    "y": 0.29976699686368236
  },
  "n21": {
    "x": 0.7943794815224912,
    "y": 0.6989944337295713
  },
  "n22": {
    "x": 0.24409651072215288,
    "y": 0.574423710258671
  },
  "n23": {
    "x": 0.5251965038114514,
    "y": 0.8751374955734289
  },
  "n24": {
    "x": 0.7294452894392176,
    "y": 0.2879377648901865
  },
  "n25": {
    "x": 0.9801748474925821,
    "y": 0.11806577825496212
  },
  "n26": {
    "x": 0.4181228217852272,
    "y": 0.7571409295652494
  },
  "n27": {
    "x": 0.15198453466050477,
    "y": 0.4889631004758056
  },
  "n28": {
    "x": 0.03920725704743766,
    "y": 0.6682158565343952
  },
  "n29": {
    "x": 0.7645708662128131,
    "y": 0.573025940277384
  },
  "n30": {
    "x": 0.8754778118308882,
    "y": 0.31374751284809677
  },
  "n31": {
    "x": 0.6952953662736593,
    "y": 0.5943698771050184
  },
  "n32": {
    "x": 0.5798952042824922,
    "y": 0.45620533130141305
  },
  "n33": {
    "x": 0.8399677805125414,
    "y": 0.9446810951079374
  },
  "n34": {
    "x": 0.47409833741964447,
    "y": 0.6641522054746745
  },
  "n35": {
    "x": 0.060669427597219716,
    "y": 0.7014920213044239
  },
  "n36": {
    "x": 0.6471288545276688,
    "y": 0.9930959394666341
  },
  "n37": {
    "x": 0.8219247866097149,
    "y": 0.28459553209414923
  },
  "n38": {
    "x": 0.3857914424467108,
    "y": 0.6686527158841882
  },
  "n39": {
    "x": 0.02256292805558857,
    "y": 0.46169528629976586
  },
  "n40": {
    "x": 0.16804837890654456,
    "y": 0.11709579448173191
  },
  "n41": {
    "x": 0.058954419331310404,
    "y": 0.7682329884725208
  },
  "n42": {
    "x": 0.12934022201868423,
    "y": 0.24761483369691428
  },
  "n43": {
    "x": 0.3909497031332271,
    "y": 0.8714219741262994
  },
  "n44": {
    "x": 0.08058130120013862,
    "y": 0.44918740094933096
  },
  "n45": {
    "x": 0.5494399091440374,
    "y": 0.8833838264415125
  },
  "n46": {
    "x": 0.8192798378357413,
    "y": 0.8639844696985152
  },
  "n47": {
    "x": 0.27842106451389714,
    "y": 0.4152965172116986
  },
  "n48": {
    "x": 0.3587711653316248,
    "y": 0.884192827198217
  },
  "n49": {
    "x": 0.9577312039639913,
    "y": 0.15092090579110895
  },
  "n50": {
    "x": 0.17621772849037032,
    "y": 0.23195686681953576
  },
  "n51": {
    "x": 0.23333608368086112,
    "y": 0.4849627303413566
  },
  "n52": {
    "x": 0.5891235037322556,
    "y": 0.26274661929853793
  },
  "n53": {
    "x": 0.004093603385063926,
    "y": 0.41894650112532794
  },
  "n54": {
    "x": 0.3692535728947254,
    "y": 0.566341223706392
  },
  "n55": {
    "x": 0.9530979255250953,
    "y": 0.6904936571359779
  },
  "n56": {
    "x": 0.5154914330707784,
    "y": 0.6175927494091277
  },
  "n57": {
    "x": 0.6762000824495014,
    "y": 0.053992893223790195
  },
  "n58": {
    "x": 0.8995330100579522,
    "y": 0.7799694907060728
  },
  "n59": {
    "x": 0.8745131841344765,
    "y": 0.7978731211965661
  },
  "n60": {
    "x": 0.39237890689126864,
    "y": 0.398978832320273
  },
  "n61": {
    "x": 0.10353709371032427,
    "y": 0.634289565685709
  },
  "n62": {
    "x": 0.06224782161868758,
    "y": 0.06734761584302484
  },
  "n63": {
    "x": 0.20876318544616446,
    "y": 0.1623031877720974
  },
  "n64": {
    "x": 0.3400536522323434,
    "y": 0.05257560389026694
  },
  "n65": {
    "x": 0.00023328190135663007,
    "y": 0.15126493227942794
  },
  "n66": {
    "x": 0.10146436802259651,
    "y": 0.363609922034571
  },
  "n67": {
    "x": 0.025500886666145695,
    "y": 0.8743323773738196
  },
  "n68": {
    "x": 0.6140689877884787,
    "y": 0.14855048533089144
  },
  "n69": {
    "x": 0.2522577565570773,
    "y": 0.34738954605370154
  },
  "n70": {
    "x": 0.36416343952828245,
    "y": 0.12284223076219491
  },
  "n71": {
    "x": 0.8489369264846149,
    "y": 0.9931027217047139
  },
  "n72": {
    "x": 0.4659894591599337,
    "y": 0.48383465641626944
  },
  "n73": {
    "x": 0.08588466155616559,
    "y": 0.10218761674816845
  },
  "n74": {
    "x": 0.3426358382430018,
    "y": 0.2647568917171801
  },
  "n75": {
    "x": 0.8288553781215605,
    "y": 0.1614386105264315
  },
  "n76": {
    "x": 0.023095721045248152,
    "y": 0.9509855728747021
  },
  "n77": {
    "x": 0.5282573950421248,
    "y": 0.1466025388990907
  },
  "n78": {
    "x": 0.5431724258821143,
    "y": 0.027042491422168524
  },
  "n79": {
    "x": 0.5281094409383065,
    "y": 0.9785012427189728
  },
  "n80": {
    "x": 0.8633250302896689,
    "y": 0.6961967859078019
  },
  "n81": {
    "x": 0.26111519722936194,
    "y": 0.36669979176117884
  },
  "n82": {
    "x": 0.1670420345343363,
    "y": 0.7719379084020312
  },
  "n83": {
    "x": 0.532592397492879,
    "y": 0.7790548913381772
  },
  "n84": {
    "x": 0.32966499504776237,
    "y": 0.22304167310318512
  },
  "n85": {
    "x": 0.811511246773595,
    "y": 0.9849260505908908
  },
  "n86": {
    "x": 0.8526287987466605,
    "y": 0.8060785847856675
  },
  "n87": {
    "x": 0.8183329433253732,
    "y": 0.7398730203757141
  },
  "n88": {
    "x": 0.2267394900315849,
    "y": 0.5176387242435055
  },
  "n89": {
    "x": 0.3555625433549582,
    "y": 0.028980150741365396
  },
  "n90": {
    "x": 0.027937075422064472,
    "y": 0.2794185390490298
  },
  "n91": {
    "x": 0.25917436326775656,
    "y": 0.6925219417001234
  },
  "n92": {
    "x": 0.9565150763413378,
    "y": 0.44722767776672345
  },
  "n93": {
    "x": 0.9370212012762423,
    "y": 0.9880380582028602
  },
  "n94": {
    "x": 0.9550006313213332,
    "y": 0.3646358853618661
  },
  "n95": {
    "x": 0.22046232299623747,
    "y": 0.22684582673072795
  },
  "n96": {
    "x": 0.19670616341931724,
    "y": 0.20437336327622302
  },
  "n97": {
    "x": 0.6240663974378182,
    "y": 0.9003083378841142
  },
  "n98": {
    "x": 0.8404355272792898,
    "y": 0.4794734262615382
  },
  "n99": {
    "x": 0.652978042841009,
    "y": 0.7996437448496602
  },
  "n100": {
    "x": 0.08477848645038011,
    "y": 0.6605856502048941
  },
  "n101": {
    "x": 0.909777137551723,
    "y": 0.78230288409809
  },
  "n102": {
    "x": 0.7501404598304584,
    "y": 0.47803274459400025
  },
  "n103": {
    "x": 0.17852171833757358,
    "y": 0.7891354310202764
  },
  "n104": {
    "x": 0.3325171998646099,
    "y": 0.800823568896691
  },
  "n105": {
    "x": 0.9716572889821583,
    "y": 0.3958384950694481
  },
  "n106": {
    "x": 0.4013868178677015,
    "y": 0.946797006464893
  },
  "n107": {
    "x": 0.7247986656342152,
    "y": 0.17000365997189548
  },