{
    "x1": 0.046790600000000016,
    "x2": 0.04682890000000006,
    "x3": 4.6400000000001995e-05,
    "x4": 0,
    "x5": 0,
    "x6": 0,
    "x7": 0,
    "x8": 0,
    "x9": 0,
    "x10": 0,
    "x11": 0.0002243000000000661,
    "x12": 0.0001502999999999366,
    "x13": 0,
    "x14": 0,
    "x15": 6.999999999979245e-06,
    "x16": 0,
    "x17": 0,
    "x18": 0,
    "x19": 0.00010189999999998811,
    "x20": 0.00016130000000003086,
    "x21": 0.00013259999999992722,
    "x22": 0,
    "x23": 0,
    "x24": 0.00022620000000006524,
    "x25": 0,
    "x26": 0,
    "x27": 6.269999999997111e-05,
    "x28": 0.060766600000000004,
    "x29": 0.14976599999999995,
    "x30": 0.8416078,
    "x31": 0.04687209999999997,
    "x32": 0.04687039999999998,
    "x33": 0.8413186,
    "x34": 7.509999999999462e-05,
    "x35": 0.8413974,
    "x36": 0.0001126999999999656,
    "x37": 0,
    "x38": 0,
    "x39": 1.689999999998637e-05,
    "x40": 0.00030289999999999484,
    "x41": 0,
    "x42": 0,
    "x43": 4.9499999999924604e-05,
    "x44": 1.4300000000022628e-05,
    "x45": 0,
    "x46": 0.8413168,
    "x47": 0,
    "x48": 9.919999999996598e-05,
    "x49": 0.00010540000000003324,
    "x50": 0,
    "x51": 0.00010449999999995185,
    "x52": 0,
    "x53": 0.00014179999999996973,
    "x54": 5.889999999997286e-05,
    "x55": 0,
    "x56": 0,
    "x57": 0,
    "x58": 0,
    "x59": 0,
    "x60": 0,
    "x61": 0.8413578,
    "x62": 0.06025270000000005,
    "x63": 0.0002635000000000831,
    "x64": 0.06013999999999997,
    "x65": 0,
    "x66": 0.060560999999999976,
    "x67": 0,
    "x68": 4.190000000003913e-05,
    "x69": 7.199999999984996e-06,
    "x70": 0,
    "x71": 0.0002002999999999311,
    "x72": 0.00019930000000001336,
    "x73": 0.00013410000000002587,
    "x74": 0,
    "x75": 1.6499999999974868e-05,
    "x76": 0,
    "x77": 8.850000000004687e-05,
    "x78": 1.2800000000035006e-05,
    "x79": 0,
    "x80": 0,
    "x81": 0,
    "x82": 0.060498799999999964,
    "x83": 0.14990270000000006,
    "x84": 0.060451799999999944,
    "x85": 0.06032289999999996,
    "x86": 0.15002769999999999,
    "x87": 0.8411232
}