{
  "e0001": {
    "0": {
      "p": 0.003006838125328445
    },
    "1": {
      "p": 0.9969931618746716
    }
  },
  "e0002": {
    "0": {
      "p": 0.0030242826892473984
    },
    "1": {
      "p": 0.9969757173107526
    }
  },
  "e0003": {
    "0": {
      "p": 0.0030730636567864815
    },
    "1": {
      "p": 0.9969269363432135
    }
  },
  "e0004": {
    "0": {
      "p": 0.0038507946450926775
    },
    "1": {
      "p": 0.9961492053549074
    }
  },
  "e0005": {
    "0": {
      "p": 0.00419258427902336
    },
    "1": {
      "p": 0.9958074157209766
    }
  },
  "e0006": {
    "0": {
      "p": 0.003748114744169382
    },
    "1": {
      "p": 0.9962518852558306
    }
  },
  "e0007": {
    "0": {
      "p": 0.004638792879431899
    },
    "1": {
      "p": 0.9953612071205681
    }
  },
  "e0008": {
    "0": {
      "p": 0.004868964926323712
    },
    "1": {
      "p": 0.9951310350736763
    }
  },
  "e0009": {
    "0": {
      "p": 0.00732207345914296
    },
    "1": {
      "p": 0.9926779265408571
    }
  },
  "e0010": {
    "0": {
      "p": 0.006999138110327348
    },
    "1": {
      "p": 0.9930008618896726
    }
  },
  "e0011": {
    "0": {
      "p": 0.0037073653163254843
    },
    "1": {
      "p": 0.9962926346836745
    }
  },
  "e0012": {
    "0": {
      "p": 0.004761479150124823
    },
    "1": {
      "p": 0.9952385208498752
    }
  },
  "e0013": {
    "0": {
      "p": 0.005471720806059188
    },
    "1": {
      "p": 0.9945282791939408
    }
  },
  "e0014": {
    "0": {
      "p": 0.0038100897598855794
    },
    "1": {
      "p": 0.9961899102401144
    }
  },
  "e0015": {
    "0": {
      "p": 0.004201982479590594
    },
    "1": {
      "p": 0.9957980175204094
    }
  },
  "e0016": {
    "0": {
      "p": 0.006063965717485636
    },
    "1": {
      "p": 0.9939360342825143
    }
  },
  "e0017": {
    "0": {
      "p": 0.006004525225423631
    },
    "1": {
      "p": 0.9939954747745764
    }
  },
  "e0018": {
    "0": {
      "p": 0.003930104536964906
    },
    "1": {
      "p": 0.9960698954630351
    }
  },
  "e0019": {
    "0": {
      "p": 0.004252640497452407
    },
    "1": {
      "p": 0.9957473595025476
    }
  },
  "e0020": {
    "0": {
      "p": 0.005601966160283217
    },
    "1": {
      "p": 0.9943980338397168
    }
  },
  "e0021": {
    "0": {
      "p": 0.008344955193095787
    },
    "1": {
      "p": 0.9916550448069043
    }
  },
  "e0022": {
    "0": {
      "p": 0.010149998870212668
    },
    "1": {
      "p": 0.9898500011297874
    }
  },
  "e0023": {
    "0": {
      "p": 0.0076440522278087425
    },
    "1": {
      "p": 0.9923559477721913
    }
  },
  "e0024": {
    "0": {
      "p": 0.0036414507953914177
    },
    "1": {
      "p": 0.9963585492046085
    }
  },
  "e0025": {
    "0": {
      "p": 0.004523592475158327
    },
    "1": {
      "p": 0.9954764075248417
    }
  },
  "e0026": {
    "0": {
      "p": 0.005703486651982481
    },
    "1": {
      "p": 0.9942965133480175
    }
  },
  "e0027": {
    "0": {
      "p": 0.006359498403720131
    },
    "1": {
      "p": 0.9936405015962799
    }
  },
  "e0028": {
    "0": {
      "p": 0.004984495987895779
    },
    "1": {
      "p": 0.9950155040121043
    }
  },
  "e0029": {
    "0": {
      "p": 0.007426116031440465
    },
    "1": {
      "p": 0.9925738839685595
    }
  },
  "e0030": {
    "0": {
      "p": 0.007446565294784531
    },
    "1": {
      "p": 0.9925534347052155
    }
  },
  "e0031": {
    "0": {
      "p": 0.007234091429898819
    },
    "1": {
      "p": 0.9927659085701012
    }
  },
  "e0032": {
    "0": {
      "p": 0.0063654942111283875
    },
    "1": {
      "p": 0.9936345057888716
    }
  },
  "e0033": {
    "0": {
      "p": 0.009661435465648273
    },
    "1": {
      "p": 0.9903385645343518
    }
  },
  "e0034": {
    "0": {
      "p": 0.008120336145460112
    },
    "1": {
      "p": 0.9918796638545399
    }
  },
  "e0035": {
    "0": {
      "p": 0.01214779815423374
    },
    "1": {
      "p": 0.9878522018457663
    }
  },
  "e0036": {
    "0": {
      "p": 0.018149366519139804
    },
    "1": {
      "p": 0.9818506334808602
    }
  },
  "e0037": {
    "0": {
      "p": 0.01585131495718082
    },
    "1": {
      "p": 0.9841486850428192
    }
  },
  "e0038": {
    "0": {
      "p": 0.009300492537614037
    },
    "1": {
      "p": 0.990699507462386
    }
  },
  "e0039": {
    "0": {
      "p": 0.01166022896773706
    },
    "1": {
      "p": 0.9883397710322629
    }
  },
  "e0040": {
    "0": {
      "p": 0.010124907331622806
    },
    "1": {
      "p": 0.9898750926683771
    }
  },
  "e0041": {
    "0": {
      "p": 0.009799686671411687
    },
    "1": {
      "p": 0.9902003133285883
    }
  },
  "e0042": {
    "0": {
      "p": 0.010219630210199107
    },
    "1": {
      "p": 0.9897803697898009
    }
  },
  "e0043": {
    "0": {
      "p": 0.008490139189432637
    },
    "1": {
      "p": 0.9915098608105674
    }
  },
  "e0044": {
    "0": {
      "p": 0.00931455514481733
    },
    "1": {
      "p": 0.9906854448551826
    }
  },
  "e0045": {
    "0": {
      "p": 0.010047026879679991
    },
    "1": {
      "p": 0.98995297312032
    }
  },
  "e0046": {
    "0": {
      "p": 0.01833985293546648
    },
    "1": {
      "p": 0.9816601470645335
    }
  },
  "e0047": {
    "0": {
      "p": 0.009724914962921192
    },
    "1": {
      "p": 0.9902750850370788
    }
  },
  "e0048": {
    "0": {
      "p": 0.010205283439554506
    },
    "1": {
      "p": 0.9897947165604455
    }
  },
  "e0049": {
    "0": {
      "p": 0.017953834386498974
    },
    "1": {
      "p": 0.982046165613501
    }
  },
  "e0050": {
    "0": {
      "p": 0.009623519185889108
    },
    "1": {
      "p": 0.9903764808141109
    }
  },
  "e0051": {
    "0": {
      "p": 0.010833061489989804
    },
    "1": {
      "p": 0.9891669385100101
    }
  },
  "e0052": {
    "0": {
      "p": 0.010070598246729855
    },
    "1": {
      "p": 0.9899294017532702
    }
  },
  "e0053": {
    "0": {
      "p": 0.010803186904474125
    },
    "1": {
      "p": 0.9891968130955259
    }
  },
  "e0054": {
    "0": {
      "p": 0.019092471155306944
    },
    "1": {
      "p": 0.980907528844693
    }
  },
  "e0055": {
    "0": {
      "p": 0.02317343758949309
    },
    "1": {
      "p": 0.9768265624105069
    }
  },
  "e0056": {
    "0": {
      "p": 0.013622290431217226
    },
    "1": {
      "p": 0.9863777095687828
    }
  },
  "e0057": {
    "0": {
      "p": 0.00915298381731263
    },
    "1": {
      "p": 0.9908470161826873
    }
  },
  "e0058": {
    "0": {
      "p": 0.007359038939262975
    },
    "1": {
      "p": 0.9926409610607371
    }
  },
  "e0059": {
    "0": {
      "p": 0.02012161075453656
    },
    "1": {
      "p": 0.9798783892454634
    }
  },
  "e0060": {
    "0": {
      "p": 0.03609911049142198
    },
    "1": {
      "p": 0.963900889508578
    }
  },
  "e0061": {
    "0": {
      "p": 0.022505996672359887
    },
    "1": {
      "p": 0.9774940033276401
    }
  },
  "e0062": {
    "0": {
      "p": 0.037015804577926796
    },
    "1": {
      "p": 0.9629841954220733
    }
  },
  "e0063": {
    "0": {
      "p": 0.02737874799981475
    },
    "1": {
      "p": 0.9726212520001852
    }
  },
  "e0064": {
    "0": {
      "p": 0.025309876339966567
    },
    "1": {
      "p": 0.9746901236600334
    }
  },
  "e0065": {
    "0": {
      "p": 0.04052295550233017
    },
    "1": {
      "p": 0.9594770444976698
    }
  },
  "e0066": {
    "0": {
      "p": 0.028090585312369017
    },
    "1": {
      "p": 0.971909414687631
    }
  },
  "e0067": {
    "0": {
      "p": 0.034830266760866466
    },
    "1": {
      "p": 0.9651697332391336
    }
  },
  "e0068": {
    "0": {
      "p": 0.04179702412244232
    },
    "1": {
      "p": 0.9582029758775577
    }
  },
  "e0069": {
    "0": {
      "p": 0.035834268724379705
    },
    "1": {
      "p": 0.9641657312756203
    }
  },
  "e0070": {
    "0": {
      "p": 0.03140921068295431
    },