{
    "pf_up": [
        1.0,
        0.264908109375,
        0.264908109375,
        0.9999999999999999
    ],
    "pf_low": [
        0,
        0,
        0,
        0
    ],
    "pr_brs": [
        1.0,
        0.9999999999999998,
        0.9999999999999998,
        0.9999999999999999
    ],
    "pr_bu": [
        1.0,
        0.264908109375,
        0.264908109375,
        0.9999999999999999
    ],
    "no_br": [
        1,
        7,
        9,
        7
    ],
    "no_bs": [
        0,
        1,
        1,
        0
    ],
    "no_bf": [
        0,
        0,
        0,
        0
    ],
    "no_bu": [
        1,
        6,
        8,
        7
    ],
    "no_rs": [
        1,
        2,
        2,
        2
    ],
    "no_rf": [
        0,
        0,
        0,
        0
    ],
    "no_ra": [
        1,
        2,
        2,
        2
    ],
    "no_sf": [
        0,
        1,
        2,
        3
    ],
    "time": [
        0.0021109580993652344,
        0.011601924896240234,
        0.0044193267822265625,
        0.010190486907958984
    ],
    "min_len_rf": [
        0,
        0,
        0,
        0
    ],
    "avg_len_rf": [
        0,
        0,
        0,
        0
    ],
    "out_flag": "max_nb",
    "max_bu": 0
}