{
    "x1": 0.049357899999999955,
    "x2": 0.08421699999999999,
    "x3": 0.00038599999999999746,
    "x4": 0,
    "x5": 0.0002667000000000641,
    "x6": 0.0003085999999999922,
    "x7": 0.0007829999999999782,
    "x8": 0,
    "x9": 0,
    "x10": 0,
    "x11": 9.639999999999649e-05,
    "x12": 0,
    "x13": 0,
    "x14": 0,
    "x15": 0.0009679000000000215,
    "x16": 0.0009253000000000178,
    "x17": 0.00034760000000000346,
    "x18": 0.0006540000000000434,
    "x19": 0.00024210000000002285,
    "x20": 0.000524800000000103,
    "x21": 0,
    "x22": 0.00034800000000001496,
    "x23": 0,
    "x24": 0.0017412999999999457,
    "x25": 0,
    "x26": 0.0006234999999999991,
    "x27": 9.579999999997924e-05,
    "x28": 0.0733511,
    "x29": 0.20506030000000003,
    "x30": 0.6583704,
    "x31": 0.050287199999999976,
    "x32": 0.08913020000000005,
    "x33": 0.653828,
    "x34": 0,
    "x35": 0.6438658,
    "x36": 0.0006081999999999477,
    "x37": 0.0009695000000000675,
    "x38": 0,
    "x39": 0,
    "x40": 0,
    "x41": 0.000797099999999995,
    "x42": 0,
    "x43": 0,
    "x44": 0.0003923000000000121,
    "x45": 5.1299999999976365e-05,
    "x46": 0.6351391,
    "x47": 0,
    "x48": 0,
    "x49": 0.0004486000000000212,
    "x50": 0.0007504999999999873,
    "x51": 3.4800000000001496e-05,
    "x52": 0.00028369999999999784,
    "x53": 0.0004296999999999773,
    "x54": 0,
    "x55": 0.00010290000000001687,
    "x56": 0.0002031000000000116,
    "x57": 0,
    "x58": 0,
    "x59": 0.0003362000000000087,
    "x60": 0,
    "x61": 0.6832203,
    "x62": 0.0781539,
    "x63": 0.000280000000000058,
    "x64": 0.07785419999999998,
    "x65": 0.0006081000000000003,
    "x66": 0.07927869999999992,
    "x67": 2.36000000000125e-05,
    "x68": 0.00010969999999999036,
    "x69": 0.0008763999999999994,
    "x70": 5.900000000003125e-05,
    "x71": 0,
    "x72": 0,
    "x73": 0.00033919999999998396,
    "x74": 0,
    "x75": 0,
    "x76": 0,
    "x77": 0,
    "x78": 0.00021939999999998072,
    "x79": 0.0003358999999999446,
    "x80": 0.00038050000000000583,
    "x81": 0,
    "x82": 0.07508890000000001,
    "x83": 0.19930269999999994,
    "x84": 0.08001230000000004,
    "x85": 0.07544659999999992,
    "x86": 0.1928604,
    "x87": 0.6840819
}