{
    "M_Line220_1": {
        "0": {
            "p": 0.019955271085554394
        },
        "1": {
            "p": 0.9800447289144456
        }
    },
    "M_Line220_2": {
        "0": {
            "p": 0.019955271085554394
        },
        "1": {
            "p": 0.9800447289144456
        }
    },
    "M_Line220_3": {
        "0": {
            "p": 0.019955271085554394
        },
        "1": {
            "p": 0.9800447289144456
        }
    },
    "M_Line220_4": {
        "0": {
            "p": 0.019955271085554394
        },
        "1": {
            "p": 0.9800447289144456
        }
    },
    "M_Line220_5": {
        "0": {
            "p": 0.019955271085554394
        },
        "1": {
            "p": 0.9800447289144456
        }
    },
    "M_Line220_6": {
        "0": {
            "p": 0.019955271085554394
        },
        "1": {
            "p": 0.9800447289144456
        }
    },
    "M_DS220_1": {
        "0": {
            "p": 0.005219021736531215
        },
        "1": {
            "p": 0.9947809782634688
        }
    },
    "M_DS220_2": {
        "0": {
            "p": 0.005219021736531215
        },
        "1": {
            "p": 0.9947809782634688
        }
    },
    "M_DS220_3": {
        "0": {
            "p": 0.005219021736531215
        },
        "1": {
            "p": 0.9947809782634688
        }
    },
    "M_DS220_4": {
        "0": {
            "p": 0.005219021736531215
        },
        "1": {
            "p": 0.9947809782634688
        }
    },
    "M_DS220_5": {
        "0": {
            "p": 0.005219021736531215
        },
        "1": {
            "p": 0.9947809782634688
        }
    },
    "M_DS220_6": {
        "0": {
            "p": 0.005219021736531215
        },
        "1": {
            "p": 0.9947809782634688
        }
    },
    "M_DS220_7": {
        "0": {
            "p": 0.005219021736531215
        },
        "1": {
            "p": 0.9947809782634688
        }
    },
    "M_DS220_8": {
        "0": {
            "p": 0.005219021736531215
        },
        "1": {
            "p": 0.9947809782634688
        }
    },
    "M_DS220_9": {
        "0": {
            "p": 0.005219021736531215
        },
        "1": {
            "p": 0.9947809782634688
        }
    },
    "M_DS220_10": {
        "0": {
            "p": 0.005219021736531215
        },
        "1": {
            "p": 0.9947809782634688
        }
    },
    "M_DS220_11": {
        "0": {
            "p": 0.005219021736531215
        },
        "1": {
            "p": 0.9947809782634688
        }
    },
    "M_DS220_12": {
        "0": {
            "p": 0.005219021736531215
        },
        "1": {
            "p": 0.9947809782634688
        }
    },
    "M_Bus220_1": {
        "0": {
            "p": 0.01701149178000816
        },
        "1": {
            "p": 0.9829885082199918
        }
    },
    "M_Bus220_2": {
        "0": {
            "p": 0.01701149178000816
        },
        "1": {
            "p": 0.9829885082199918
        }
    },
    "M_BC220_1": {
        "0": {
            "p": 0.018787697514338397
        },
        "1": {
            "p": 0.9812123024856616
        }
    },
    "M_BC220_2": {
        "0": {
            "p": 0.018787697514338397
        },
        "1": {
            "p": 0.9812123024856616
        }
    },
    "M_DS220_13": {
        "0": {
            "p": 0.005219021736531215
        },
        "1": {
            "p": 0.9947809782634688
        }
    },
    "M_DS220_14": {
        "0": {
            "p": 0.005219021736531215
        },
        "1": {
            "p": 0.9947809782634688
        }
    },
    "M_DS220_15": {
        "0": {
            "p": 0.005219021736531215
        },
        "1": {
            "p": 0.9947809782634688
        }
    },
    "M_DS220_16": {
        "0": {
            "p": 0.005219021736531215
        },
        "1": {
            "p": 0.9947809782634688
        }
    },
    "M_DS220_17": {
        "0": {
            "p": 0.005219021736531215
        },
        "1": {
            "p": 0.9947809782634688
        }
    },
    "M_DS220_18": {
        "0": {
            "p": 0.005219021736531215
        },
        "1": {
            "p": 0.9947809782634688
        }
    },
    "M_TF_1": {
        "0": {
            "p": 0.23526798378764824
        },
        "1": {
            "p": 0.7647320162123518
        }
    },
    "M_TF_2": {
        "0": {
            "p": 0.23526798378764824
        },
        "1": {
            "p": 0.7647320162123518
        }
    },
    "M_TF_3": {
        "0": {
            "p": 0.23526798378764824
        },
        "1": {
            "p": 0.7647320162123518
        }
    },
    "M_TF_4": {
        "0": {
            "p": 0.23526798378764824
        },
        "1": {
            "p": 0.7647320162123518
        }
    },
    "M_DS110_2": {
        "0": {
            "p": 0.08590936890656908
        },
        "1": {
            "p": 0.9140906310934309
        }
    },
    "M_DS110_3": {
        "0": {
            "p": 0.08590936890656908
        },
        "1": {
            "p": 0.9140906310934309
        }
    },
    "M_DS110_4": {
        "0": {
            "p": 0.08590936890656908
        },
        "1": {
            "p": 0.9140906310934309
        }
    },
    "M_DS110_5": {
        "0": {
            "p": 0.08590936890656908
        },
        "1": {
            "p": 0.9140906310934309
        }
    },
    "M_DS110_6": {
        "0": {
            "p": 0.08590936890656908
        },
        "1": {
            "p": 0.9140906310934309
        }
    },
    "M_Bus110_1": {
        "0": {
            "p": 0.008650773393719668
        },
        "1": {
            "p": 0.9913492266062803
        }
    },
    "M_Bus110_2": {
        "0": {
            "p": 0.008650773393719668
        },
        "1": {
            "p": 0.9913492266062803
        }
    },
    "M_BC110_1": {
        "0": {
            "p": 0.2718633192323291
        },
        "1": {
            "p": 0.7281366807676709
        }
    },
    "M_BC110_2": {
        "0": {
            "p": 0.2718633192323291
        },
        "1": {
            "p": 0.7281366807676709
        }
    },
    "M_DS110_7": {
        "0": {
            "p": 0.08590936890656908
        },
        "1": {
            "p": 0.9140906310934309
        }
    },
    "M_DS110_8": {
        "0": {
            "p": 0.08590936890656908
        },
        "1": {
            "p": 0.9140906310934309
        }
    },
    "M_DS110_9": {
        "0": {
            "p": 0.08590936890656908
        },
        "1": {
            "p": 0.9140906310934309
        }
    },
    "M_DS110_10": {
        "0": {
            "p": 0.08590936890656908
        },
        "1": {
            "p": 0.9140906310934309
        }
    },
    "M_DS110_11": {
        "0": {
            "p": 0.08590936890656908
        },
        "1": {
            "p": 0.9140906310934309
        }
    },
    "M_DS110_12": {
        "0": {
            "p": 0.08590936890656908
        },
        "1": {
            "p": 0.9140906310934309
        }
    },
    "M_DS110_13": {
        "0": {
            "p": 0.08590936890656908
        },
        "1": {
            "p": 0.9140906310934309
        }
    },
    "M_DS110_14": {
        "0": {
            "p": 0.08590936890656908
        },
        "1": {
            "p": 0.9140906310934309
        }
    },
    "M_DS110_15": {
        "0": {
            "p": 0.08590936890656908
        },
        "1": {
            "p": 0.9140906310934309
        }
    },
    "M_DS110_16": {
        "0": {
            "p": 0.08590936890656908
        },
        "1": {
            "p": 0.9140906310934309
        }
    },
    "M_DS110_17": {
        "0": {
            "p": 0.08590936890656908
        },
        "1": {
            "p": 0.9140906310934309
        }
    },
    "M_DS110_18": {
        "0": {
            "p": 0.08590936890656908
        },
        "1": {
            "p": 0.9140906310934309
        }
    },