{
    "M_Line220_1": {
        "0": {
            "p": 0.4303469929571089
        },
        "1": {
            "p": 0.5696530070428911
        }
    },
    "M_Line220_2": {
        "0": {
            "p": 0.4303469929571089
        },
        "1": {
            "p": 0.5696530070428911
        }
    },
    "M_Line220_3": {
        "0": {
            "p": 0.4303469929571089
        },
        "1": {
            "p": 0.5696530070428911
        }
    },
    "M_Line220_4": {
        "0": {
            "p": 0.4303469929571089
        },
        "1": {
            "p": 0.5696530070428911
        }
    },
    "M_Line220_5": {
        "0": {
            "p": 0.4303469929571089
        },
        "1": {
            "p": 0.5696530070428911
        }
    },
    "M_Line220_6": {
        "0": {
            "p": 0.4303469929571089
        },
        "1": {
            "p": 0.5696530070428911
        }
    },
    "M_DS220_1": {
        "0": {
            "p": 0.12057241579384681
        },
        "1": {
            "p": 0.8794275842061532
        }
    },
    "M_DS220_2": {
        "0": {
            "p": 0.12057241579384681
        },
        "1": {
            "p": 0.8794275842061532
        }
    },
    "M_DS220_3": {
        "0": {
            "p": 0.12057241579384681
        },
        "1": {
            "p": 0.8794275842061532
        }
    },
    "M_DS220_4": {
        "0": {
            "p": 0.12057241579384681
        },
        "1": {
            "p": 0.8794275842061532
        }
    },
    "M_DS220_5": {
        "0": {
            "p": 0.12057241579384681
        },
        "1": {
            "p": 0.8794275842061532
        }
    },
    "M_DS220_6": {
        "0": {
            "p": 0.12057241579384681
        },
        "1": {
            "p": 0.8794275842061532
        }
    },
    "M_DS220_7": {
        "0": {
            "p": 0.12057241579384681
        },
        "1": {
            "p": 0.8794275842061532
        }
    },
    "M_DS220_8": {
        "0": {
            "p": 0.12057241579384681
        },
        "1": {
            "p": 0.8794275842061532
        }
    },
    "M_DS220_9": {
        "0": {
            "p": 0.12057241579384681
        },
        "1": {
            "p": 0.8794275842061532
        }
    },
    "M_DS220_10": {
        "0": {
            "p": 0.12057241579384681
        },
        "1": {
            "p": 0.8794275842061532
        }
    },
    "M_DS220_11": {
        "0": {
            "p": 0.12057241579384681
        },
        "1": {
            "p": 0.8794275842061532
        }
    },
    "M_DS220_12": {
        "0": {
            "p": 0.12057241579384681
        },
        "1": {
            "p": 0.8794275842061532
        }
    },
    "M_Bus220_1": {
        "0": {
            "p": 0.23334001519491243
        },
        "1": {
            "p": 0.7666599848050876
        }
    },
    "M_Bus220_2": {
        "0": {
            "p": 0.23334001519491243
        },
        "1": {
            "p": 0.7666599848050876
        }
    },
    "M_BC220_1": {
        "0": {
            "p": 0.4516157739530182
        },
        "1": {
            "p": 0.5483842260469818
        }
    },
    "M_BC220_2": {
        "0": {
            "p": 0.4516157739530182
        },
        "1": {
            "p": 0.5483842260469818
        }
    },
    "M_DS220_13": {
        "0": {
            "p": 0.12057241579384681
        },
        "1": {
            "p": 0.8794275842061532
        }
    },
    "M_DS220_14": {
        "0": {
            "p": 0.12057241579384681
        },
        "1": {
            "p": 0.8794275842061532
        }
    },
    "M_DS220_15": {
        "0": {
            "p": 0.12057241579384681
        },
        "1": {
            "p": 0.8794275842061532
        }
    },
    "M_DS220_16": {
        "0": {
            "p": 0.12057241579384681
        },
        "1": {
            "p": 0.8794275842061532
        }
    },
    "M_DS220_17": {
        "0": {
            "p": 0.12057241579384681
        },
        "1": {
            "p": 0.8794275842061532
        }
    },
    "M_DS220_18": {
        "0": {
            "p": 0.12057241579384681
        },
        "1": {
            "p": 0.8794275842061532
        }
    },
    "M_TF_1": {
        "0": {
            "p": 0.75058743366467
        },
        "1": {
            "p": 0.24941256633533007
        }
    },
    "M_TF_2": {
        "0": {
            "p": 0.75058743366467
        },
        "1": {
            "p": 0.24941256633533007
        }
    },
    "M_TF_3": {
        "0": {
            "p": 0.75058743366467
        },
        "1": {
            "p": 0.24941256633533007
        }
    },
    "M_TF_4": {
        "0": {
            "p": 0.75058743366467
        },
        "1": {
            "p": 0.24941256633533007
        }
    },
    "M_DS110_2": {
        "0": {
            "p": 0.25944415782467034
        },
        "1": {
            "p": 0.7405558421753297
        }
    },
    "M_DS110_3": {
        "0": {
            "p": 0.25944415782467034
        },
        "1": {
            "p": 0.7405558421753297
        }
    },
    "M_DS110_4": {
        "0": {
            "p": 0.25944415782467034
        },
        "1": {
            "p": 0.7405558421753297
        }
    },
    "M_DS110_5": {
        "0": {
            "p": 0.25944415782467034
        },
        "1": {
            "p": 0.7405558421753297
        }
    },
    "M_DS110_6": {
        "0": {
            "p": 0.25944415782467034
        },
        "1": {
            "p": 0.7405558421753297
        }
    },
    "M_Bus110_1": {
        "0": {
            "p": 0.1626245036672035
        },
        "1": {
            "p": 0.8373754963327965
        }
    },
    "M_Bus110_2": {
        "0": {
            "p": 0.1626245036672035
        },
        "1": {
            "p": 0.8373754963327965
        }
    },
    "M_BC110_1": {
        "0": {
            "p": 0.6658445230199831
        },
        "1": {
            "p": 0.3341554769800169
        }
    },
    "M_BC110_2": {
        "0": {
            "p": 0.6658445230199831
        },
        "1": {
            "p": 0.3341554769800169
        }
    },
    "M_DS110_7": {
        "0": {
            "p": 0.25944415782467034
        },
        "1": {
            "p": 0.7405558421753297
        }
    },
    "M_DS110_8": {
        "0": {
            "p": 0.25944415782467034
        },
        "1": {
            "p": 0.7405558421753297
        }
    },
    "M_DS110_9": {
        "0": {
            "p": 0.25944415782467034
        },
        "1": {
            "p": 0.7405558421753297
        }
    },
    "M_DS110_10": {
        "0": {
            "p": 0.25944415782467034
        },
        "1": {
            "p": 0.7405558421753297
        }
    },
    "M_DS110_11": {
        "0": {
            "p": 0.25944415782467034
        },
        "1": {
            "p": 0.7405558421753297
        }
    },
    "M_DS110_12": {
        "0": {
            "p": 0.25944415782467034
        },
        "1": {
            "p": 0.7405558421753297
        }
    },
    "M_DS110_13": {
        "0": {
            "p": 0.25944415782467034
        },
        "1": {
            "p": 0.7405558421753297
        }
    },
    "M_DS110_14": {
        "0": {
            "p": 0.25944415782467034
        },
        "1": {
            "p": 0.7405558421753297
        }
    },
    "M_DS110_15": {
        "0": {
            "p": 0.25944415782467034
        },
        "1": {
            "p": 0.7405558421753297
        }
    },
    "M_DS110_16": {
        "0": {
            "p": 0.25944415782467034
        },
        "1": {
            "p": 0.7405558421753297
        }
    },
    "M_DS110_17": {
        "0": {
            "p": 0.25944415782467034
        },
        "1": {
            "p": 0.7405558421753297
        }
    },
    "M_DS110_18": {
        "0": {
            "p": 0.25944415782467034
        },
        "1": {
            "p": 0.7405558421753297
        }
    },