{
    "M_Line220_1": {
        "0": {
            "p": 0.9994148995956852
        },
        "1": {
            "p": 0.0005851004043148326
        }
    },
    "M_Line220_2": {
        "0": {
            "p": 0.9994148995956852
        },
        "1": {
            "p": 0.0005851004043148326
        }
    },
    "M_Line220_3": {
        "0": {
            "p": 0.9994148995956852
        },
        "1": {
            "p": 0.0005851004043148326
        }
    },
    "M_Line220_4": {
        "0": {
            "p": 0.9994148995956852
        },
        "1": {
            "p": 0.0005851004043148326
        }
    },
    "M_Line220_5": {
        "0": {
            "p": 0.9994148995956852
        },
        "1": {
            "p": 0.0005851004043148326
        }
    },
    "M_Line220_6": {
        "0": {
            "p": 0.9994148995956852
        },
        "1": {
            "p": 0.0005851004043148326
        }
    },
    "M_DS220_1": {
        "0": {
            "p": 0.7951033725683987
        },
        "1": {
            "p": 0.20489662743160128
        }
    },
    "M_DS220_2": {
        "0": {
            "p": 0.7951033725683987
        },
        "1": {
            "p": 0.20489662743160128
        }
    },
    "M_DS220_3": {
        "0": {
            "p": 0.7951033725683987
        },
        "1": {
            "p": 0.20489662743160128
        }
    },
    "M_DS220_4": {
        "0": {
            "p": 0.7951033725683987
        },
        "1": {
            "p": 0.20489662743160128
        }
    },
    "M_DS220_5": {
        "0": {
            "p": 0.7951033725683987
        },
        "1": {
            "p": 0.20489662743160128
        }
    },
    "M_DS220_6": {
        "0": {
            "p": 0.7951033725683987
        },
        "1": {
            "p": 0.20489662743160128
        }
    },
    "M_DS220_7": {
        "0": {
            "p": 0.7951033725683987
        },
        "1": {
            "p": 0.20489662743160128
        }
    },
    "M_DS220_8": {
        "0": {
            "p": 0.7951033725683987
        },
        "1": {
            "p": 0.20489662743160128
        }
    },
    "M_DS220_9": {
        "0": {
            "p": 0.7951033725683987
        },
        "1": {
            "p": 0.20489662743160128
        }
    },
    "M_DS220_10": {
        "0": {
            "p": 0.7951033725683987
        },
        "1": {
            "p": 0.20489662743160128
        }
    },
    "M_DS220_11": {
        "0": {
            "p": 0.7951033725683987
        },
        "1": {
            "p": 0.20489662743160128
        }
    },
    "M_DS220_12": {
        "0": {
            "p": 0.7951033725683987
        },
        "1": {
            "p": 0.20489662743160128
        }
    },
    "M_Bus220_1": {
        "0": {
            "p": 0.9462965617233681
        },
        "1": {
            "p": 0.05370343827663199
        }
    },
    "M_Bus220_2": {
        "0": {
            "p": 0.9462965617233681
        },
        "1": {
            "p": 0.05370343827663199
        }
    },
    "M_BC220_1": {
        "0": {
            "p": 0.9997492095625762
        },
        "1": {
            "p": 0.00025079043742381546
        }
    },
    "M_BC220_2": {
        "0": {
            "p": 0.9997492095625762
        },
        "1": {
            "p": 0.00025079043742381546
        }
    },
    "M_DS220_13": {
        "0": {
            "p": 0.7951033725683987
        },
        "1": {
            "p": 0.20489662743160128
        }
    },
    "M_DS220_14": {
        "0": {
            "p": 0.7951033725683987
        },
        "1": {
            "p": 0.20489662743160128
        }
    },
    "M_DS220_15": {
        "0": {
            "p": 0.7951033725683987
        },
        "1": {
            "p": 0.20489662743160128
        }
    },
    "M_DS220_16": {
        "0": {
            "p": 0.7951033725683987
        },
        "1": {
            "p": 0.20489662743160128
        }
    },
    "M_DS220_17": {
        "0": {
            "p": 0.7951033725683987
        },
        "1": {
            "p": 0.20489662743160128
        }
    },
    "M_DS220_18": {
        "0": {
            "p": 0.7951033725683987
        },
        "1": {
            "p": 0.20489662743160128
        }
    },
    "M_TF_1": {
        "0": {
            "p": 0.999954249907168
        },
        "1": {
            "p": 4.575009283206838e-05
        }
    },
    "M_TF_2": {
        "0": {
            "p": 0.999954249907168
        },
        "1": {
            "p": 4.575009283206838e-05
        }
    },
    "M_TF_3": {
        "0": {
            "p": 0.999954249907168
        },
        "1": {
            "p": 4.575009283206838e-05
        }
    },
    "M_TF_4": {
        "0": {
            "p": 0.999954249907168
        },
        "1": {
            "p": 4.575009283206838e-05
        }
    },
    "M_DS110_2": {
        "0": {
            "p": 0.6286384055077393
        },
        "1": {
            "p": 0.3713615944922607
        }
    },
    "M_DS110_3": {
        "0": {
            "p": 0.6286384055077393
        },
        "1": {
            "p": 0.3713615944922607
        }
    },
    "M_DS110_4": {
        "0": {
            "p": 0.6286384055077393
        },
        "1": {
            "p": 0.3713615944922607
        }
    },
    "M_DS110_5": {
        "0": {
            "p": 0.6286384055077393
        },
        "1": {
            "p": 0.3713615944922607
        }
    },
    "M_DS110_6": {
        "0": {
            "p": 0.6286384055077393
        },
        "1": {
            "p": 0.3713615944922607
        }
    },
    "M_Bus110_1": {
        "0": {
            "p": 0.9265633329709719
        },
        "1": {
            "p": 0.07343666702902804
        }
    },
    "M_Bus110_2": {
        "0": {
            "p": 0.9265633329709719
        },
        "1": {
            "p": 0.07343666702902804
        }
    },
    "M_BC110_1": {
        "0": {
            "p": 0.9774551587446193
        },
        "1": {
            "p": 0.02254484125538066
        }
    },
    "M_BC110_2": {
        "0": {
            "p": 0.9774551587446193
        },
        "1": {
            "p": 0.02254484125538066
        }
    },
    "M_DS110_7": {
        "0": {
            "p": 0.6286384055077393
        },
        "1": {
            "p": 0.3713615944922607
        }
    },
    "M_DS110_8": {
        "0": {
            "p": 0.6286384055077393
        },
        "1": {
            "p": 0.3713615944922607
        }
    },
    "M_DS110_9": {
        "0": {
            "p": 0.6286384055077393
        },
        "1": {
            "p": 0.3713615944922607
        }
    },
    "M_DS110_10": {
        "0": {
            "p": 0.6286384055077393
        },
        "1": {
            "p": 0.3713615944922607
        }
    },
    "M_DS110_11": {
        "0": {
            "p": 0.6286384055077393
        },
        "1": {
            "p": 0.3713615944922607
        }
    },
    "M_DS110_12": {
        "0": {
            "p": 0.6286384055077393
        },
        "1": {
            "p": 0.3713615944922607
        }
    },
    "M_DS110_13": {
        "0": {
            "p": 0.6286384055077393
        },
        "1": {
            "p": 0.3713615944922607
        }
    },
    "M_DS110_14": {
        "0": {
            "p": 0.6286384055077393
        },
        "1": {
            "p": 0.3713615944922607
        }
    },
    "M_DS110_15": {
        "0": {
            "p": 0.6286384055077393
        },
        "1": {
            "p": 0.3713615944922607
        }
    },
    "M_DS110_16": {
        "0": {
            "p": 0.6286384055077393
        },
        "1": {
            "p": 0.3713615944922607
        }
    },
    "M_DS110_17": {
        "0": {
            "p": 0.6286384055077393
        },
        "1": {
            "p": 0.3713615944922607
        }
    },
    "M_DS110_18": {
        "0": {
            "p": 0.6286384055077393
        },
        "1": {
            "p": 0.3713615944922607
        }
    },