{
    "M_Line220_1": {
        "0": {
            "p": 0.9414848678556711
        },
        "1": {
            "p": 0.05851513214432896
        }
    },
    "M_Line220_2": {
        "0": {
            "p": 0.9414848678556711
        },
        "1": {
            "p": 0.05851513214432896
        }
    },
    "M_Line220_3": {
        "0": {
            "p": 0.9414848678556711
        },
        "1": {
            "p": 0.05851513214432896
        }
    },
    "M_Line220_4": {
        "0": {
            "p": 0.9414848678556711
        },
        "1": {
            "p": 0.05851513214432896
        }
    },
    "M_Line220_5": {
        "0": {
            "p": 0.9414848678556711
        },
        "1": {
            "p": 0.05851513214432896
        }
    },
    "M_Line220_6": {
        "0": {
            "p": 0.9414848678556711
        },
        "1": {
            "p": 0.05851513214432896
        }
    },
    "M_DS220_1": {
        "0": {
            "p": 0.4660155452077611
        },
        "1": {
            "p": 0.5339844547922389
        }
    },
    "M_DS220_2": {
        "0": {
            "p": 0.4660155452077611
        },
        "1": {
            "p": 0.5339844547922389
        }
    },
    "M_DS220_3": {
        "0": {
            "p": 0.4660155452077611
        },
        "1": {
            "p": 0.5339844547922389
        }
    },
    "M_DS220_4": {
        "0": {
            "p": 0.4660155452077611
        },
        "1": {
            "p": 0.5339844547922389
        }
    },
    "M_DS220_5": {
        "0": {
            "p": 0.4660155452077611
        },
        "1": {
            "p": 0.5339844547922389
        }
    },
    "M_DS220_6": {
        "0": {
            "p": 0.4660155452077611
        },
        "1": {
            "p": 0.5339844547922389
        }
    },
    "M_DS220_7": {
        "0": {
            "p": 0.4660155452077611
        },
        "1": {
            "p": 0.5339844547922389
        }
    },
    "M_DS220_8": {
        "0": {
            "p": 0.4660155452077611
        },
        "1": {
            "p": 0.5339844547922389
        }
    },
    "M_DS220_9": {
        "0": {
            "p": 0.4660155452077611
        },
        "1": {
            "p": 0.5339844547922389
        }
    },
    "M_DS220_10": {
        "0": {
            "p": 0.4660155452077611
        },
        "1": {
            "p": 0.5339844547922389
        }
    },
    "M_DS220_11": {
        "0": {
            "p": 0.4660155452077611
        },
        "1": {
            "p": 0.5339844547922389
        }
    },
    "M_DS220_12": {
        "0": {
            "p": 0.4660155452077611
        },
        "1": {
            "p": 0.5339844547922389
        }
    },
    "M_Bus220_1": {
        "0": {
            "p": 0.6874500208187535
        },
        "1": {
            "p": 0.31254997918124655
        }
    },
    "M_Bus220_2": {
        "0": {
            "p": 0.6874500208187535
        },
        "1": {
            "p": 0.31254997918124655
        }
    },
    "M_BC220_1": {
        "0": {
            "p": 0.9562124640737916
        },
        "1": {
            "p": 0.04378753592620838
        }
    },
    "M_BC220_2": {
        "0": {
            "p": 0.9562124640737916
        },
        "1": {
            "p": 0.04378753592620838
        }
    },
    "M_DS220_13": {
        "0": {
            "p": 0.4660155452077611
        },
        "1": {
            "p": 0.5339844547922389
        }
    },
    "M_DS220_14": {
        "0": {
            "p": 0.4660155452077611
        },
        "1": {
            "p": 0.5339844547922389
        }
    },
    "M_DS220_15": {
        "0": {
            "p": 0.4660155452077611
        },
        "1": {
            "p": 0.5339844547922389
        }
    },
    "M_DS220_16": {
        "0": {
            "p": 0.4660155452077611
        },
        "1": {
            "p": 0.5339844547922389
        }
    },
    "M_DS220_17": {
        "0": {
            "p": 0.4660155452077611
        },
        "1": {
            "p": 0.5339844547922389
        }
    },
    "M_DS220_18": {
        "0": {
            "p": 0.4660155452077611
        },
        "1": {
            "p": 0.5339844547922389
        }
    },
    "M_TF_1": {
        "0": {
            "p": 0.9884797991083986
        },
        "1": {
            "p": 0.011520200891601487
        }
    },
    "M_TF_2": {
        "0": {
            "p": 0.9884797991083986
        },
        "1": {
            "p": 0.011520200891601487
        }
    },
    "M_TF_3": {
        "0": {
            "p": 0.9884797991083986
        },
        "1": {
            "p": 0.011520200891601487
        }
    },
    "M_TF_4": {
        "0": {
            "p": 0.9884797991083986
        },
        "1": {
            "p": 0.011520200891601487
        }
    },
    "M_DS110_2": {
        "0": {
            "p": 0.45783817434061114
        },
        "1": {
            "p": 0.5421618256593889
        }
    },
    "M_DS110_3": {
        "0": {
            "p": 0.45783817434061114
        },
        "1": {
            "p": 0.5421618256593889
        }
    },
    "M_DS110_4": {
        "0": {
            "p": 0.45783817434061114
        },
        "1": {
            "p": 0.5421618256593889
        }
    },
    "M_DS110_5": {
        "0": {
            "p": 0.45783817434061114
        },
        "1": {
            "p": 0.5421618256593889
        }
    },
    "M_DS110_6": {
        "0": {
            "p": 0.45783817434061114
        },
        "1": {
            "p": 0.5421618256593889
        }
    },
    "M_Bus110_1": {
        "0": {
            "p": 0.603820087616707
        },
        "1": {
            "p": 0.3961799123832929
        }
    },
    "M_Bus110_2": {
        "0": {
            "p": 0.603820087616707
        },
        "1": {
            "p": 0.3961799123832929
        }
    },
    "M_BC110_1": {
        "0": {
            "p": 0.8992644435361596
        },
        "1": {
            "p": 0.10073555646384036
        }
    },
    "M_BC110_2": {
        "0": {
            "p": 0.8992644435361596
        },
        "1": {
            "p": 0.10073555646384036
        }
    },
    "M_DS110_7": {
        "0": {
            "p": 0.45783817434061114
        },
        "1": {
            "p": 0.5421618256593889
        }
    },
    "M_DS110_8": {
        "0": {
            "p": 0.45783817434061114
        },
        "1": {
            "p": 0.5421618256593889
        }
    },
    "M_DS110_9": {
        "0": {
            "p": 0.45783817434061114
        },
        "1": {
            "p": 0.5421618256593889
        }
    },
    "M_DS110_10": {
        "0": {
            "p": 0.45783817434061114
        },
        "1": {
            "p": 0.5421618256593889
        }
    },
    "M_DS110_11": {
        "0": {
            "p": 0.45783817434061114
        },
        "1": {
            "p": 0.5421618256593889
        }
    },
    "M_DS110_12": {
        "0": {
            "p": 0.45783817434061114
        },
        "1": {
            "p": 0.5421618256593889
        }
    },
    "M_DS110_13": {
        "0": {
            "p": 0.45783817434061114
        },
        "1": {
            "p": 0.5421618256593889
        }
    },
    "M_DS110_14": {
        "0": {
            "p": 0.45783817434061114
        },
        "1": {
            "p": 0.5421618256593889
        }
    },
    "M_DS110_15": {
        "0": {
            "p": 0.45783817434061114
        },
        "1": {
            "p": 0.5421618256593889
        }
    },
    "M_DS110_16": {
        "0": {
            "p": 0.45783817434061114
        },
        "1": {
            "p": 0.5421618256593889
        }
    },
    "M_DS110_17": {
        "0": {
            "p": 0.45783817434061114
        },
        "1": {
            "p": 0.5421618256593889
        }
    },
    "M_DS110_18": {
        "0": {
            "p": 0.45783817434061114
        },
        "1": {
            "p": 0.5421618256593889
        }
    },