{
    "M_Line220_1": {
        "0": {
            "p": 5.871211421593081e-06
        },
        "1": {
            "p": 0.9999941287885784
        }
    },
    "M_Line220_2": {
        "0": {
            "p": 5.871211421593081e-06
        },
        "1": {
            "p": 0.9999941287885784
        }
    },
    "M_Line220_3": {
        "0": {
            "p": 5.871211421593081e-06
        },
        "1": {
            "p": 0.9999941287885784
        }
    },
    "M_Line220_4": {
        "0": {
            "p": 5.871211421593081e-06
        },
        "1": {
            "p": 0.9999941287885784
        }
    },
    "M_Line220_5": {
        "0": {
            "p": 5.871211421593081e-06
        },
        "1": {
            "p": 0.9999941287885784
        }
    },
    "M_Line220_6": {
        "0": {
            "p": 5.871211421593081e-06
        },
        "1": {
            "p": 0.9999941287885784
        }
    },
    "M_DS220_1": {
        "0": {
            "p": 1.057414074967511e-06
        },
        "1": {
            "p": 0.999998942585925
        }
    },
    "M_DS220_2": {
        "0": {
            "p": 1.057414074967511e-06
        },
        "1": {
            "p": 0.999998942585925
        }
    },
    "M_DS220_3": {
        "0": {
            "p": 1.057414074967511e-06
        },
        "1": {
            "p": 0.999998942585925
        }
    },
    "M_DS220_4": {
        "0": {
            "p": 1.057414074967511e-06
        },
        "1": {
            "p": 0.999998942585925
        }
    },
    "M_DS220_5": {
        "0": {
            "p": 1.057414074967511e-06
        },
        "1": {
            "p": 0.999998942585925
        }
    },
    "M_DS220_6": {
        "0": {
            "p": 1.057414074967511e-06
        },
        "1": {
            "p": 0.999998942585925
        }
    },
    "M_DS220_7": {
        "0": {
            "p": 1.057414074967511e-06
        },
        "1": {
            "p": 0.999998942585925
        }
    },
    "M_DS220_8": {
        "0": {
            "p": 1.057414074967511e-06
        },
        "1": {
            "p": 0.999998942585925
        }
    },
    "M_DS220_9": {
        "0": {
            "p": 1.057414074967511e-06
        },
        "1": {
            "p": 0.999998942585925
        }
    },
    "M_DS220_10": {
        "0": {
            "p": 1.057414074967511e-06
        },
        "1": {
            "p": 0.999998942585925
        }
    },
    "M_DS220_11": {
        "0": {
            "p": 1.057414074967511e-06
        },
        "1": {
            "p": 0.999998942585925
        }
    },
    "M_DS220_12": {
        "0": {
            "p": 1.057414074967511e-06
        },
        "1": {
            "p": 0.999998942585925
        }
    },
    "M_Bus220_1": {
        "0": {
            "p": 2.16116559446089e-05
        },
        "1": {
            "p": 0.9999783883440554
        }
    },
    "M_Bus220_2": {
        "0": {
            "p": 2.16116559446089e-05
        },
        "1": {
            "p": 0.9999783883440554
        }
    },
    "M_BC220_1": {
        "0": {
            "p": 1.8674311135224997e-06
        },
        "1": {
            "p": 0.9999981325688865
        }
    },
    "M_BC220_2": {
        "0": {
            "p": 1.8674311135224997e-06
        },
        "1": {
            "p": 0.9999981325688865
        }
    },
    "M_DS220_13": {
        "0": {
            "p": 1.057414074967511e-06
        },
        "1": {
            "p": 0.999998942585925
        }
    },
    "M_DS220_14": {
        "0": {
            "p": 1.057414074967511e-06
        },
        "1": {
            "p": 0.999998942585925
        }
    },
    "M_DS220_15": {
        "0": {
            "p": 1.057414074967511e-06
        },
        "1": {
            "p": 0.999998942585925
        }
    },
    "M_DS220_16": {
        "0": {
            "p": 1.057414074967511e-06
        },
        "1": {
            "p": 0.999998942585925
        }
    },
    "M_DS220_17": {
        "0": {
            "p": 1.057414074967511e-06
        },
        "1": {
            "p": 0.999998942585925
        }
    },
    "M_DS220_18": {
        "0": {
            "p": 1.057414074967511e-06
        },
        "1": {
            "p": 0.999998942585925
        }
    },
    "M_TF_1": {
        "0": {
            "p": 0.015357395453754807
        },
        "1": {
            "p": 0.9846426045462452
        }
    },
    "M_TF_2": {
        "0": {
            "p": 0.015357395453754807
        },
        "1": {
            "p": 0.9846426045462452
        }
    },
    "M_TF_3": {
        "0": {
            "p": 0.015357395453754807
        },
        "1": {
            "p": 0.9846426045462452
        }
    },
    "M_TF_4": {
        "0": {
            "p": 0.015357395453754807
        },
        "1": {
            "p": 0.9846426045462452
        }
    },
    "M_DS110_2": {
        "0": {
            "p": 0.005982873223362883
        },
        "1": {
            "p": 0.9940171267766371
        }
    },
    "M_DS110_3": {
        "0": {
            "p": 0.005982873223362883
        },
        "1": {
            "p": 0.9940171267766371
        }
    },
    "M_DS110_4": {
        "0": {
            "p": 0.005982873223362883
        },
        "1": {
            "p": 0.9940171267766371
        }
    },
    "M_DS110_5": {
        "0": {
            "p": 0.005982873223362883
        },
        "1": {
            "p": 0.9940171267766371
        }
    },
    "M_DS110_6": {
        "0": {
            "p": 0.005982873223362883
        },
        "1": {
            "p": 0.9940171267766371
        }
    },
    "M_Bus110_1": {
        "0": {
            "p": 6.643278334994562e-06
        },
        "1": {
            "p": 0.999993356721665
        }
    },
    "M_Bus110_2": {
        "0": {
            "p": 6.643278334994562e-06
        },
        "1": {
            "p": 0.999993356721665
        }
    },
    "M_BC110_1": {
        "0": {
            "p": 0.02049988769481592
        },
        "1": {
            "p": 0.9795001123051841
        }
    },
    "M_BC110_2": {
        "0": {
            "p": 0.02049988769481592
        },
        "1": {
            "p": 0.9795001123051841
        }
    },
    "M_DS110_7": {
        "0": {
            "p": 0.005982873223362883
        },
        "1": {
            "p": 0.9940171267766371
        }
    },
    "M_DS110_8": {
        "0": {
            "p": 0.005982873223362883
        },
        "1": {
            "p": 0.9940171267766371
        }
    },
    "M_DS110_9": {
        "0": {
            "p": 0.005982873223362883
        },
        "1": {
            "p": 0.9940171267766371
        }
    },
    "M_DS110_10": {
        "0": {
            "p": 0.005982873223362883
        },
        "1": {
            "p": 0.9940171267766371
        }
    },
    "M_DS110_11": {
        "0": {
            "p": 0.005982873223362883
        },
        "1": {
            "p": 0.9940171267766371
        }
    },
    "M_DS110_12": {
        "0": {
            "p": 0.005982873223362883
        },
        "1": {
            "p": 0.9940171267766371
        }
    },
    "M_DS110_13": {
        "0": {
            "p": 0.005982873223362883
        },
        "1": {
            "p": 0.9940171267766371
        }
    },
    "M_DS110_14": {
        "0": {
            "p": 0.005982873223362883
        },
        "1": {
            "p": 0.9940171267766371
        }
    },
    "M_DS110_15": {
        "0": {
            "p": 0.005982873223362883
        },
        "1": {
            "p": 0.9940171267766371
        }
    },
    "M_DS110_16": {
        "0": {
            "p": 0.005982873223362883
        },
        "1": {
            "p": 0.9940171267766371
        }
    },
    "M_DS110_17": {
        "0": {
            "p": 0.005982873223362883
        },
        "1": {
            "p": 0.9940171267766371
        }
    },
    "M_DS110_18": {
        "0": {
            "p": 0.005982873223362883
        },