{
    "x1": 0.0011387999999999954,
    "x2": 0.000942499999999985,
    "x3": 0,
    "x4": 0,
    "x5": 0,
    "x6": 3.8399999999993994e-05,
    "x7": 0,
    "x8": 0,
    "x9": 0,
    "x10": 0,
    "x11": 0,
    "x12": 0,
    "x13": 0,
    "x14": 0,
    "x15": 0,
    "x16": 0,
    "x17": 0,
    "x18": 4.4399999999999995e-05,
    "x19": 0,
    "x20": 0,
    "x21": 0,
    "x22": 0,
    "x23": 0,
    "x24": 0,
    "x25": 0,
    "x26": 0,
    "x27": 6.069999999999687e-05,
    "x28": 0.001784800000000003,
    "x29": 0.004031599999999996,
    "x30": 0.024515999999999982,
    "x31": 0.0014238000000000028,
    "x32": 0.0011789999999999856,
    "x33": 0.024273199999999995,
    "x34": 0,
    "x35": 0.02424079999999998,
    "x36": 0,
    "x37": 0,
    "x38": 0,
    "x39": 0,
    "x40": 0,
    "x41": 6.0000000000060005e-06,
    "x42": 4.1199999999991244e-05,
    "x43": 0,
    "x44": 0,
    "x45": 0,
    "x46": 0.024161899999999986,
    "x47": 0,
    "x48": 0,
    "x49": 0,
    "x50": 0,
    "x51": 0,
    "x52": 0,
    "x53": 0.00020519999999998872,
    "x54": 0,
    "x55": 0,
    "x56": 0,
    "x57": 0,
    "x58": 0,
    "x59": 0,
    "x60": 0,
    "x61": 0.024420599999999987,
    "x62": 0.0014647999999999883,
    "x63": 0,
    "x64": 0.0015522000000000036,
    "x65": 0,
    "x66": 0.0014221999999999846,
    "x67": 0,
    "x68": 0,
    "x69": 0,
    "x70": 0,
    "x71": 7.129999999999637e-05,
    "x72": 0,
    "x73": 0,
    "x74": 0,
    "x75": 0,
    "x76": 0,
    "x77": 0.00019520000000000648,
    "x78": 0,
    "x79": 0,
    "x80": 0,
    "x81": 0,
    "x82": 0.0014435999999999893,
    "x83": 0.004151999999999989,
    "x84": 0.0017356000000000038,
    "x85": 0.001472199999999979,
    "x86": 0.0044147999999999965,
    "x87": 0.024443799999999988
}